company,location,total_laid_off,date,percentage_laid_off,industry,stage,funds_raised,country,date_added
The Trade Desk,Los Angeles,585,9/3/2026,0.15,Marketing,Post-IPO,257,United States,9/4/2026
Hale,"Berlin, Non-U.S.",,9/3/2026,1,Healthcare,Seed,1,Germany,9/4/2026
Zscaler,SF Bay Area,,9/3/2026,0.03,Security,Post-IPO,148,United States,9/4/2026
Uber,SF Bay Area,3300,9/2/2026,0.1,Transportation,Post-IPO,25200,United States,9/2/2026
PayPal,"Bengaluru, Non-U.S.",1675,9/2/2026,,Finance,Post-IPO,216,India,9/2/2026
Bizzabo,New York City,,9/2/2026,,Marketing,Series E,194,United States,9/4/2026
Wonder,New York City,150,9/1/2026,0.07,Food,Series B,850,United States,9/4/2026
Amazon,SF Bay Area,148,9/1/2026,,Retail,Post-IPO,8100,United States,9/2/2026
Synopsys,SF Bay Area,128,9/1/2026,,Other,Post-IPO,,United States,9/2/2026
Zomato,"Hyderabad, Non-U.S.",250,8/31/2026,,Food,Series J,914,India,8/31/2026
PayPal,"Dublin, Non-U.S.",164,8/31/2026,,Finance,Post-IPO,216,Ireland,8/31/2026
Amazon,Seattle,121,8/31/2026,,Retail,Post-IPO,8100,United States,8/31/2026
Satvacart,"Gurugram, Non-U.S.",,8/31/2026,1,Food,Seed,2,India,8/31/2026
Even Healthcare,"Bengaluru, Non-U.S.",350,8/27/2026,0.3,Healthcare,Series A,91,India,8/28/2026
MonieWorld,"Lagos, Non-U.S.",,8/26/2026,1,Finance,Unknown,,Nigeria,8/28/2026
PagerDuty,SF Bay Area,,8/26/2026,0.15,Product,Post-IPO,173,United States,8/28/2026
Laybuy,"Tel Aviv, Non-U.S.",,8/24/2026,1,Security,Seed,51,Israel,8/26/2026
SanDisk,"Tel Aviv, Non-U.S.",,8/24/2026,,Hardware,Post-IPO,713,Israel,8/26/2026
Wi-Charge,"Tel Aviv, Non-U.S.",,8/23/2026,1,Manufacturing,Series C,87,Israel,8/26/2026
Apple,SF Bay Area,200,8/21/2026,,Hardware,Post-IPO,1200,United States,8/21/2026
Motive,SF Bay Area,251,8/19/2026,0.05,Transportation,Series F,567,United States,8/20/2026
Qualtrics,Salt Lake City,117,8/19/2026,,Other,Acquired,400,United States,8/20/2026
Tiktok,Los Angeles,75,8/19/2026,,Consumer,Acquired,,United States,8/20/2026
Vast,Los Angeles,46,8/19/2026,0.04,Aerospace,Series A,650,United States,8/21/2026
BlocPower,New York City,,8/19/2026,1,Energy,Unknown,268,United States,8/20/2026
Pentera,Boston,60,8/17/2026,0.14,Security,Series D,249,United States,8/18/2026
Relay,SF Bay Area,,8/17/2026,1,Other,Seed,8,United States,8/18/2026
Anaconda,Austin,,8/13/2026,0.14,Data,Series C,233,United States,8/18/2026
Netflix,SF Bay Area,,8/13/2026,,Media,Post-IPO,121900,United States,8/18/2026
Bitwise,SF Bay Area,25,8/12/2026,0.14,Crypto,Unknown,154,United States,8/13/2026
Convictional,"Waterloo, Non-U.S.",,8/12/2026,1,Other,Series B,49,Canada,8/13/2026
LinkedIn,"Tel Aviv, Non-U.S.",50,8/11/2026,,Recruiting,Acquired,154,Israel,8/12/2026
Rapid7,Boston,313,8/10/2026,0.12,Security,Post-IPO,89,United States,8/11/2026
N-able Technologies,"Toronto, Non-U.S.",120,8/10/2026,0.06,Other,Post-IPO,225,Canada,8/21/2026
Validient,"Sydney, Non-U.S.",,8/10/2026,1,Other,Unknown,,Australia,8/11/2026
ClimateAI,SF Bay Area,,8/8/2026,1,Other,Series B,38,United States,8/11/2026
Salesforce,SF Bay Area,133,8/7/2026,,Sales,Post-IPO,65,United States,8/11/2026
VideoAmp,Los Angeles,50,8/7/2026,0.2,Marketing,Series F,456,United States,8/7/2026
TikTok,Nashville,250,8/6/2026,,Consumer,Acquired,,United States,8/6/2026
Infineon,"Munich, Non-U.S.",98,8/6/2026,,Manufacturing,Post-IPO,1500,Germany,8/18/2026
Etsy,New York City,220,8/5/2026,0.12,Retail,Post-IPO,97,United States,8/5/2026
Google,SF Bay Area,52,8/5/2026,,Consumer,Post-IPO,26,United States,8/6/2026
LegalZoom,Austin,,8/5/2026,0.13,Legal,Post-IPO,952,United States,8/7/2026
Proof of Play,New York City,,8/5/2026,1,Consumer,Seed,33,United States,8/13/2026
Zillow,Seattle,500,8/4/2026,0.07,Real Estate,Post-IPO,97,United States,8/4/2026
80 Acres Farms,Cincinnati,,8/4/2026,1,Food,Unknown,275,United States,8/4/2026
jalebi.io,"Dubai, Non-U.S.",,8/4/2026,1,Food,Seed,,UAE,8/4/2026
Nutanix,SF Bay Area,,8/4/2026,0.05,Infrastructure,Post-IPO,1100,United States,8/4/2026
FalconX,SF Bay Area,,8/3/2026,0.1,Crypto,Series D,477,United States,8/3/2026
Pump.fun,San Diego,40,8/1/2026,,Crypto,Unknown,,United States,8/3/2026
Chime,SF Bay Area,150,7/31/2026,0.1,Finance,Series G,2300,United States,7/31/2026
ChargePoint,SF Bay Area,144,7/31/2026,0.1,Manufacturing,Unknown,1400,United States,8/2/2026
Lightspeed Commerce,"Montreal, Non-U.S.",100,7/31/2026,0.03,Retail,Post-IPO,1200,Canada,7/31/2026
Reforged Labs,"Singapore, Non-U.S.",,7/31/2026,1,Marketing,Seed,4,Singapore,8/2/2026
GoLemon,"Lagos, Non-U.S.",33,7/30/2026,1,Retail,Unknown,,Nigeria,7/30/2026
Krutrim,"Bengaluru, Non-U.S.",20,7/28/2026,0.5,AI,Unknown,304,India,7/29/2026
Luno,"London, Non-U.S.",,7/28/2026,0.2,Crypto,Acquired,13,United Kingdom,7/29/2026
ServiceNow,SF Bay Area,,7/28/2026,,Support,Post-IPO,84,United States,7/29/2026
BuzzFeed,New York City,180,7/27/2026,0.35,Media,Post-IPO,696,United States,7/28/2026
BitMart,New York City,,7/27/2026,1,Crypto,Series B,10,United States,7/29/2026
Nothing,"London, Non-U.S.",100,7/26/2026,0.12,Hardware,Series C,454,United Kingdom,7/29/2026
Papaya Gaming,"Tel Aviv, Non-U.S.",30,7/26/2026,0.07,Consumer,Unknown,,Israel,7/27/2026
Dutch,SF Bay Area,,7/26/2026,,Other,Series B,43,United States,7/27/2026
Patreon,SF Bay Area,93,7/23/2026,0.2,Media,Series F,413,United States,7/24/2026
BitMEX,Non-U.S.,,7/23/2026,1,Crypto,Seed,,Seychelles,7/27/2026
Amazon,Port St. Lucie,1110,7/22/2026,,Retail,Post-IPO,8100,United States,7/24/2026
Monday.com,"Tel Aviv, Non-U.S.",630,7/22/2026,0.2,Product,Post-IPO,384,Israel,7/23/2026
Amazon,Seattle,,7/22/2026,,Retail,Post-IPO,8100,United States,7/24/2026
Uber,SF Bay Area,,7/22/2026,,Transportation,Post-IPO,25200,United States,7/24/2026
WSC,"Tel Aviv, Non-U.S.",70,7/21/2026,0.1,Media,Series D,136,Israel,7/27/2026
Movement Labs,New York City,,7/21/2026,1,Crypto,Series B,141,United States,7/27/2026
Magic Leap,Miami,193,7/20/2026,,Consumer,Series E,4100,United States,7/27/2026
Intel,Sacramento,,7/20/2026,,Hardware,Post-IPO,12,United States,7/22/2026
Samsung,New York City,739,7/19/2026,,Hardware,Post-IPO,,United States,7/22/2026
Samsung,Dallas,100,7/19/2026,,Hardware,Post-IPO,,United States,7/22/2026
Polygon,"Cayman Islands, Non-U.S.",,7/16/2026,,Crypto,Unknown,451,Cayman Islands,7/20/2026
Sprout Social,Chicago,260,7/15/2026,0.2,Marketing,Post-IPO,111,United States,7/15/2026
Rapid7,Boston,21,7/14/2026,0.01,Security,Post-IPO,89,United States,7/27/2026
Redis,SF Bay Area,200,7/13/2026,,Data,Series G,357,United States,7/13/2026
Gigbanc,"Lagos, Non-U.S.",,7/13/2026,1,Finance,Seed,1,Nigeria,7/14/2026
Alarum,"Tel Aviv, Non-U.S.",,7/12/2026,,Security,Post-IPO,34,Israel,7/13/2026
GoKwik,"New Delhi, Non-U.S.",100,7/11/2026,,Finance,Unknown,68,India,7/12/2026
OpenText,"Waterloo, Non-U.S.",400,7/8/2026,0.02,Data,Post-IPO,1100,Canada,7/10/2026
MyHeritage,"Tel Aviv, Non-U.S.",75,7/8/2026,0.15,Consumer,Acquired,49,Israel,7/9/2026
Mews,"Amsterdam, Non-U.S.",200,7/7/2026,0.15,Travel,Series D,817,Netherlands,7/8/2026
Darrow,"Tel Aviv, Non-U.S.",60,7/7/2026,0.33,Legal,Series B,63,Israel,7/8/2026
Billion Hearts,"Bengaluru, Non-U.S.",,7/7/2026,1,Consumer,Seed,5,India,7/8/2026
PokerStars,"Leeds, Non-U.S.",,7/7/2026,,Consumer,Acquired,,United Kingdom,7/8/2026
Microsoft,Seattle,4800,7/6/2026,0.02,Other,Post-IPO,1,United States,7/6/2026
Amazon,Seattle,57,7/6/2026,,Retail,Post-IPO,8100,United States,7/9/2026
Yield Guild Games,New York City,35,7/6/2026,,Crypto,Unknown,36,United States,7/8/2026
Coursera,SF Bay Area,,7/6/2026,,Education,Acquired,458,United States,7/8/2026
Hotmart,"Belo Horizonte, Non-U.S.",,7/6/2026,0.1,Marketing,Series C,127,Brazil,7/11/2026
CorroHealth,"Kochi, Non-U.S.",800,7/3/2026,,Healthcare,Private Equity,376,India,7/6/2026
TikTok,"Dublin, Non-U.S.",300,7/1/2026,,Consumer,Acquired,,Ireland,7/5/2026
Tokopedia,"Jakarta, Non-U.S.",,7/1/2026,0.9,Retail,Acquired,2800,Indonesia,7/3/2026
PlaxidityX,"Tel Aviv, Non-U.S.",80,6/30/2026,,Security,Acquired,25,Israel,7/1/2026
Elementor,"Tel Aviv, Non-U.S.",100,6/29/2026,0.3,Media,Series B,65,Israel,6/30/2026
Equip Health,San Diego,,6/29/2026,0.04,Healthcare,Unknown,164,United States,6/30/2026
SAS,Raleigh,300,6/26/2026,,Data,Unknown,,United States,6/27/2026
ADP,Jersey City,76,6/26/2026,,HR,Post-IPO,,United States,6/30/2026
Culture Amp,"Melbourne, Non-U.S.",70,6/26/2026,0.09,HR,Series F,257,Australia,6/27/2026
CompanyCam,Lincoln,,6/26/2026,,Recruiting,Series C,38,United States,6/27/2026
JiviAI,"Gurugram, Non-U.S.",,6/26/2026,1,Healthcare,Seed,,India,6/27/2026
Bungie,Seattle,292,6/25/2026,,Consumer,Acquired,100,United States,6/27/2026
BitGo,SF Bay Area,90,6/25/2026,0.15,Crypto,Unknown,171,United States,6/26/2026
Amperity,Seattle,,6/25/2026,,Marketing,Series D,187,United States,6/26/2026
Sonos,Santa Barbara,,6/25/2026,0.03,Consumer,Post-IPO,455.2,United States,6/27/2026
Cyberbit,"Tel Aviv, Non-U.S.",,6/24/2026,,Security,Unknown,,Israel,6/25/2026
Elastic,SF Bay Area,,6/24/2026,0.07,Data,Post-IPO,162,United States,6/24/2026
Snyk,Boston,,6/24/2026,,Security,Series F,849,United States,6/24/2026
Oracle,SF Bay Area,21000,6/23/2026,0.13,Other,Post-IPO,,United States,3/31/2026
Ethereum Foundation,"Zug, Non-U.S.",54,6/23/2026,0.2,Crypto,Unknown,18,Switzerland,6/23/2026
Lazada Group ,"Singapore, Non-U.S.",,6/23/2026,0.05,Retail,Acquired,7200,Singapore,6/23/2026
Lucid Motors,SF Bay Area,1500,6/22/2026,0.18,Transportation,Post-IPO,8300,United States,6/23/2026
91Trucks,"Gurugram, Non-U.S.",100,6/22/2026,0.7,Transportation,Series A,5,India,6/23/2026
Tractive,"Vienna, Non-U.S.",,6/22/2026,,Hardware,Acquired,38,Austria,6/30/2026
Lastminute,"Amsterdam, Non-U.S.",400,6/17/2026,0.25,Travel,Post-IPO,,Netherlands,6/19/2026
Optimove,"Tel Aviv, Non-U.S.",,6/17/2026,0.1,Marketing,Series A,20,Israel,6/19/2026
Robinhood,SF Bay Area,290,6/16/2026,0.1,Finance,Post-IPO,6200,United States,6/16/2026
Artlist,"Tel Aviv, Non-U.S.",200,6/16/2026,0.4,Media,Unknown,48,Israel,6/16/2026
FNZ,"London, Non-U.S.",,6/16/2026,,Finance,Private Equity,3500,United Kingdom,6/16/2026
Matter Labs,"Berlin, Non-U.S.",,6/16/2026,,Crypto,Unknown,308,Germany,6/19/2026
Rackspace,San Antonio,,6/16/2026,0.15,Data,Acquired,17,United States,6/19/2026
Rivian,Detroit,,6/16/2026,0.02,Transportation,Post-IPO,10700,United States,6/16/2026
Pleo,"Copenhagen, Non-U.S.",50,6/12/2026,,Finance,Series C,428,Denmark,6/12/2026
ServiceNow,SF Bay Area,54,6/11/2026,,Support,Post-IPO,84,United States,6/12/2026
Opendoor,"Bengaluru, Non-U.S.",250,6/10/2026,,Real Estate,Post-IPO,1900,India,6/12/2026
Veritone,Los Angeles,111,6/10/2026,0.25,AI,Post-IPO,514,United States,6/19/2026
Shopee,"Singapore, Non-U.S.",,6/10/2026,0.08,Food,Unknown,,Singapore,6/10/2026
Paytm,"Noida, Non-U.S.",400,6/9/2026,0.01,Finance,Subsidiary,,India,6/22/2026
Salesforce,SF Bay Area,86,6/9/2026,,Sales,Post-IPO,65,United States,6/9/2026
Verily,SF Bay Area,58,6/9/2026,,Healthcare,Subsidiary,3500,United States,6/10/2026
Hailo,"Tel Aviv, Non-U.S.",110,6/8/2026,0.5,Manufacturing,Series C,344,Israel,6/8/2026
Tools for Humanity,SF Bay Area,,6/8/2026,,AI,Series C,244,United States,6/8/2026
Zencity,"Tel Aviv, Non-U.S.",15,6/7/2026,,Other,Unknown,51,Israel,6/8/2026
Quizlet,SF Bay Area,79,6/5/2026,,Education,Series C,62,United States,6/12/2026
FanDuel,New York City,,6/5/2026,,Consumer,Acquired,416,United States,6/9/2026
Google,SF Bay Area,,6/4/2026,,Consumer,Post-IPO,26,United States,6/7/2026
Dandy,New York City,160,6/3/2026,,Healthcare,Series D,172,United States,6/9/2026
Skai,"Tel Aviv, Non-U.S.",100,6/3/2026,0.2,Marketing,Series E,60,Israel,6/7/2026
Uber,SF Bay Area,,6/3/2026,0.01,Transportation,Post-IPO,25200,United States,6/4/2026
GitLab,SF Bay Area,350,6/2/2026,0.14,Product,Post-IPO,413,United States,5/11/2026
Aleph Farms,"Tel Aviv, Non-U.S.",10,6/2/2026,,Food,Unknown,119,Israel,6/3/2026
Manhattan Associates,Atlanta,,6/2/2026,0.06,Logistics,Post-IPO,,United States,6/3/2026
Lightricks,"Jerusalem, Non-U.S.",75,6/1/2026,0.17,Consumer,Series D,335,Israel,5/28/2026
Credit Karma,SF Bay Area,117,5/30/2026,,Finance,Acquired,868,United States,6/3/2026
SentinelOne,SF Bay Area,230,5/29/2026,0.08,Security,Post-IPO,696,United States,5/29/2026
Interview Kickstart,SF Bay Area,50,5/29/2026,,Education,Unknown,10,United States,6/3/2026
BenchSci,"Toronto, Non-U.S.",68,5/28/2026,0.3,Healthcare,Series D,164,Canada,7/24/2026
Amdocs,St. Louis,,5/28/2026,0.07,Support,Post-IPO,,United States,6/12/2026
Rapyd,"Tel Aviv, Non-U.S.",,5/28/2026,,Finance,Unknown,770,Israel,5/28/2026
NetApp,SF Bay Area,77,5/27/2026,,Data,Post-IPO,,United States,5/28/2026
Webflow,SF Bay Area,,5/27/2026,,Marketing,Series C,335,United States,5/27/2026
Groupon,Chicago,400,5/26/2026,0.25,Retail,Post-IPO,1400,United States,5/26/2026
BigID,New York City,,5/26/2026,0.2,Security,Series E,306,United States,5/26/2026
Picnic,Seattle,,5/26/2026,1,Food,Unknown,52,United States,5/26/2026
Wix,"Tel Aviv, Non-U.S.",1000,5/25/2026,0.2,Marketing,Post-IPO,58,Israel,5/25/2026
ClickUp,San Diego,,5/21/2026,0.22,Other,Series C,537,United States,5/21/2026
Meta,SF Bay Area,8000,5/20/2026,0.1,Consumer,Post-IPO,26000,United States,4/20/2026
Intuit,SF Bay Area,3000,5/20/2026,0.17,Finance,Post-IPO,18,United States,5/20/2026
AI21 Labs,"Tel Aviv, Non-U.S.",110,5/18/2026,0.61,AI,Series D,626,Israel,5/20/2026
Kraken,SF Bay Area,150,5/15/2026,,Crypto,Unknown,134,United States,5/15/2026
Innovaccer,SF Bay Area,340,5/14/2026,,Healthcare,Series E,379,United States,5/16/2026
Dune,"Oslo, Non-U.S.",,5/14/2026,0.25,Crypto,Series B,79,Norway,5/15/2026
Gambling.com Group,"Dublin, Non-U.S.",,5/14/2026,,Other,Post-IPO,276,Ireland,5/15/2026
Cisco,SF Bay Area,4000,5/13/2026,0.05,Infrastructure,Post-IPO,2,United States,5/13/2026
LinkedIn,SF Bay Area,875,5/13/2026,0.05,Recruiting,Acquired,154,United States,5/13/2026
Jumia,"Lagos, Non-U.S.",200,5/13/2026,,Retail,Post-IPO,1200,Nigeria,5/15/2026
Guesty,"Tel Aviv, Non-U.S.",20,5/13/2026,0.02,Travel,Series F,411,Israel,5/13/2026
Breadfast,"Cairo, Non-U.S.",58,5/12/2026,,Food,Series C,89,Egypt,5/13/2026
Trend Micro,"Sydney, Non-U.S.",45,5/12/2026,,Security,Post-IPO,,Australia,6/16/2026
MRI Software,Cleveland,200,5/11/2026,,Real Estate,Acquired,16,United States,5/13/2026
One Identity,"Dresden, Non-U.S.",41,5/11/2026,,Security,Unknown,,Germany,5/15/2026
MessageBird,"Amsterdam, Non-U.S.",,5/11/2026,0.2,Other,Series C,1100,Netherlands,5/13/2026
ZoomInfo,Portland,600,5/10/2026,0.2,Sales,Post-IPO,7,United States,5/11/2026
Adda247,"Gurugram, Non-U.S.",200,5/10/2026,0.2,Education,Series B,61,India,5/11/2026
Parker,New York City,,5/9/2026,1,Finance,Series B,57,United States,5/11/2026
Staffbase,"Chemnitz, Non-U.S.",176,5/8/2026,0.22,Other,Series E,306,Germany,5/11/2026
Cloudflare,SF Bay Area,1100,5/7/2026,0.2,Security,Post-IPO,332,United States,5/7/2026
Bill.com,SF Bay Area,709,5/7/2026,0.3,Finance,Post-IPO,280,United States,5/7/2026
Ticketmaster,Los Angeles,350,5/7/2026,0.08,Consumer,Acquired,,United States,5/9/2026
DeepL,"Cologne, Non-U.S.",250,5/7/2026,0.21,AI,Unknown,400,Germany,5/7/2026
Upwork,SF Bay Area,151,5/7/2026,0.24,Other,Post-IPO,168,United States,5/7/2026
Truecaller,"Stockholm, Non-U.S.",70,5/7/2026,,Consumer,Post-IPO,101,Sweden,5/7/2026
Arctic Wolf,Minneapolis,250,5/6/2026,0.1,Security,Unknown,899,United States,5/7/2026
Pocket FM,"Bengaluru, Non-U.S.",100,5/6/2026,0.1,Media,Series D,212,India,5/6/2026
LSports,"Tel Aviv, Non-U.S.",40,5/6/2026,0.2,Data,Unknown,,Israel,5/11/2026
ApnaMart,"Bengaluru, Non-U.S.",35,5/6/2026,0.1,Food,Series B,40,India,5/6/2026
reAlpha,Columbus,,5/6/2026,0.25,Real Estate,Post-IPO,229,United States,5/10/2026
Coinbase,SF Bay Area,700,5/5/2026,0.14,Crypto,Post-IPO,549,United States,5/5/2026
Freshworks,SF Bay Area,500,5/5/2026,0.11,Support,Post-IPO,484,United States,5/6/2026
0G,SF Bay Area,,5/5/2026,0.25,Crypto,Unknown,,United States,5/7/2026
Careem,"Dubai, Non-U.S.",,5/5/2026,,Transportation,Acquired,771,United Arab Emirates,5/7/2026
Shopify,"Ottawa, Non-U.S.",30,5/4/2026,,Retail,Post-IPO,122,Canada,5/7/2026
Pentera,Boston,40,4/27/2026,0.08,Security,Series D,249,United States,4/30/2026
SuperOps,"Chennai, Non-U.S.",60,4/24/2026,0.3,Other,Series C,54,India,4/30/2026
Remarkable,"Oslo, Non-U.S.",200,4/22/2026,,Hardware,Unknown,104,Norway,5/20/2026
Noa Technologies,SF Bay Area,69,4/22/2026,,Other,Unknown,,United States,6/19/2026
Epidemic Sound,"Stockholm, Non-U.S.",150,4/21/2026,0.33,Media,Private Equity,509,Sweden,5/7/2026
GeoComply,"Vancouver, Non-U.S.",68,4/21/2026,0.15,Security,Private Equity,,United States,5/11/2026
Zondacrypto,"Tallinn, Non-U.S.",,4/21/2026,,Crypto,,,Estonia,7/13/2026
Qt Company,"Oslo, Non-U.S.",200,4/20/2026,,Product,Series B,7,Norway,6/9/2026
Acko,"Mumbai, Non-U.S.",60,4/20/2026,0.05,Finance,Unknown,143,India,4/20/2026
Sama,"Nairobi, Non-U.S.",1108,4/16/2026,,AI,Series B,85,Kenya,5/15/2026
Shutterfly,"Haifa, Non-U.S.",80,4/16/2026,,Manufacturing,Post-IPO,50,United States,4/17/2026
Quora,SF Bay Area,,4/16/2026,,Consumer,Series D,226,United States,4/20/2026
Snap,Los Angeles,1000,4/15/2026,0.16,Consumer,Post-IPO,4900,United States,4/15/2026
UKG,Boston,950,4/15/2026,,HR,Unknown,,United States,4/17/2026
Taboola,New York City,100,4/15/2026,0.05,Marketing,Post-IPO,445,United States,5/5/2026
Swyftx,"Brisbane, Non-U.S.",37,4/15/2026,0.15,Crypto,Unknown,,Australia,5/21/2026
Nayax,"Tel Aviv, Non-U.S.",32,4/15/2026,0.03,Finance,Post-IPO,245,Israel,5/5/2026
Productboard,SF Bay Area,,4/15/2026,0.3,Product,Series D,,United States,4/16/2026
GoCardless,"London, Non-U.S.",90,4/14/2026,,Finance,Series G,529,United Kingdom,4/30/2026
Eventbrite,SF Bay Area,,4/13/2026,,Consumer,Acquired,290,United States,4/17/2026
StarkWare,"Tel Aviv, Non-U.S.",,4/13/2026,,Crypto,Series D,273,Israel,4/17/2026
Esh Group,"Tel Aviv, Non-U.S.",,4/12/2026,,Finance,Acquired,,Israel,5/5/2026
Life360,SF Bay Area,,4/10/2026,,Consumer,Post-IPO,158,United States,4/30/2026
Qualcomm,San Diego,104,4/9/2026,,Hardware,Post-IPO,,United States,6/9/2026
Cars.com,Chicago,,4/9/2026,0.11,Transportation,Acquired,,United States,4/17/2026
Pepper Pay,Miami,,4/9/2026,1,Finance,Unknown,,United States,4/17/2026
IAC,New York City,77,4/8/2026,0.02,Consumer,Post-IPO,,United States,5/7/2026
GoPro,SF Bay Area,145,4/7/2026,0.23,Consumer,Post-IPO,288,United States,4/8/2026
Pendo,Raleigh,90,4/7/2026,0.1,Product,Series F,469,United States,4/8/2026
Bolt,SF Bay Area,,4/5/2026,0.33,Finance,Series E,1300,United States,4/7/2026
Welltech,"Limassol, Non-U.S.",225,4/3/2026,0.3,Fitness,Unknown,,Cyprus,5/7/2026
NeuroPixel.AI,"Bengaluru, Non-U.S.",,4/3/2026,1,Retail,Seed,1,India,4/7/2026
Vimeo,New York City,,4/3/2026,,Consumer,Post-IPO,450,United States,4/4/2026
Meta,SF Bay Area,200,4/2/2026,,Consumer,Post-IPO,26000,United States,4/7/2026
MARA,Miami,,4/2/2026,0.15,Crypto,Post-IPO,4100,United States,5/10/2026
Sonos,Santa Barbara,,4/1/2026,,Consumer,Post-IPO,455.2,United States,4/7/2026
Monzo,"London, Non-U.S.",50,3/31/2026,,Finance,Series F,324,United Kingdom,3/31/2026
SoundThinking,SF Bay Area,15,3/31/2026,,Security,Unknown,68,United States,8/3/2026
Covrzy,"Bengaluru, Non-U.S.",,3/31/2026,1,Finance,Seed,,India,4/4/2026
Rec Room,Seattle,,3/31/2026,1,Consumer,Series F,294,United States,4/1/2026
Yupp,SF Bay Area,,3/31/2026,1,AI,Seed,33,United States,4/1/2026
Enpal,"Berlin, Non-U.S.",100,3/27/2026,,Energy,Series E,3500,Germany,3/31/2026
Monte Carlo,SF Bay Area,,3/26/2026,0.3,Data,Series D,236,United States,3/31/2026
Quandoo,"Berlin, Non-U.S.",,3/26/2026,1,Food,Acquired,39,Germany,4/17/2026
Meta,SF Bay Area,700,3/25/2026,0.01,Consumer,Post-IPO,26000,United States,3/25/2026
Epic Games,Raleigh,1000,3/24/2026,,Consumer,Unknown,6400,United States,3/24/2026
Zendesk,SF Bay Area,100,3/24/2026,,Support,Acquired,85,United States,3/31/2026
Flex AI,"Vancouver, Non-U.S.",,3/24/2026,1,Fitness,,,Canada,7/27/2026
OpenText,"Waterloo, Non-U.S.",,3/24/2026,,Data,Post-IPO,1100,Canada,3/25/2026
Spotify,"Stockholm, Non-U.S.",15,3/23/2026,,Media,Post-IPO,2100,Sweden,3/25/2026
Gemini,New York City,,3/20/2026,0.3,Crypto,Unknown,423,United States,3/22/2026
Snowflake,SF Bay Area,70,3/19/2026,,Data,Post-IPO,2900,United States,3/24/2026
Crypto.com,"Singapore, Non-U.S.",,3/19/2026,0.12,Crypto,Unknown,,Singapore,3/22/2026
Algorand Foundation,"Singapore, Non-U.S.",,3/18/2026,0.25,Crypto,Unknown,,Singapore,7/6/2026
FranShares,Chicago,,3/17/2026,1,Finance,Seed,6,United States,3/22/2026
Dell,Austin,11000,3/16/2026,0.1,Hardware,Post-IPO,,United States,4/22/2026
Stone,"Sao Paulo, Non-U.S.",400,3/13/2026,0.03,Finance,Post-IPO,521,Brazil,3/17/2026
Loopio,"Toronto, Non-U.S.",36,3/13/2026,0.12,Sales,Private Equity,263,Canada,5/10/2026
Digg,New York City,,3/13/2026,,Consumer,Acquired,49,United States,3/13/2026
OP Labs,New York City,20,3/12/2026,,Crypto,,,United States,7/13/2026
Atlassian,"Sydney, Non-U.S.",1600,3/11/2026,0.1,Other,Post-IPO,210,Australia,3/11/2026
InvestCloud,Los Angeles,150,3/10/2026,,Finance,Private Equity,54,United States,3/17/2026
Flipkart,"Bengaluru, Non-U.S.",500,3/6/2026,,Retail,Acquired,12900,India,3/7/2026
SSense,"Montreal, Non-U.S.",215,3/5/2026,,Retail,Series A,,Canada,3/7/2026
Marketsource,Atlanta,57,3/5/2026,0.11,Sales,Unknown,,United States,6/9/2026
Supernal,Los Angeles,296,3/4/2026,0.8,Transportation,Unknown,,United States,3/7/2026
Envato,"Melbourne, Non-U.S.",200,3/4/2026,0.3,Marketing,Unknown,,Australia,3/7/2026
Amazon,Seattle,100,3/4/2026,,Retail,Post-IPO,8100,United States,3/17/2026
At-Bay,"Tel Aviv, Non-U.S.",25,3/4/2026,,Security,Unknown,296,United States,3/7/2026
MicroVision,Seattle,49,3/3/2026,,Other,Post-IPO,415,United States,3/7/2026
Verint Systems,New York City,,3/2/2026,,Security,Acquired,213,United States,3/7/2026
Zap Africa,"Lagos, Non-U.S.",,2/28/2026,0.44,Finance,Seed,,Nigeria,3/3/2026
Block,SF Bay Area,4000,2/26/2026,0.4,Finance,Post-IPO,150,United States,2/26/2026
Ocado,"London, Non-U.S.",1000,2/26/2026,0.05,Food,Post-IPO,2000,United Kingdom,3/3/2026
eBay,SF Bay Area,800,2/26/2026,0.06,Retail,Post-IPO,1200,Israel,2/26/2026
C3.ai,SF Bay Area,280,2/25/2026,0.26,AI,Series F,228,United States,2/26/2026
Deliveroo,"London, Non-U.S.",187,2/25/2026,,Food,Post-IPO,1700,United Kingdom,3/17/2026
WiseTech,"Sydney, Non-U.S.",2000,2/24/2026,0.3,Logistics,Post-IPO,3000,Australia,2/25/2026
TrueCar,Los Angeles,100,2/24/2026,0.3,Transportation,Post-IPO,340,United States,2/25/2026
DraftKings,Boston,,2/24/2026,,Consumer,Post-IPO,719,United States,2/25/2026
Livspace,"Bengaluru, Non-U.S.",1000,2/20/2026,0.12,Consumer,Series F,482,India,2/22/2026
Lucid Motors,SF Bay Area,,2/20/2026,0.12,Transportation,Post-IPO,8300,United States,2/22/2026
Codecademy,New York City,,2/19/2026,,Education,Acquired,87,United States,3/17/2026
Xero,"Wellington, Non-U.S.",250,2/18/2026,,Finance,Post-IPO,681,New Zealand,6/10/2026
Cyberark,Boston,500,2/17/2026,0.12,Security,Acquired,1700,United States,2/18/2026
Huawei,"Tel Aviv, Non-U.S.",50,2/15/2026,,Hardware,Unknown,,Israel,2/18/2026
Axonius,New York City,40,2/15/2026,0.04,Security,Series E,865,United States,2/18/2026
Firebolt,"Tel Aviv, Non-U.S.",,2/15/2026,,Data,Series C,264,Israel,3/7/2026
Clari,SF Bay Area,76,2/12/2026,,Sales,Acquired,496,United States,2/18/2026
Glossier,New York City,50,2/11/2026,0.33,Retail,Series E,266,United States,2/13/2026
Dayforce,"Toronto, Non-U.S.",,2/11/2026,0.05,HR,Post-IPO,40,Canada,2/18/2026
Fi.Money,"Bengaluru, Non-U.S.",,2/10/2026,0.4,Finance,Series C,,India,3/17/2026
Riot Games,Los Angeles,80,2/9/2026,,Consumer,Acquired,21,United States,9/2/2026
Salesforce,SF Bay Area,,2/9/2026,,Sales,Post-IPO,65,United States,2/11/2026
Workday,SF Bay Area,400,2/4/2026,0.02,HR,Post-IPO,230,United States,2/5/2026
Rewire,"Tel Aviv, Non-U.S.",110,2/4/2026,,Finance,Acquired,57,Israel,2/18/2026
Smartsheet,Seattle,,2/4/2026,,Other,Post-IPO,152,United States,2/7/2026
Zillow,Seattle,200,2/2/2026,,Real Estate,Post-IPO,97,United States,2/5/2026
Zipcar,Boston,126,2/2/2026,,Transportation,Acquired,107,United States,2/10/2026
Expedia,Seattle,100,2/1/2026,,Travel,Post-IPO,3300,United States,2/7/2026
Zupee,"New Delhi, Non-U.S.",200,1/30/2026,,Consumer,Series B,121,India,2/3/2026
Peloton,New York City,,1/30/2026,0.11,Fitness,Post-IPO,1900,United States,2/3/2026
Kiwi.com,"Brno, Non-U.S.",250,1/29/2026,0.36,Travel,Unknown,107,Czech Republic,2/3/2026
Gloo,Boulder,,1/29/2026,,Consumer,Post-IPO,152,United States,2/18/2026
Amazon,Seattle,16000,1/28/2026,,Retail,Post-IPO,8100,United States,1/28/2026
ASML,"Veldhoven, Non-U.S.",1700,1/28/2026,,Hardware,Post-IPO,,Netherlands,2/3/2026
Pinterest,SF Bay Area,700,1/27/2026,0.15,Consumer,Post-IPO,1500,United States,1/27/2026
Moon Active,"Tel Aviv, Non-U.S.",110,1/27/2026,0.05,Consumer,Unknown,425,Israel,3/7/2026
Expedia,Seattle,,1/26/2026,,Travel,Post-IPO,3300,United States,1/28/2026
Entropy,New York City,,1/25/2026,1,Crypto,Seed,27,United States,1/26/2026
Roof Stacks,"Istanbul, Non-U.S.",220,1/24/2026,,Consumer,Seed,1,Turkey,5/25/2026
Autodesk,SF Bay Area,1000,1/22/2026,0.07,Other,Post-IPO,,United States,1/23/2026
Shopify,"Ottawa, Non-U.S.",,1/22/2026,,Retail,Post-IPO,122,Canada,1/26/2026
Vimeo,New York City,,1/21/2026,,Consumer,Post-IPO,450,United States,1/23/2026
Polygon,"Cayman Islands, Non-U.S.",60,1/16/2026,,Crypto,Unknown,451,Cayman Islands,1/16/2026
Ericsson,"Stockholm, Non-U.S.",1600,1/15/2026,,Other,Post-IPO,663,Sweden,1/16/2026
Tipalti,SF Bay Area,100,1/15/2026,,Finance,Series F,565,United States,1/19/2026
Informatica,SF Bay Area,35,1/15/2026,,Data,Post-IPO,,United States,6/19/2026
Playtika,"Tel Aviv, Non-U.S.",500,1/14/2026,0.15,Consumer,Post-IPO,,Israel,1/15/2026
Aleph Alpha,"Frankfurt, Non-U.S.",50,1/14/2026,0.16,AI,Series B,534,Germany,1/19/2026
Meta,SF Bay Area,1500,1/13/2026,0.02,Consumer,Post-IPO,26000,United States,1/14/2026
eToro,"Tel Aviv, Non-U.S.",105,1/13/2026,0.07,Finance,Unknown,322,Israel,1/14/2026
Alle,"Bengaluru, Non-U.S.",,1/13/2026,1,Retail,Seed,3,India,6/9/2026
StoreDot,"Tel Aviv, Non-U.S.",,1/13/2026,,Other,Series D,184,Israel,1/14/2026
MercadoLibre,"Buenos Aires, Non-U.S.",116,1/12/2026,,Retail,Post-IPO,5100,Brazil,1/14/2026
FormFactor,SF Bay Area,220,1/9/2026,0.11,Manufacturing,Post-IPO,15,United States,1/13/2026
Kaseya,Miami,250,1/8/2026,0.05,Security,Private Equity,547,United States,1/13/2026
Hailo,"Tel Aviv, Non-U.S.",30,1/8/2026,0.1,Manufacturing,Series C,344,Israel,1/13/2026
Foretellix,"Tel Aviv, Non-U.S.",29,1/8/2026,0.18,Transportation,Series C,132,Israel,1/13/2026
Tailwind Labs,Oklahoma City,3,1/8/2026,,Product,Unknown,,United States,1/13/2026
Angi,Indianapolis,350,1/7/2026,,Consumer,Post-IPO,180,United States,1/13/2026
Multiverse,"London, Non-U.S.",55,1/5/2026,,Education,Series D,414,United Kingdom,1/13/2026
Sapiens,"Tel Aviv, Non-U.S.",700,12/28/2025,0.15,Finance,Acquired,88,Israel,12/31/2025
Yellow.ai,SF Bay Area,100,12/23/2025,0.3,Support,Series C,102,United States,12/26/2025
The Trade Desk,Los Angeles,,12/17/2025,,Marketing,Post-IPO,257,United States,12/19/2025
Amazon,Seattle,84,12/15/2025,,Retail,Post-IPO,8100,United States,12/19/2025
PowerSchool,Sacramento,,12/12/2025,,Education,Acquired,31,United States,12/15/2025
Zebra Technologies,Chicago,,12/12/2025,,Manufacturing,Post-IPO,2000,United States,12/19/2025
Believer Meats,"Jerusalem, Non-U.S.",,12/11/2025,,Food,Series B,389,Israel,12/12/2025
EyeEm,"Berlin, Non-U.S.",,12/11/2025,1,Other,Acquired,24,Germany,12/12/2025
Lusha,Boston,24,12/10/2025,0.08,Sales,Series B,245,United States,12/12/2025
Tenstorrent,"Toronto, Non-U.S.",80,12/9/2025,0.07,Hardware,Series D,1000,Canada,12/12/2025
Whatfix,"Bengaluru, Non-U.S.",60,12/9/2025,0.06,AI,Series E,265,India,2/7/2026
VSCO,SF Bay Area,24,12/9/2025,,Consumer,Series B,90,United States,12/10/2025
GenWise,"New Delhi, Non-U.S.",,12/9/2025,1,Other,Seed,3,India,12/10/2025
Mobileye,"Jerusalem, Non-U.S.",200,12/8/2025,0.04,Transportation,Post-IPO,2100,Israel,12/8/2025
Payoneer,New York City,60,12/8/2025,0.06,Finance,Post-IPO,,United States,12/8/2025
Teads,New York City,180,12/4/2025,0.1,Marketing,Unknown,123,United States,12/10/2025
Discourse,Dover,,12/4/2025,,Consumer,Series A,20,United States,7/9/2026
Cellebrite,"Tel Aviv, Non-U.S.",20,12/3/2025,0.01,Other,Post-IPO,410,Israel,12/8/2025
Modern Hydrogen,Seattle,,12/3/2025,,Energy,Series B,99,United States,12/4/2025
Aqua Security,"Tel Aviv, Non-U.S.",20,12/1/2025,,Security,Series E,325,United States,12/2/2025
Inbound Health,Minneapolis,,12/1/2025,1,Healthcare,Series B,50,United States,12/2/2025
Junglee Games,"New Delhi, Non-U.S.",350,11/26/2025,,Consumer,Seed,3,India,12/9/2025
Shopify,"Ottawa, Non-U.S.",,11/26/2025,,Retail,Post-IPO,122,Canada,12/4/2025
HP,SF Bay Area,4000,11/25/2025,,Hardware,Post-IPO,,United States,3/1/2025
ezCater,Boston,40,11/21/2025,0.04,Food,Series D,319,United States,11/23/2025
Monarch Tractor,SF Bay Area,102,11/19/2025,,Other,Unknown,214,United States,11/23/2025
Pleo,"Copenhagen, Non-U.S.",100,11/19/2025,0.12,Finance,Series C,428,Denmark,11/23/2025
UKG,"Montevideo, Non-U.S.",300,11/18/2025,,HR,Unknown,,Uruguay,11/23/2025
Culture Amp,"Melbourne, Non-U.S.",60,11/18/2025,0.06,HR,Series F,257,Australia,11/23/2025
Veson Nautical,Boston,,11/18/2025,0.2,Other,Private Equity,,United States,11/23/2025
Playtika,"Tel Aviv, Non-U.S.",700,11/17/2025,0.2,Consumer,Post-IPO,,Israel,11/23/2025
Pipe,SF Bay Area,200,11/16/2025,0.5,Finance,Series D,453,United States,11/17/2025
Flipkart,"Bengaluru, Non-U.S.",40,11/16/2025,,Retail,Acquired,12900,India,11/17/2025
BharatAgri,"Mumbai, Non-U.S.",37,11/13/2025,1,Food,Series A,21,India,12/9/2025
AI Fleet,Austin,,11/13/2025,,Transportation,Series B,56,United States,11/14/2025
Synopsys,SF Bay Area,2000,11/12/2025,0.1,Other,Post-IPO,,United States,11/14/2025
Deepwatch,Tampa Bay,80,11/12/2025,0.32,Security,Series C,256,United States,11/14/2025
GamesKraft,"Bengaluru, Non-U.S.",280,11/10/2025,,Consumer,Unknown,,India,11/11/2025
FNZ,"London, Non-U.S.",,11/10/2025,0.03,Finance,Private Equity,3500,United Kingdom,6/16/2026
Sonder,SF Bay Area,,11/10/2025,1,Travel,Post-IPO,839,United States,11/10/2025
Axonius,New York City,100,11/6/2025,0.11,Security,Series E,865,United States,11/7/2025
MyBambu,Memphis,141,11/5/2025,1,Finance,Unknown,15,United States,11/7/2025
Hewlett Packard Enterprise,SF Bay Area,52,11/5/2025,,Hardware,Post-IPO,1400,United States,11/7/2025
Indeed,Austin,,11/5/2025,,HR,Acquired,5,United States,11/8/2025
TripAdvisor,Boston,,11/5/2025,0.2,Travel,Post-IPO,3,United States,11/7/2025
Porter,"Bengaluru, Non-U.S.",350,11/4/2025,0.18,Logistics,Series F,357,India,11/7/2025
Personio,"Munich, Non-U.S.",165,10/29/2025,0.1,HR,Series E,724,Germany,10/31/2025
Amazon,Seattle,14000,10/27/2025,0.01,Retail,Post-IPO,8100,United States,10/28/2025
Chegg,SF Bay Area,388,10/27/2025,0.45,Education,Post-IPO,227,United States,10/28/2025
Lightricks,"Jerusalem, Non-U.S.",85,10/27/2025,0.15,Consumer,Series D,335,Israel,11/7/2025
Medtronic,"Jerusalem, Non-U.S.",60,10/27/2025,,Healthcare,Post-IPO,5900,United States,12/8/2025
Hootsuite,"Vancouver, Non-U.S.",,10/27/2025,0.2,Marketing,Series C,300,Canada,10/28/2025
Robin AI,"London, Non-U.S.",,10/24/2025,0.33,Legal,Series B,68,United Kingdom,10/28/2025
Applied Material,SF Bay Area,1400,10/23/2025,0.04,Manufacturing,Post-IPO,2100,United States,10/25/2025
Rivian,Los Angeles,600,10/23/2025,0.04,Transportation,Post-IPO,10700,United States,10/25/2025
Kaseya,Miami,200,10/23/2025,,Security,Private Equity,547,United States,1/13/2026
AirSlate,Boston,170,10/23/2025,,Other,Series B,181,United States,7/11/2026
Altruist,SF Bay Area,50,10/23/2025,0.15,Finance,Series E,449,United States,10/25/2025
Meta,SF Bay Area,600,10/22/2025,,Consumer,Post-IPO,26000,United States,10/22/2025
Ludeo,Los Angeles,25,10/20/2025,0.5,Consumer,Series A,42,United States,10/25/2025
Zepto,"Mumbai, Non-U.S.",300,10/18/2025,0.05,Retail,Series H,2600,India,12/2/2025
Broadcom,SF Bay Area,247,10/17/2025,,Hardware,Post-IPO,,United States,11/11/2025
Tia,New York City,,10/17/2025,0.23,Healthcare,Series B,133,United States,10/25/2025
Bill.com,SF Bay Area,,10/15/2025,0.06,Finance,Post-IPO,280,United States,10/15/2025
OfferUp,Seattle,,10/15/2025,,Retail,Unknown,381,United States,10/22/2025
Handshake,SF Bay Area,100,10/14/2025,0.15,Recruiting,Series F,434,United States,10/15/2025
Smartsheet,Seattle,120,10/2/2025,,Other,Post-IPO,152,United States,10/6/2025
Google,SF Bay Area,50,10/2/2025,,Consumer,Post-IPO,26,United States,10/6/2025
Paycom,Oklahoma City,500,10/1/2025,,HR,Post-IPO,,United States,10/1/2025
Google,SF Bay Area,100,10/1/2025,,Consumer,Post-IPO,26,United States,10/6/2025
Simpl,"Bengaluru, Non-U.S.",80,10/1/2025,,Finance,Series B,72,India,10/1/2025
Just Eat,"Amsterdam, Non-U.S.",450,9/25/2025,0.05,Food,Acquired,129,Netherlands,9/29/2025
Yolo Group,"Tallinn, Non-U.S.",280,9/23/2025,,Finance,Unknown,,Estonia,5/20/2026
GamesKraft,"Bengaluru, Non-U.S.",120,9/18/2025,,Consumer,Unknown,,India,9/25/2025
ZipRecruiter,"Tel Aviv, Non-U.S.",80,9/16/2025,,Recruiting,Post-IPO,769,United States,9/16/2025
Fiverr,"Tel Aviv, Non-U.S.",250,9/15/2025,0.3,Other,Post-IPO,111,Israel,9/16/2025
Sorbet,"Tel Aviv, Non-U.S.",,9/14/2025,,Finance,Series A,58,Israel,12/8/2025
Hike,"New Delhi, Non-U.S.",,9/13/2025,1,Consumer,Unknown,261,India,9/15/2025
xAI,SF Bay Area,500,9/12/2025,,AI,Unknown,22700,United States,9/15/2025
Zupee,"New Delhi, Non-U.S.",170,9/11/2025,0.3,Consumer,Series B,121,India,9/15/2025
Atlassian,"Sydney, Non-U.S.",200,9/10/2025,,Other,Post-IPO,210,Australia,9/18/2025
Verbit,New York City,22,9/10/2025,,Data,Series E,569,United States,12/8/2025
Microsoft,Seattle,42,9/8/2025,,Other,Post-IPO,1,United States,9/8/2025
Rivian,Los Angeles,200,9/5/2025,0.01,Transportation,Post-IPO,10700,United States,9/8/2025
Scope3,New York City,,9/5/2025,,Energy,Series B,45,United States,9/8/2025
Head Digital Works,"Hyderabad, Non-U.S.",500,9/4/2025,,Consumer,Private Equity,74,India,9/8/2025
Salesforce,SF Bay Area,262,9/4/2025,,Sales,Post-IPO,65,United States,9/8/2025
Oracle,SF Bay Area,254,9/4/2025,,Other,Post-IPO,,United States,9/8/2025
GupShup,SF Bay Area,100,9/4/2025,,Other,Series F,484,United States,9/8/2025
Bobble AI,"New Delhi, Non-U.S.",50,9/4/2025,,Consumer,Unknown,59,India,9/8/2025
Oracle,Seattle,101,9/3/2025,,Other,Post-IPO,,United States,9/8/2025
Salesforce,Seattle,93,9/3/2025,,Sales,Post-IPO,65,United States,9/8/2025
Salesforce,"Dublin, Non-U.S.",30,9/3/2025,,Sales,Post-IPO,65,United States,9/8/2025
The Gist,"Tel Aviv, Non-U.S.",,9/3/2025,1,Other,Seed,7,Israel,9/8/2025
theGist,"Tel Aviv, Non-U.S.",,9/3/2025,1,Other,Seed,7,Israel,12/8/2025
Vimeo,New York City,,9/3/2025,0.1,Consumer,Post-IPO,450,United States,9/8/2025
Oracle,Kansas City,,9/2/2025,,Other,Post-IPO,,United States,9/8/2025
Games 24x7,"Mumbai, Non-U.S.",400,9/1/2025,,Consumer,Unknown,75,India,9/2/2025
Mobile Premier League,"Bengaluru, Non-U.S.",300,9/1/2025,,Consumer,Series E,375,India,9/2/2025
Krutrim,"Bengaluru, Non-U.S.",50,9/1/2025,,AI,Unknown,304,India,9/2/2025
Salesforce,SF Bay Area,4000,8/31/2025,,Sales,Post-IPO,65,United States,9/2/2025
Flip,SF Bay Area,,8/29/2025,1,Consumer,Series C,294,United States,8/30/2025
Rec Room,Seattle,141,8/27/2025,,Consumer,Series F,294,United States,8/30/2025
Verily,SF Bay Area,,8/26/2025,,Healthcare,Subsidiary,3500,United States,8/30/2025
Klaviyo,Boston,,8/25/2025,,Marketing,Unknown,778,United States,8/25/2025
BeepKart,"Bengaluru, Non-U.S.",150,8/23/2025,1,Retail,Series A,19,India,8/23/2025
TikTok,"London, Non-U.S.",,8/22/2025,,Consumer,Acquired,,United Kingdom,8/23/2025
Cisco,SF Bay Area,221,8/19/2025,,Infrastructure,Post-IPO,2,United States,8/23/2025
Oracle,SF Bay Area,101,8/19/2025,,Other,Post-IPO,,United States,8/23/2025
Kyte,SF Bay Area,,8/15/2025,1,Transportation,Unknown,548,United States,8/18/2025
Restaurant365,Los Angeles,100,8/14/2025,0.09,Food,Series C,127,United States,8/18/2025
Oracle,SF Bay Area,289,8/13/2025,,Other,Post-IPO,,United States,9/8/2025
Oracle,SF Bay Area,188,8/13/2025,,Other,Post-IPO,,United States,8/18/2025
Oracle,Seattle,161,8/13/2025,,Other,Post-IPO,,United States,8/18/2025
F5,Seattle,106,8/13/2025,0.02,Security,Post-IPO,,United States,8/18/2025
Micron,Boise,300,8/12/2025,,Hardware,Post-IPO,50,United States,11/11/2025
BenchSci,"Toronto, Non-U.S.",83,8/12/2025,0.23,Healthcare,Series D,164,Canada,8/23/2025
Amdocs,St. Louis,,8/12/2025,,Support,Post-IPO,,United States,8/18/2025
Crunchyroll,"Tokyo, Non-U.S.",,8/12/2025,,Media,Acquired,26,Japan,8/18/2025
Kaltura,New York City,70,8/7/2025,0.1,Media,Post-IPO,166,United States,8/10/2025
Nextdoor,SF Bay Area,67,8/7/2025,0.12,Consumer,Post-IPO,736,United States,8/18/2025
Peloton,New York City,,8/7/2025,0.06,Fitness,Post-IPO,1900,United States,8/10/2025
Yotpo,New York City,200,8/5/2025,0.34,Marketing,Unknown,436,United States,8/5/2025
Windsurf,SF Bay Area,30,8/5/2025,,AI,Acquired,243,United States,8/10/2025
Wondery,Los Angeles,100,8/4/2025,,Media,Acquired,15,United States,8/5/2025
Clear,"Bengaluru, Non-U.S.",145,8/1/2025,0.16,Finance,Series C,140,India,8/5/2025
Atlassian,"Sydney, Non-U.S.",150,7/30/2025,,Other,Post-IPO,210,Australia,7/30/2025
Astra,"Bengaluru, Non-U.S.",106,7/28/2025,1,Sales,Unknown,,India,8/5/2025
Krutrim,"Bengaluru, Non-U.S.",100,7/28/2025,,AI,Unknown,304,India,7/30/2025
Eyeo,"Cologne, Non-U.S.",,7/28/2025,0.4,,Unknown,,Germany,7/30/2025
Ohm Mobility,Bengaluru,,7/24/2025,1,Transportation,Seed,,India,7/26/2025
Tipalti,SF Bay Area,,7/24/2025,,Finance,Series F,565,United States,7/26/2025
PlaxidityX,"Tel Aviv, Non-U.S.",65,7/23/2025,0.36,Security,Acquired,25,Israel,12/8/2025
WiseTech,"Sydney, Non-U.S.",,7/23/2025,,Logistics,Post-IPO,3000,Australia,7/24/2025
ConsenSys,New York City,47,7/22/2025,0.07,Crypto,Series D,726,United States,7/22/2025
Zeen,SF Bay Area,,7/21/2025,1,Consumer,Unknown,9,United States,7/22/2025
Rocket Companies,Detroit,,7/18/2025,0.02,Real Estate,Post-IPO,5200,United States,7/22/2025
TytoCare,New York City,35,7/17/2025,0.22,Healthcare,Series E,206,United States,10/6/2025
Amazon,Seattle,,7/17/2025,,Retail,Post-IPO,8100,United States,7/18/2025
Amicole,New York City,,7/17/2025,1,Retail,Seed,5,United States,7/18/2025
CodeParrot,"Bengaluru, Non-U.S.",,7/17/2025,1,Product,Seed,,India,7/18/2025
Scale AI,SF Bay Area,200,7/16/2025,0.14,Data,Series E,602,United States,7/17/2025
Lenovo,Raleigh,100,7/16/2025,0.03,Hardware,Post-IPO,850,United States,7/18/2025
Jamf,Minneapolis,166,7/15/2025,0.06,Other,Post-IPO,332,United States,7/15/2025
King.com,"Stockholm, Non-U.S.",200,7/14/2025,,Consumer,Acquired,84,Sweden,7/17/2025
Blip,"Bengaluru, Non-U.S.",,7/12/2025,1,Retail,Unknown,,India,7/15/2025
Intel,Sacramento,5000,7/11/2025,,Hardware,Post-IPO,12,United States,7/17/2025
TripleLift,New York City,,7/11/2025,,Marketing,Acquired,16,United States,7/18/2025
Indeed + Glassdoor,Austin,1300,7/10/2025,,HR,Acquired,5,United States,7/10/2025
Augury,New York City,60,7/10/2025,0.18,Manufacturing,Series E,274,United States,12/8/2025
Eigen Labs,Seattle,29,7/8/2025,0.25,Crypto,Unknown,234,United States,7/11/2025
Nayax,"Tel Aviv, Non-U.S.",70,7/7/2025,0.06,Finance,Post-IPO,245,Israel,12/8/2025
Subtl AI,"Hyderabad, Non-U.S.",,7/3/2025,1,AI,Seed,,India,7/7/2025
Microsoft,Seattle,9000,7/2/2025,0.04,Other,Post-IPO,1,United States,7/2/2025
Retrain.ai,New York City,20,7/2/2025,1,HR,Unknown,34,Israel,12/8/2025
Okra,"Lagos, Non-U.S.",,7/2/2025,1,Finance,Series A,12,Nigeria,7/7/2025
TikTok,"Dublin, Non-U.S.",,7/2/2025,,Consumer,Acquired,,Ireland,7/2/2025
TomTom,"Amsterdam, Non-U.S.",300,6/30/2025,0.1,Other,Post-IPO,430,Netherlands,7/7/2025
Rivian,Los Angeles,140,6/26/2025,0.01,Transportation,Post-IPO,10700,United States,6/27/2025
Bumble,Austin,240,6/25/2025,0.3,Consumer,Post-IPO,313,United States,6/25/2025
Klue,"Vancouver, Non-U.S.",85,6/25/2025,0.4,Sales,Series B,83,Canada,6/25/2025
Google,SF Bay Area,75,6/24/2025,,Consumer,Post-IPO,26,United States,6/25/2025
Intel,Sacramento,,6/24/2025,,Hardware,Post-IPO,12,United States,6/25/2025
Microsoft,Seattle,,6/24/2025,,Other,Post-IPO,1,United States,6/25/2025
Pluralsight,Salt Lake City,,6/24/2025,0.17,Education,Acquired,192,United States,6/27/2025
Khoros,Austin,116,6/20/2025,,Sales,Private Equity,138,United States,6/20/2025
Sabi,"Lagos, Non-U.S.",50,6/19/2025,0.2,Retail,Series B,66,Nigeria,6/21/2025
Intel,"Tel Aviv, Non-U.S.",,6/17/2025,,Hardware,Post-IPO,12,Israel,7/17/2025
Salto,"Tel Aviv, Non-U.S.",30,6/10/2025,0.5,Other,Series B,69,Israel,6/12/2025
ZoomInfo,"Vancouver, Non-U.S.",150,6/9/2025,0.04,Sales,Post-IPO,7,Canada,6/10/2025
Playtika,"Tel Aviv, Non-U.S.",90,6/5/2025,,Consumer,Post-IPO,,Israel,6/10/2025
Airtime,New York City,25,6/4/2025,0.43,Consumer,Series B,33,United States,6/5/2025
Microsoft,Seattle,305,6/2/2025,0.03,Other,Post-IPO,1,United States,6/5/2025
Hims & Hers,SF Bay Area,68,5/30/2025,0.04,Healthcare,Post-IPO,1200,United States,6/5/2025
Business Insider,New York City,,5/29/2025,0.2,Media,Acquired,56,United States,6/1/2025
eBay,"Tel Aviv, Non-U.S.",200,5/28/2025,,Retail,Post-IPO,1200,Israel,6/1/2025
Cars24,"Gurugram, Non-U.S.",120,5/27/2025,,Transportation,Series G,1300,India,5/28/2025
nCino,Wilmington,,5/27/2025,0.07,Finance,Post-IPO,1100,United States,5/28/2025
Otipy,"New Delhi, Non-U.S.",300,5/23/2025,1,Food,Series B,44,India,5/26/2025
LeddarTech,"Quebec, Non-U.S.",138,5/22/2025,0.95,Transportation,Post-IPO,402,Canada,5/22/2025
Climeworks,"Zurich, Non-U.S.",106,5/21/2025,0.22,Energy,Private Equity,734,Switzerland,5/22/2025
Builder.ai,"London, Non-U.S.",,5/20/2025,1,AI,Series D,445,United Kingdom,5/22/2025
Luminar,Orlando,,5/20/2025,,Transportation,Post-IPO,780,United States,5/26/2025
Blink Charging,Baltimore,,5/19/2025,0.2,Other,Post-IPO,110,United States,5/22/2025
VerSe Innovation,"Bengaluru, Non-U.S.",350,5/18/2025,,Media,Series J,1700,India,5/22/2025
GroundGame Health,Tampa Bay,97,5/15/2025,,Healthcare,Series A,17,United States,5/16/2025
Noogata,"Tel Aviv, Non-U.S.",10,5/15/2025,1,AI,Series A,28,Israel,5/16/2025
Amazon,Seattle,100,5/14/2025,,Retail,Post-IPO,8100,United States,5/16/2025
Microsoft,Seattle,6000,5/13/2025,0.03,Other,Post-IPO,1,United States,5/13/2025
Chegg,SF Bay Area,248,5/12/2025,0.22,Education,Post-IPO,227,United States,5/12/2025
Match Group,New York City,325,5/8/2025,0.13,Consumer,Post-IPO,,United States,5/9/2025
CrowdStrike,SF Bay Area,500,5/7/2025,0.05,Security,Post-IPO,1200,United States,5/7/2025
Games 24x7,"Mumbai, Non-U.S.",180,5/7/2025,,Consumer,Unknown,75,India,9/2/2025
OpenText,"Waterloo, Non-U.S.",1600,5/6/2025,,Data,Post-IPO,1100,Canada,5/16/2025
GenWise,"New Delhi, Non-U.S.",15,5/5/2025,0.2,Other,Seed,3,India,5/5/2025
General Fusion,"Vancouver, Non-U.S.",,5/5/2025,0.25,Energy,Unknown,370,Canada,5/5/2025
Deep Instinct,"Tel Aviv, Non-U.S.",20,5/4/2025,0.1,Security,Unknown,322,Israel,5/5/2025
Log 9 Materials,"Bengaluru, Non-U.S.",,5/2/2025,1,Manufacturing,Series B,32,India,5/3/2025
Beam,"Bristol, Non-U.S.",200,5/1/2025,1,Other,Unknown,,United Kingdom,5/3/2025
Bench,SF Bay Area,,5/1/2025,,Finance,Acquired,109,United States,5/3/2025
NetApp,SF Bay Area,700,4/30/2025,0.06,Data,Post-IPO,,United States,5/3/2025
Electronic Arts,SF Bay Area,300,4/29/2025,,Consumer,Post-IPO,2,United States,5/3/2025
Stem,SF Bay Area,,4/29/2025,0.27,Energy,Post-IPO,583,United States,5/3/2025
Expedia,Seattle,,4/28/2025,0.03,Travel,Post-IPO,3300,United States,5/3/2025
Spotter,Los Angeles,,4/28/2025,,Other,Unknown,238,United States,5/3/2025
Tomorrow,Seattle,,4/28/2025,1,Hardware,Unknown,,United States,5/3/2025
Cars24,"Gurugram, Non-U.S.",200,4/26/2025,,Transportation,Series G,1300,India,4/29/2025
SambaNova,SF Bay Area,77,4/25/2025,0.15,AI,Series D,1100,United States,5/3/2025
Meta,SF Bay Area,100,4/24/2025,,Consumer,Post-IPO,26000,United States,4/29/2025
Katana,"Tallinn, Non-U.S.",75,4/24/2025,,Other,Series B,67,Estonia,5/20/2026
Intel,Sacramento,22000,4/23/2025,0.2,Hardware,Post-IPO,12,United States,4/23/2025
Zopper,"Noida, Non-U.S.",100,4/17/2025,,Finance,Series D,125,India,4/18/2025
Turo,SF Bay Area,150,4/16/2025,0.17,Transportation,Series E,467,United States,4/16/2025
AppLovin,SF Bay Area,97,4/16/2025,,Marketing,Post-IPO,1600,United States,4/19/2025
Smashing,SF Bay Area,7,4/16/2025,1,Consumer,Seed,3,United States,4/18/2025
GupShup,SF Bay Area,200,4/15/2025,,Other,Series F,484,United States,4/16/2025
Sonder,SF Bay Area,,4/14/2025,,Travel,Post-IPO,839,United States,4/16/2025
Forto,"Berlin, Non-U.S.",200,4/12/2025,,Logistics,Series D,593,Germany,4/16/2025
Google,SF Bay Area,,4/11/2025,,Consumer,Post-IPO,26,United States,4/16/2025
Marin Software,SF Bay Area,,4/10/2025,1,Marketing,Post-IPO,99,United States,4/16/2025
Wing Cloud,"Tel Aviv, Non-U.S.",,4/9/2025,1,Infrastructure,Seed,,Israel,4/16/2025
Coho AI,"Tel Aviv, Non-U.S.",,4/6/2025,1,Sales,Seed,8,Israel,4/16/2025
Five9,SF Bay Area,123,4/3/2025,0.04,Support,Post-IPO,862,United States,4/16/2025
Tract,"London, Non-U.S.",,4/3/2025,,Real Estate,Unknown,,United Kingdom,4/6/2025
Automattic,SF Bay Area,281,4/2/2025,0.16,Other,Series E,986,United States,4/2/2025
Canva,"Sydney, Non-U.S.",10,4/2/2025,,Consumer,Unknown,2500,Australia,4/2/2025
WhyHive,"Melbourne, Non-U.S.",,4/2/2025,1,Data,Seed,,Australia,4/6/2025
Zomato,"Gurugram, Non-U.S.",600,4/1/2025,,Food,Series J,914,India,12/9/2025
Northvolt,"Stockholm, Non-U.S.",2800,3/31/2025,0.62,Energy,Unknown,13800,Sweden,4/1/2025
2U,Washington D.C.,,3/31/2025,,Education,Post-IPO,426,United States,4/1/2025
Palantir,Denver,120,3/27/2025,,Data,Post-IPO,3000,United States,4/1/2025
Block,SF Bay Area,931,3/25/2025,0.08,Finance,Post-IPO,150,United States,3/26/2025
Niantic,SF Bay Area,68,3/25/2025,,Other,Series D,770,United States,3/27/2025
Prefect,Washington D.C.,20,3/25/2025,,Data,Series B,47,United States,3/27/2025
Brightcove,Boston,198,3/19/2025,0.33,Marketing,Acquired,145,United States,3/21/2025
Acxiom,Little Rock,130,3/19/2025,0.03,Marketing,Post-IPO,,United States,3/21/2025
HelloFresh,SF Bay Area,273,3/17/2025,,Food,Post-IPO,367,United States,3/18/2025
Otorio,"Tel Aviv, Non-U.S.",45,3/17/2025,0.56,Security,Acquired,,Israel,3/18/2025
ActiveFence,New York City,22,3/13/2025,0.07,Security,Series B,100,United States,3/14/2025
D-ID,"Tel Aviv, Non-U.S.",22,3/10/2025,0.25,AI,Series B,48,Israel,3/12/2025
Arrival,"London, Non-U.S.",,3/10/2025,1,Transportation,Post-IPO,629,United Kingdom,3/12/2025
Zonar Systems,Seattle,,3/9/2025,,Logistics,Acquired,50,United States,3/12/2025
Wayfair ,Boston,340,3/7/2025,,Retail,Post-IPO,1700,Germany,3/7/2025
Welltech,"Limassol, Non-U.S.",80,3/7/2025,0.1,Fitness,Unknown,,Cyprus,5/7/2026
Hewlett Packard Enterprise,SF Bay Area,2500,3/6/2025,0.05,Hardware,Post-IPO,1400,United States,3/7/2025
TikTok,"Dublin, Non-U.S.",300,3/6/2025,,Consumer,Acquired,,Ireland,3/7/2025
LiveRamp,SF Bay Area,65,3/5/2025,0.05,Marketing,Post-IPO,16,United States,3/7/2025
Ola Electric,"Bengaluru, Non-U.S.",1000,3/3/2025,,Transportation,Post-IPO,1700,India,3/5/2025
Rec Room,Seattle,,3/3/2025,0.16,Consumer,Series F,294,United States,3/5/2025
ANS Commerce,"Gurugram, Non-U.S.",,3/2/2025,1,Retail,Acquired,2,India,3/3/2025
HP,SF Bay Area,2000,2/28/2025,,Hardware,Post-IPO,,United States,11/27/2025
Grubhub,SF Bay Area,500,2/28/2025,0.23,Food,Acquired,284,United States,3/1/2025
Autodesk,SF Bay Area,1350,2/27/2025,0.09,Other,Post-IPO,,United States,2/28/2025
Digimarc,Portland,90,2/27/2025,0.4,Other,Post-IPO,105,United States,3/5/2025
Google,SF Bay Area,,2/27/2025,,Consumer,Post-IPO,26,United States,2/28/2025
Flywire,Boston,125,2/26/2025,,Finance,Series E,263,United States,3/1/2025
eBay,"Tel Aviv, Non-U.S.",20,2/26/2025,,Retail,Post-IPO,1200,United States,2/28/2025
Commercetools,"Munich, Non-U.S.",,2/26/2025,0.1,Retail,Series C,119,Germany,2/28/2025
Dayforce,"Toronto, Non-U.S.",,2/26/2025,0.05,HR,Post-IPO,40,Canada,2/28/2025
Expedia,Seattle,,2/26/2025,,Travel,Post-IPO,3300,United States,2/28/2025
Skybox Security,SF Bay Area,300,2/24/2025,1,Security,Private Equity,335,United States,2/26/2025
HerMD,Cincinnati,,2/24/2025,1,Healthcare,Series A,28,United States,2/26/2025
Ibotta,Denver,70,2/22/2025,0.08,Retail,Post-IPO,93,United States,2/24/2025
NetEase,"Tokyo, Non-U.S.",,2/22/2025,,Consumer,Post-IPO,,Japan,2/23/2025
Zendesk,SF Bay Area,51,2/21/2025,,Support,Acquired,85,United States,2/21/2025
Electriq Global,"Tel Aviv, Non-U.S.",,2/21/2025,1,Energy,Unknown,8,Israel,2/26/2025
SeatGeek,New York City,150,2/20/2025,0.15,Consumer,Series E,400,United States,2/21/2025
Vendease,"Lagos, Non-U.S.",120,2/19/2025,0.44,Food,Series A,43,Nigeria,2/21/2025
Riskified,New York City,,2/19/2025,,Retail,Post-IPO,229,United States,2/21/2025
Logically,"Manchester, Non-U.S.",40,2/17/2025,0.2,AI,Series A,37,United Kingdom,2/18/2025
Eviation Aircraft,"Tel Aviv, Non-U.S.",,2/14/2025,,Aerospace,Acquired,140,Israel,2/18/2025
Blue Origin,Seattle,1000,2/13/2025,0.1,Aerospace,Unknown,167,United States,2/15/2025
Metro Africa Xpress,"Lagos, Non-U.S.",150,2/13/2025,,Logistics,Unknown,64,Nigeria,3/28/2025
Sophos,"Oxford, Non-U.S.",,2/13/2025,0.06,Security,Acquired,125,United Kingdom,2/13/2025
Redfin,Seattle,450,2/12/2025,,Real Estate,Post-IPO,320,United States,2/18/2025
Zepz,"London, Non-U.S.",200,2/12/2025,0.2,Finance,Series E,700,United Kingdom,2/12/2025
Getaround,SF Bay Area,,2/12/2025,,Transportation,Series D,403,United States,2/13/2025
Unity,SF Bay Area,,2/11/2025,,Other,Post-IPO,1300,United States,2/12/2025
Meta,SF Bay Area,3600,2/10/2025,0.05,Consumer,Post-IPO,26000,United States,1/16/2025
Wise,Tampa Bay,300,2/10/2025,,Finance,Post-IPO,300,United States,2/26/2025
Justworks,New York City,200,2/10/2025,,HR,Unknown,160,United States,2/11/2025
MessageBird,"Amsterdam, Non-U.S.",120,2/10/2025,0.33,Other,Series C,1100,Netherlands,2/11/2025
Sprinklr,New York City,500,2/6/2025,0.15,Support,Post-IPO,429,United States,2/8/2025
NanoLock,"Tel Aviv, Non-U.S.",,2/6/2025,1,Security,Series B,18,Israel,2/26/2025
Refurbed,"Vienna, Non-U.S.",,2/6/2025,0.2,Retail,Series C,191,Austria,5/15/2026
Workday,SF Bay Area,1750,2/5/2025,0.08,HR,Post-IPO,230,United States,2/5/2025
Gemini,New York City,200,2/5/2025,,Crypto,Unknown,423,United States,2/6/2026
Outbrain,New York City,200,2/5/2025,,Marketing,Post-IPO,394,United States,2/5/2025
Sonos,Santa Barbara,200,2/5/2025,0.12,Consumer,Post-IPO,455.2,United States,2/5/2025
SRTX,"Montreal, Non-U.S.",140,2/5/2025,,Manufacturing,Unknown,151,Canada,2/5/2025
Tabnine,"Tel Aviv, Non-U.S.",15,2/5/2025,0.18,AI,Series B,57,Israel,2/6/2025
Hugging Face,New York City,10,2/5/2025,0.04,AI,Series D,395,United States,2/6/2025
Cruise,SF Bay Area,1000,2/4/2025,0.5,Transportation,Acquired,15000,United States,2/4/2025
Okta,SF Bay Area,180,2/4/2025,0.03,Security,Post-IPO,1200,United States,2/4/2025
AppsFlyer,SF Bay Area,100,2/4/2025,0.07,Data,Unknown,293,United States,2/4/2025
Asana,SF Bay Area,100,2/4/2025,,Other,Post-IPO,453,United States,2/5/2025
TripAdvisor,Boston,75,2/4/2025,,Travel,Post-IPO,3,United States,2/5/2025
Intel,Sacramento,58,2/4/2025,,Hardware,Post-IPO,12,United States,2/21/2025
Innoviz,"Tel Aviv, Non-U.S.",40,2/4/2025,0.09,Transportation,Post-IPO,547,Israel,12/8/2025
Salesforce,SF Bay Area,1000,2/3/2025,0.01,Sales,Post-IPO,65,United States,2/4/2025
Sure,New York City,70,2/3/2025,,Finance,Series C,123,United States,2/5/2025
Cushion,SF Bay Area,,1/30/2025,1,Finance,Series A,20,United States,2/2/2025
Placer.ai,SF Bay Area,150,1/29/2025,0.18,Data,Unknown,267,United States,1/30/2025
Amazon,Seattle,,1/29/2025,,Retail,Post-IPO,8100,United States,2/2/2025
Digital River,Minneapolis,122,1/28/2025,,Retail,Private Equity,50,United States,2/2/2025
Aurora Labs,"Tel Aviv, Non-U.S.",45,1/27/2025,0.6,Transportation,Series C,97,Israel,12/8/2025
Moon Active,"Tel Aviv, Non-U.S.",,1/27/2025,,Consumer,Unknown,425,Israel,1/29/2025
Stripe,SF Bay Area,300,1/21/2025,0.03,Finance,Series I,8700,United States,1/21/2025
Turso,"London, Non-U.S.",,1/21/2025,,Product,Seed,7,United Kingdom,1/29/2025
Unbabel,"Lisbon, Non-U.S.",66,1/20/2025,0.25,Support,Series C,91,Portugal,1/29/2025
Chrono24,"Karlsruhe, Non-U.S.",110,1/16/2025,0.24,Retail,Series C,205,Germany,1/17/2025
Pocket FM,"Bengaluru, Non-U.S.",75,1/16/2025,,Media,Series D,212,India,1/21/2025
Aurora Solar,SF Bay Area,58,1/16/2025,,Energy,Series D,523,United States,1/17/2025
HeyJobs,"Berlin, Non-U.S.",90,1/15/2025,,Recruiting,Series B,62,Germany,2/2/2025
AppLovin,SF Bay Area,89,1/15/2025,,Marketing,Post-IPO,1600,United States,4/19/2025
ShareChat,"Bengaluru, Non-U.S.",27,1/15/2025,0.05,Marketing,Series D,222,India,1/16/2025
Textio,Seattle,15,1/15/2025,,Recruiting,Unknown,42,United States,1/17/2025
Advisor Credit Exchange,Philadelphia,,1/14/2025,1,Finance,Unknown,31,United States,1/15/2025
Microsoft,Seattle,,1/14/2025,,Other,Post-IPO,1,United States,1/15/2025
TechCrunch,SF Bay Area,,1/14/2025,,Media,Acquired,,United States,1/17/2025
Alza,New York City,,1/13/2025,1,Finance,Seed,7,United States,1/15/2025
Boozt,"Malmo, Non-U.S.",,1/13/2025,0.1,Retail,Post-IPO,56,Sweden,2/2/2025
Wayfair,"Berlin, Non-U.S.",730,1/10/2025,0.03,Retail,Post-IPO,1700,Germany,1/12/2025
Pandion,Seattle,63,1/10/2025,1,Logistics,Series B,76,United States,1/12/2025
Zillow,Seattle,,1/10/2025,,Real Estate,Post-IPO,97,United States,1/15/2025
Icon,Austin,114,1/9/2025,,Construction,Series B,451,United States,1/12/2025
Redfin,Seattle,46,1/9/2025,,Real Estate,Post-IPO,320,United States,1/15/2025
Altruist,SF Bay Area,37,1/7/2025,0.1,Finance,Series E,449,United States,1/8/2025
Aqua Security,Boston,,1/7/2025,,Security,Series E,325,United States,1/8/2025
Cloud Software Group,SF Bay Area,,1/7/2025,,Other,Unknown,,United States,1/12/2025
Microsoft,Seattle,,1/7/2025,,Other,Post-IPO,1,United States,1/11/2025
SolarEdge,"Tel Aviv, Non-U.S.",400,1/6/2025,,Energy,Post-IPO,155,Israel,1/8/2025
Level,New York City,,1/2/2025,1,Finance,Series B,27,United States,1/4/2025
GupShup,SF Bay Area,300,12/31/2024,,Other,Series F,484,United States,4/16/2025
Brave Care,Portland,,12/31/2024,1,Healthcare,Series B,43,United States,1/4/2025
Epicery,"Paris, Non-U.S.",,12/31/2024,1,Food,Acquired,7,France,1/4/2025
Bench,"Vancouver, Non-U.S.",450,12/27/2024,1,Finance,Series C,109,Canada,12/28/2024
Lilium,"Munich, Non-U.S.",1000,12/23/2024,1,Aerospace,Post-IPO,1400,Germany,12/28/2024
BionicHIVE,"Sderot, Non-U.S.",,12/22/2024,1,Hardware,Unknown,,Israel,12/28/2024
RealSelf,Seattle,,12/19/2024,,Healthcare,Series B,42,United States,1/15/2025
Refinery29,New York City,,12/17/2024,,Media,Acquired,134,United States,12/18/2024
Thrive,"Mumbai, Non-U.S.",,12/14/2024,1,Food,Series A,,India,12/18/2024
Cint,"Stockholm, Non-U.S.",,12/12/2024,0.12,Data,Post-IPO,17,Sweden,2/8/2025
Yahoo,SF Bay Area,,12/12/2024,,Consumer,Acquired,6,United States,12/13/2024
Foundry,Rochester,74,12/11/2024,0.27,Crypto,Subsidiary,,United States,12/13/2024
Calendly,Atlanta,70,12/11/2024,0.13,Other,Series B,351,United States,12/13/2024
Canoo,Los Angeles,20,12/11/2024,,Transportation,Post-IPO,300,United States,12/13/2024
OfferUp,Seattle,,12/11/2024,0.22,Retail,Unknown,381,United States,12/13/2024
Spotter,Los Angeles,,12/11/2024,,Other,Unknown,238,United States,12/13/2024
Bluevine,"Tel Aviv, Non-U.S.",100,12/10/2024,0.18,Finance,Unknown,769,Israel,12/11/2024
Spectrm,"Berlin, Non-U.S.",,12/10/2024,,Marketing,Series B,11,Germany,12/18/2024
EasyKnock,New York City,,12/9/2024,1,Real Estate,Series D,440,United States,12/11/2024
Carousell,"Singapore, Non-U.S.",76,12/6/2024,0.07,Retail,Unknown,375,Singapore,12/7/2024
Mixtroz,Birmingham,,12/6/2024,1,Other,Seed,2,United States,12/11/2024
Circle,Boston,50,12/5/2024,0.06,Crypto,Private Equity,1100,United States,12/7/2024
Vox Media,Washington D.C.,,12/5/2024,,Media,Series F,307,United States,12/7/2024
Stash,New York City,88,12/4/2024,0.4,Finance,Unknown,480,United States,12/7/2024
Booking Holdings,Norwalk,60,12/4/2024,,Travel,Post-IPO,2800,United States,12/7/2024
2U,Washington D.C.,,12/4/2024,,Education,Post-IPO,426,United States,12/7/2024
Skai,"Tel Aviv, Non-U.S.",80,12/3/2024,0.14,Marketing,Series E,60,Israel,12/11/2024
Lightspeed Commerce,"Montreal, Non-U.S.",200,12/2/2024,,Retail,Post-IPO,1200,Canada,12/3/2024
Kobo360,"Lagos, Non-U.S.",30,11/30/2024,,Logistics,Series B,85,Nigeria,1/21/2025
Klub,"Bengaluru, Non-U.S.",60,11/29/2024,,Finance,Unknown,35,India,12/1/2024
SolarEdge,"Tel Aviv, Non-U.S.",500,11/27/2024,0.12,Energy,Post-IPO,155,Israel,1/8/2025
AlphaSense,New York City,150,11/27/2024,0.08,Other,Series F,1400,United States,11/28/2024
Sprout Social,Chicago,,11/25/2024,,Marketing,Post-IPO,111,United States,12/13/2024
Apple,SF Bay Area,,11/24/2024,,Hardware,Post-IPO,1200,United States,11/27/2025
Ola Electric,"Bengaluru, Non-U.S.",500,11/22/2024,,Transportation,Post-IPO,1700,India,11/24/2024
Adjust,"Berlin, Non-U.S.",304,11/22/2024,,Marketing,Acquired,256,Germany,11/24/2024
Hopper,"Montreal, Non-U.S.",,11/22/2024,,Travel,Unknown,730,Canada,11/24/2024
LinkedIn,SF Bay Area,202,11/21/2024,0.01,Recruiting,Acquired,154,United States,11/24/2024
Headspace,Los Angeles,,11/20/2024,0.13,Healthcare,Unknown,216,United States,11/28/2024
Own,New York City,,11/19/2024,,Data,Acquired,507,United States,11/21/2024
TrueLayer,"London, Non-U.S.",71,11/15/2024,0.25,Finance,Series E,321,United Kingdom,11/21/2024
Better Collective,"Copenhagen, Non-U.S.",300,11/14/2024,,Other,Unknown,,Denmark,2/18/2025
Kuku FM,"Mumbai, Non-U.S.",80,11/14/2024,,Media,Series C,71,India,11/15/2024
AMD,SF Bay Area,1000,11/13/2024,0.04,Hardware,Post-IPO,,United States,11/13/2024
AppLovin,SF Bay Area,120,11/13/2024,,Marketing,Post-IPO,1600,United States,11/16/2024
Chegg,SF Bay Area,319,11/12/2024,0.21,Education,Post-IPO,227,United States,11/13/2024
Forward,SF Bay Area,200,11/12/2024,1,Healthcare,Series E,325,United States,11/13/2024
Lyra Health,SF Bay Area,77,11/12/2024,0.02,Healthcare,Series F,910,United States,11/21/2024
New Relic,SF Bay Area,,11/12/2024,,Infrastructure,Acquired,214,United States,11/13/2024
Stoa,"Bengaluru, Non-U.S.",,11/12/2024,1,Education,Seed,,India,11/14/2024
Enphase Energy,SF Bay Area,500,11/11/2024,0.17,Energy,Post-IPO,116,United States,11/12/2024
23andMe,SF Bay Area,200,11/11/2024,0.4,Healthcare,Post-IPO,1100,United States,11/12/2024
Sword Health,New York City,13,11/11/2024,,Healthcare,Unknown,450,United States,11/12/2024
Monarch Tractor,SF Bay Area,35,11/8/2024,0.1,Other,Unknown,214,United States,11/9/2024
BigCommerce,Austin,,11/8/2024,,Retail,Post-IPO,224,United States,11/9/2024
Booking.com,Grand Rapids,,11/8/2024,,Travel,Acquired,,United States,11/10/2024
Exosonic,Los Angeles,,11/8/2024,1,Aerospace,Seed,4,United States,11/9/2024
Freshworks,SF Bay Area,660,11/7/2024,0.13,Support,Post-IPO,484,United States,11/7/2024
Just Eat,"Amsterdam, Non-U.S.",300,11/7/2024,0.02,Food,Acquired,129,Netherlands,11/8/2024
Opendoor,SF Bay Area,300,11/7/2024,0.17,Real Estate,Post-IPO,1900,United States,11/8/2024
Akamai,Boston,250,11/7/2024,0.02,Security,Post-IPO,35,United States,11/8/2024
ShareFile,Raleigh,199,11/7/2024,,Other,Acquired,,United States,11/8/2024
Personio,"Munich, Non-U.S.",115,11/7/2024,0.06,HR,Series E,724,Germany,11/7/2024
iRobot,Boston,105,11/6/2024,0.16,Consumer,Post-IPO,30,United States,11/7/2024
Outreach,Seattle,67,11/6/2024,0.09,Sales,Series G,489,United States,11/7/2024
Avaya,Durham,,11/6/2024,,Other,Post-IPO,700,United States,11/8/2024
Mozilla Foundation,SF Bay Area,,11/5/2024,0.3,Consumer,Subsidiary,2.3,United States,11/6/2024
Incredibuild,"Tel Aviv, Non-U.S.",18,11/4/2024,0.11,Product,Acquired,35,Israel,11/6/2024
Atera,"Tel Aviv, Non-U.S.",20,11/3/2024,0.06,Other,Series B,102,Israel,11/4/2024
Maven Clinic,New York City,60,11/1/2024,0.1,Healthcare,Series F,417,United States,11/2/2024
Bowery Farming,New York City,,11/1/2024,1,Food,Unknown,626,United States,11/2/2024
Tidal,New York City,,10/31/2024,,Consumer,Acquired,,United States,10/31/2024
Dropbox,SF Bay Area,527,10/30/2024,0.2,Other,Post-IPO,1700,United States,10/30/2024
Kraken,SF Bay Area,400,10/30/2024,0.15,Crypto,Unknown,134,United States,10/31/2024
Miro,SF Bay Area,275,10/30/2024,0.18,Other,Series C,476,United States,10/30/2024
ConsenSys,New York City,163,10/29/2024,0.2,Crypto,Series D,726,United States,10/30/2024
F5,Seattle,100,10/29/2024,0.02,Security,Post-IPO,,United States,10/30/2024
Docker,SF Bay Area,,10/29/2024,0.1,Infrastructure,Series C,436,United States,10/30/2024
dYdX,SF Bay Area,,10/29/2024,0.35,Crypto,Series C,87,United States,10/30/2024
Coursera,SF Bay Area,150,10/25/2024,0.1,Education,Post-IPO,458,United States,10/31/2024
Kyte,SF Bay Area,,10/25/2024,0.4,Transportation,Unknown,548,United States,10/26/2024
Twelve,SF Bay Area,,10/25/2024,,Energy,Unknown,844,United States,10/31/2024
Airthings,"Oslo, Non-U.S.",,10/24/2024,,Hardware,Unknown,,Norway,10/26/2024
Catena Media,"Sliema, Non-U.S.",29,10/23/2024,,Marketing,Unknown,,Malta,11/4/2024
Upwork,SF Bay Area,,10/23/2024,0.21,Other,Post-IPO,168,United States,10/24/2024
Venminder,Louisville,100,10/21/2024,,Security,Acquired,49,United States,10/23/2024
Jellysmack,New York City,22,10/21/2024,,Media,Series C,22,France,10/23/2024
Chief,New York City,,10/20/2024,,HR,Series B,140,United States,10/23/2024
CapWay,Atlanta,,10/17/2024,1,Finance,Unknown,,United States,10/18/2024
Meta,SF Bay Area,,10/16/2024,,Consumer,Post-IPO,26000,United States,10/17/2024
Gigamon,SF Bay Area,69,10/15/2024,,Data,Acquired,23,United States,10/16/2024
AppLovin,SF Bay Area,58,10/15/2024,,Marketing,Post-IPO,1600,United States,4/19/2025
Fable,New York City,,10/15/2024,1,Product,Series A,19,United States,10/18/2024
Bytedance,"Jakarta, Non-U.S.",500,10/11/2024,,Consumer,Unknown,9400,Indonesia,10/11/2024
Nikola,Phoenix,130,10/11/2024,0.15,Transportation,Post-IPO,3300,United States,10/17/2024
Toplyne,"Bengaluru, Non-U.S.",,10/11/2024,1,Sales,Series A,17,India,10/11/2024
CareerBuilder + Monster,Chicago,200,10/10/2024,0.15,Recruiting,Acquired,,United States,10/11/2024
GoWild,Louisville,,10/10/2024,1,Retail,Seed,8,United States,10/11/2024
Toptal,SF Bay Area,,10/10/2024,,Recruiting,Unknown,,United States,10/10/2024
Grabango,SF Bay Area,,10/9/2024,1,Food,Unknown,94,United States,10/11/2024
BeepKart,"Bengaluru, Non-U.S.",130,10/8/2024,0.4,Retail,Series A,19,India,10/9/2024
Zapp,"London, Non-U.S.",,10/8/2024,0.9,Food,Series B,300,United Kingdom,10/9/2024
Eaze,SF Bay Area,500,10/7/2024,1,Consumer,Series D,202,United States,10/7/2024
PubMatic,SF Bay Area,12,10/7/2024,0.01,Marketing,Post-IPO,63,United States,10/7/2024
Zapata Computing,Boston,,10/7/2024,1,Other,Post-IPO,82,United States,10/15/2024
AppLovin,SF Bay Area,65,10/3/2024,,Marketing,Post-IPO,1600,United States,4/19/2025
Tome,SF Bay Area,12,10/2/2024,0.31,Sales,Series B,75,United States,10/2/2024
Alma,New York City,,10/2/2024,0.09,Healthcare,Series D,220,United States,10/3/2024
Flexport,SF Bay Area,,10/2/2024,0.02,Logistics,Series E,2400,United States,10/4/2024
ABBYY,Nicosia,200,10/1/2024,,Data,Unknown,6,Cyprus,10/3/2024
FreshBooks,"Toronto, Non-U.S.",140,10/1/2024,,Finance,Unknown,331,Canada,10/2/2024
Vendease,"Lagos, Non-U.S.",68,9/30/2024,0.2,Food,Series A,43,Nigeria,2/21/2025
Marin Software,SF Bay Area,27,9/30/2024,0.26,Marketing,Post-IPO,99,United States,4/16/2025
Shein,"Singapore, Non-U.S.",17,9/30/2024,,Retail,Private Equity,4100,Singapore,10/1/2024
DoubleCloud,"Dubai, Non-U.S.",,9/30/2024,1,Infrastructure,Unknown,,UAE,10/2/2024
Greenikk,"Trivandrum, Non-U.S.",,9/30/2024,1,Food,Seed,1,India,10/1/2024
Drata,San Diego,40,9/26/2024,0.09,Security,Series C,328,United States,9/26/2024
Moov,Cedar Falls,50,9/25/2024,,Finance,Series B,77,United States,9/26/2024
FreightWaves,Chattanooga,16,9/24/2024,,Logistics,Private Equity,92,United States,9/26/2024
F5,Seattle,,9/24/2024,,Security,Post-IPO,,United States,9/26/2024
Northvolt,"Stockholm, Non-U.S.",1600,9/23/2024,0.2,Energy,Unknown,13800,Sweden,9/26/2024
Olo,New York City,,9/23/2024,0.09,Food,Post-IPO,184,United States,9/24/2024
Healthy.io,"Tel Aviv, Non-U.S.",40,9/22/2024,0.3,Healthcare,Series D,185,Israel,9/24/2024
Reverb,Chicago,40,9/20/2024,,Retail,Acquired,47,United States,9/26/2024
Luminar,Orlando,,9/20/2024,0.15,Transportation,Post-IPO,780,United States,9/24/2024
Notable Labs,SF Bay Area,,9/20/2024,0.65,Healthcare,Series B,,United States,9/21/2024
CarTrawler,"Dublin, Non-U.S.",40,9/19/2024,0.1,Transportation,Acquired,,Ireland,9/21/2024
ApplyBoard,"Waterloo, Non-U.S.",,9/19/2024,0.04,Education,Series D,483,Canada,9/21/2024
Spendesk,"Paris, Non-U.S.",151,9/18/2024,,Finance,Series C,,France,10/1/2024
Aakash,"New Delhi, Non-U.S.",80,9/18/2024,,Education,Acquired,,India,9/21/2024
IBM,New York City,,9/18/2024,,Hardware,Post-IPO,,United States,9/21/2024
Runtastic,"Linz, Non-U.S.",170,9/16/2024,,Fitness,Acquired,,Austria,9/17/2024
Microsoft,Seattle,650,9/12/2024,,Other,Post-IPO,1,United States,9/12/2024
Amperity,Seattle,,9/12/2024,0.13,Marketing,Series D,187,United States,9/13/2024
Udemy,SF Bay Area,280,9/11/2024,,Education,Post-IPO,311,United States,9/18/2024
Mobileye,"Jerusalem, Non-U.S.",100,9/9/2024,,Transportation,Post-IPO,2100,Israel,9/24/2024
InsurStaq.ai,"New Delhi, Non-U.S.",,9/9/2024,1,AI,Seed,,India,9/10/2024
Nori,Seattle,,9/9/2024,1,Energy,Unknown,19,United States,9/10/2024
WeTransfer,"Amsterdam, Non-U.S.",260,9/8/2024,0.75,Other,Acquired,64,Netherlands,9/9/2024
Center,Seattle,8,9/7/2024,0.04,Finance,Series C,102,United States,10/1/2024
Goop,Los Angeles,39,9/6/2024,0.18,Retail,Unknown,75,United States,9/6/2024
Motif Foodworks,Boston,,9/6/2024,1,Food,Unknown,343,United States,9/9/2024
ChargePoint,SF Bay Area,250,9/4/2024,0.15,Manufacturing,Unknown,1400,United States,9/6/2024
Fly.io,Chicago,40,9/4/2024,,Infrastructure,Series C,110,United States,9/11/2024
Lyft,SF Bay Area,30,9/4/2024,0.01,Transportation,Post-IPO,4900,United States,9/4/2024
ABL,Los Angeles,,9/3/2024,,Aerospace,Unknown,479,United States,9/4/2024
Matter Labs,"Berlin, Non-U.S.",,9/3/2024,0.16,Crypto,Unknown,380,Germany,9/6/2024
Dozee,"Bengaluru, Non-U.S.",40,9/2/2024,,Healthcare,Series A,26,India,9/4/2024
Dunzo,"Bengaluru, Non-U.S.",150,8/31/2024,0.75,Food,Unknown,458,India,9/1/2024
Character.ai,SF Bay Area,6,8/29/2024,0.05,AI,Series A,150,United States,9/1/2024
Brave,SF Bay Area,27,8/28/2024,0.14,Consumer,Series B,42,United States,8/28/2024
Apple,SF Bay Area,100,8/27/2024,,Hardware,Post-IPO,1200,United States,8/28/2024
IBM,"Beijing, Non-U.S.",1000,8/26/2024,,Hardware,Post-IPO,,China,8/28/2024
Tome Biosciences,Boston,131,8/26/2024,1,Healthcare,Series A,213,United States,8/28/2024
Velo3D,SF Bay Area,42,8/26/2024,,Manufacturing,Post-IPO,305,United States,9/2/2024
Kenko Health,"Mumbai, Non-U.S.",,8/23/2024,1,Healthcare,Series A,14,India,8/28/2024
Received,New York City,,8/23/2024,1,Finance,Unknown,,United States,8/28/2024
Sandvine,"Waterloo, Non-U.S.",,8/23/2024,,Infrastructure,Acquired,63,Canada,8/28/2024
Redfin,Seattle,82,8/22/2024,0.02,Real Estate,Post-IPO,320,United States,8/28/2024
Kaiyo,New York City,,8/21/2024,1,Retail,Series B,43,United States,8/22/2024
Skip the Dishes,"Winnipeg, Non-U.S.",800,8/20/2024,,Food,Acquired,8,Canada,8/21/2024
Five9,SF Bay Area,190,8/20/2024,0.07,Support,Post-IPO,862,United States,8/21/2024
ReshaMandi,"Bengaluru, Non-U.S.",,8/20/2024,1,Food,Unknown,54,India,8/22/2024
GoPro,SF Bay Area,139,8/19/2024,0.15,Consumer,Post-IPO,288,United States,8/21/2024
Localize,New York City,,8/19/2024,,Real Estate,Series A,40,United States,8/20/2024
Paper,"Montreal, Non-U.S.",81,8/16/2024,0.45,Education,Series D,389,Canada,8/28/2024
Retention.com,Austin,15,8/16/2024,,Marketing,Unknown,,United States,8/20/2024
Loop,Columbus,,8/16/2024,,Retail,Series B,125,United States,8/16/2024
Regrow Ag,Durham,,8/16/2024,0.19,Food,Series B,64,United States,8/20/2024
AppLovin,SF Bay Area,61,8/15/2024,,Marketing,Post-IPO,1600,United States,9/2/2024
Inuitive,"Ra'anana, Non-U.S.",16,8/15/2024,0.2,Manufacturing,Unknown,23,Israel,8/16/2024
Formlabs,Boston,,8/15/2024,,Hardware,Series E,254,United States,8/16/2024
Mister Spex,"Berlin, Non-U.S.",,8/15/2024,0.1,Retail,Post-IPO,158,Germany,8/15/2024
PacketFabric,Los Angeles,,8/15/2024,,Infrastructure,Unknown,110,United States,8/16/2024
Sampler,"Toronto, Non-U.S.",,8/15/2024,1,Retail,Series B,10,Canada,8/28/2024
Sonos,Santa Barbara,100,8/14/2024,0.06,Consumer,Post-IPO,455.2,United States,8/14/2024
Grail,SF Bay Area,350,8/13/2024,,Healthcare,Post-IPO,,United States,8/20/2024
DayTwo,SF Bay Area,,8/13/2024,1,Healthcare,Series B,90,United States,8/14/2024
Quizac,"Lagos, Non-U.S.",,8/13/2024,1,Education,Acquired,,Nigeria,9/4/2024
Tally,SF Bay Area,,8/12/2024,1,Finance,Series C,172,United States,8/13/2024
Cisco,SF Bay Area,5600,8/9/2024,0.07,Infrastructure,Post-IPO,2,United States,8/9/2024
Branch.io,SF Bay Area,100,8/9/2024,,Marketing,Series F,667,United States,8/9/2024
iCIMS,Holmdel,69,8/9/2024,,Recruiting,Acquired,93,United States,8/14/2024
Ready Robotics,Columbus,,8/9/2024,,Manufacturing,Unknown,41,United States,8/9/2024
Submittable,Missoula,40,8/8/2024,,Other,Unknown,115,United States,10/17/2024
Fastly,SF Bay Area,,8/8/2024,0.11,Infrastructure,Post-IPO,219,United States,8/9/2024
Eventbrite,SF Bay Area,100,8/7/2024,0.11,Consumer,Post-IPO,557,United States,8/8/2024
LegalZoom,Los Angeles,,8/7/2024,0.15,Legal,Post-IPO,952,United States,8/8/2024
Axios Media,Washington D.C.,50,8/6/2024,0.1,Media,Acquired,57,United States,8/6/2024
Mobius Motors,"Nairobi, Non-U.S.",,8/6/2024,1,Transportation,Unknown,6,Kenya,8/6/2024
Teradata,San Diego,,8/6/2024,0.13,Data,Post-IPO,,United States,8/7/2024
Infineon,"Munich, Non-U.S.",1400,8/5/2024,,Manufacturing,Post-IPO,1500,Germany,8/5/2024
Jam City,Los Angeles,85,8/5/2024,0.1,Consumer,Unknown,652,United States,8/5/2024
Dell,Austin,,8/5/2024,,Hardware,Post-IPO,,United States,8/5/2024
ShareChat,"Bengaluru, Non-U.S.",30,8/3/2024,0.05,Marketing,Series D,222,India,8/5/2024
Intel,SF Bay Area,15000,8/1/2024,0.15,Hardware,Post-IPO,12,United States,8/1/2024
Avaya,Durham,180,8/1/2024,0.03,Other,Post-IPO,700,United States,11/8/2024
Rad Power Bikes,Seattle,,8/1/2024,,Transportation,Series D,329,United States,8/1/2024
Bungie,Seattle,220,7/31/2024,0.17,Consumer,Acquired,100,United States,8/1/2024
Delivery Hero,"Berlin, Non-U.S.",200,7/31/2024,,Food,Post-IPO,9900,Germany,8/6/2024
Match Group,New York City,,7/31/2024,0.06,Consumer,Post-IPO,,United States,8/1/2024
NerdWallet,SF Bay Area,,7/30/2024,0.15,Finance,Post-IPO,105,United States,7/31/2024
Moxion Power,SF Bay Area,248,7/29/2024,1,Energy,Unknown,124,United States,7/30/2024
OrCam,"Jerusalem, Non-U.S.",,7/28/2024,,Healthcare,Unknown,86,Israel,7/29/2024
Pocket FM,"Bengaluru, Non-U.S.",200,7/27/2024,,Media,Series D,212,India,7/29/2024
WayCool,"Chennai, Non-U.S.",200,7/26/2024,,Food,Unknown,363,India,7/26/2024
Webflow,SF Bay Area,,7/25/2024,0.08,Marketing,Series C,335,United States,7/25/2024
Humble Games,SF Bay Area,36,7/23/2024,1,Media,Acquired,4,United States,7/29/2024
Cohere,"Toronto, Non-U.S.",20,7/23/2024,0.05,AI,Series D,935,Canada,7/24/2024
Bluelearn,"Bengaluru, Non-U.S.",,7/22/2024,1,Education,Seed,4,India,7/22/2024
Magic Leap,Miami,75,7/19/2024,,Consumer,Series E,4100,United States,7/19/2024
Mercari U.S.,SF Bay Area,,7/19/2024,0.5,Retail,Subsidiary,,United States,7/20/2024
Aqua Security,Boston,50,7/17/2024,0.1,Security,Series E,325,United States,7/18/2024
EverC,"Tel Aviv, Non-U.S.",16,7/17/2024,0.1,Security,Unknown,61,Israel,7/18/2024
Lex,New York City,,7/17/2024,,Consumer,Seed,7,United States,7/18/2024
ON,SF Bay Area,60,7/16/2024,1,Retail,Unknown,81,United States,7/17/2024
Kaspersky,Boston,,7/16/2024,,Security,Private Equity,,United States,7/17/2024
Unbounce,"Vancouver, Non-U.S.",,7/16/2024,,Marketing,Acquired,39,Canada,7/25/2024
SolarEdge,"Tel Aviv, Non-U.S.",400,7/15/2024,,Energy,Post-IPO,155,Israel,7/16/2024
Salesforce,SF Bay Area,300,7/15/2024,,Sales,Post-IPO,65,United States,7/15/2024
Spotify,"Stockholm, Non-U.S.",40,7/15/2024,,Media,Post-IPO,2100,Sweden,7/16/2024
SadaPay,"Islamabad, Non-U.S.",,7/12/2024,0.3,Finance,Acquired,20,Pakistan,7/16/2024
MoxiWorks,Seattle,,7/11/2024,,Real Estate,Private Equity,,United States,7/16/2024
Intuit,SF Bay Area,1800,7/10/2024,0.1,Finance,Post-IPO,18,United States,7/10/2024
Redbox,Chicago,1000,7/10/2024,1,Media,Acquired,51,United States,7/22/2024
CyberProof,Los Angeles,,7/10/2024,0.07,Security,Subsidiary,,United States,7/11/2024
UIPath,New York City,420,7/9/2024,0.1,Other,Post-IPO,2000,United States,7/10/2024
UKG,Boston,2200,7/3/2024,0.14,HR,Unknown,,United States,7/3/2024
OpenText,"Waterloo, Non-U.S.",1200,7/3/2024,0.02,Data,Post-IPO,1100,Canada,7/3/2024
Microsoft,Seattle,,7/3/2024,,Other,Post-IPO,1,United States,7/8/2024
Unacademy,"Bengaluru, Non-U.S.",250,7/2/2024,,Education,Series H,838,India,7/3/2024
Koo,"Bengaluru, Non-U.S.",,7/2/2024,1,Consumer,Unknown,51,India,7/4/2024
Lightricks,"Jerusalem, Non-U.S.",70,7/1/2024,0.12,Consumer,Series D,335,Israel,7/3/2024
Upside Foods,SF Bay Area,26,7/1/2024,,Food,Unknown,598,United States,7/3/2024
Sightful,"Tel Aviv, Non-U.S.",20,7/1/2024,0.33,Hardware,Unknown,61,Israel,7/3/2024
Cint,"Stockholm, Non-U.S.",,7/1/2024,,Data,Post-IPO,17,Sweden,7/3/2024
Ninja Van,"Singapore, Non-U.S.",,7/1/2024,0.05,Transportation,Series E,974,Singapore,7/3/2024
SoundThinking,SF Bay Area,,6/30/2024,0.03,Security,Unknown,68,United States,8/18/2026
Priceline,Norwalk,103,6/28/2024,0.07,Travel,Acquired,77,United States,7/3/2024
RealPage,Dallas,260,6/27/2024,0.04,Real Estate,Acquired,105,United States,7/3/2024
Planet,SF Bay Area,180,6/26/2024,0.17,Aerospace,Post-IPO,574,United States,6/29/2024
Moxion Power,SF Bay Area,101,6/26/2024,,Energy,Unknown,124,United States,6/29/2024
eBay,"Tel Aviv, Non-U.S.",,6/26/2024,,Retail,Post-IPO,1200,Israel,6/29/2024
Perion,"Tel Aviv, Non-U.S.",35,6/25/2024,0.05,Marketing,Post-IPO,76,Israel,6/26/2024
BeReal,"Paris, Non-U.S.",,6/25/2024,,Consumer,Acquired,,France,6/26/2024
Flutterwave,"Lagos, Non-U.S.",30,6/24/2024,0.03,Finance,Unknown,509,Nigeria,6/26/2024
Ginkgo Bioworks,Boston,,6/24/2024,,Healthcare,Post-IPO,1600,United States,6/19/2024
Trade Republic,"Berlin, Non-U.S.",,6/23/2024,,Finance,Unknown,1300,Germany,6/23/2024
Ginkgo Bioworks,Boston,400,6/20/2024,0.35,Healthcare,Post-IPO,1600,United States,6/23/2024
Bluevine,"Tel Aviv, Non-U.S.",,6/20/2024,,Finance,Unknown,769,Israel,6/23/2024
ReshaMandi,"Bengaluru, Non-U.S.",,6/20/2024,0.8,Food,Unknown,54,India,6/23/2024
Emma Sleep,"Frankfurt, Non-U.S.",200,6/19/2024,0.18,Retail,Acquired,,Germany,6/23/2024
Moovit,"Tel Aviv, Non-U.S.",20,6/19/2024,0.1,Transportation,Acquired,131,Israel,6/23/2024
Wex,Portland,375,6/18/2024,0.05,Finance,Post-IPO,400,United States,6/23/2024
PayPal,SF Bay Area,85,6/18/2024,,Finance,Post-IPO,216,United States,6/23/2024
Rapyd,"Tel Aviv, Non-U.S.",30,6/18/2024,,Finance,Unknown,770,Israel,6/19/2024
C2FO,Kansas City,16,6/18/2024,,Finance,Series H,537,United States,6/19/2024
Fisker,Los Angeles,,6/18/2024,1,Transportation,Post-IPO,1700,United States,6/19/2024
Chegg,SF Bay Area,441,6/17/2024,0.23,Education,Post-IPO,227,United States,6/19/2024
Stackpath,Dallas,,6/17/2024,1,Infrastructure,Series B,396,United States,6/23/2024
Unit,New York City,,6/17/2024,0.15,Finance,Series C,170,United States,6/19/2024
LOOP,Austin,23,6/16/2024,0.77,Finance,Series A,34,United States,6/19/2024
Care/of,New York City,143,6/15/2024,1,Healthcare,Acquired,83,United States,6/19/2024
Running Tide,Portland,,6/15/2024,1,Energy,Series B,54,United States,6/19/2024
Satellogic,"Montevideo, Non-U.S.",70,6/14/2024,0.3,Aerospace,Post-IPO,424,Uruguay,6/19/2024
Cypress.io,Atlanta,11,6/14/2024,,Product,Series B,54,United States,6/19/2024
Medtronic,SF Bay Area,,6/13/2024,,Healthcare,Post-IPO,5900,United States,6/14/2024
Bytedance,"Jakarta, Non-U.S.",450,6/12/2024,,Consumer,Unknown,9400,Indonesia,6/12/2024
Paxos,New York City,65,6/12/2024,0.2,Crypto,Unknown,543,United States,6/15/2024
SCiFi Foods,SF Bay Area,,6/12/2024,1,Food,Series A,39,United States,6/14/2024
VRChat,SF Bay Area,,6/12/2024,0.3,Consumer,Series D,95,United States,6/13/2024
Ladenzeile,"Berlin, Non-U.S.",,6/11/2024,1,Retail,Subsidiary,,Germany,6/11/2024
Paytm,"Noida, Non-U.S.",3500,6/10/2024,,Finance,Subsidiary,,India,6/10/2024
Kissflow,"Chennai, Non-U.S.",45,6/10/2024,0.11,Other,Unknown,1,India,6/10/2024
Copia,"Nairobi, Non-U.S.",1060,6/6/2024,,Retail,Series C,103,Kenya,6/10/2024
Revel,New York City,1000,6/6/2024,,Transportation,Unknown,214,United States,6/10/2024
Simpl,"Bengaluru, Non-U.S.",30,6/6/2024,,Finance,Series B,72,India,6/10/2024
Oda,"Oslo, Non-U.S.",150,6/5/2024,,Food,Unknown,691,Norway,6/5/2024
Pagaya,"Tel Aviv, Non-U.S.",100,6/5/2024,0.2,Finance,Post-IPO,2000,Israel,6/5/2024
Aleph Farms,"Tel Aviv, Non-U.S.",30,6/5/2024,0.3,Food,Unknown,119,Israel,6/5/2024
MoonPay,Dover,30,6/5/2024,0.1,Crypto,Unknown,651,United States,6/5/2024
Yext,New York City,,6/5/2024,0.12,Marketing,Post-IPO,117,United States,6/5/2024
Microsoft,Seattle,1000,6/3/2024,,Other,Post-IPO,1,United States,6/3/2024
OrCam,"Jerusalem, Non-U.S.",100,6/3/2024,0.5,Healthcare,Unknown,86,Israel,6/4/2024
Google,SF Bay Area,100,5/31/2024,,Consumer,Post-IPO,26,United States,6/1/2024
Tropic,New York City,40,5/31/2024,,Finance,Series B,67,United States,6/1/2024
Gro Intelligence,New York City,,5/31/2024,0.1,Food,Series B,118,United States,6/3/2024
Jasper Health,Boise,,5/31/2024,,Healthcare,Series A,32,United States,6/1/2024
FlightStats,Portland,73,5/30/2024,,Travel,Acquired,3,United States,5/31/2024
ICANN,Los Angeles,33,5/30/2024,0.07,Infrastructure,Unknown,,United States,6/5/2024
Walnut,New York City,15,5/29/2024,0.2,Sales,Series B,56,United States,5/31/2024
Fisker,Los Angeles,,5/29/2024,,Transportation,Post-IPO,1700,United States,5/31/2024
Funding Circle,"London, Non-U.S.",,5/29/2024,,Finance,Post-IPO,746,United Kingdom,6/3/2024
Glovo,"Madrid, Non-U.S.",22,5/25/2024,,Food,Acquired,1200,Spain,7/25/2024
Lucid Motors,SF Bay Area,400,5/24/2024,0.06,Transportation,Post-IPO,8300,United States,5/24/2024
Satellogic,"Montevideo, Non-U.S.",34,5/24/2024,0.13,Aerospace,Post-IPO,424,Uruguay,6/19/2024
Foursquare,New York City,105,5/23/2024,0.25,Marketing,Series G,390,United States,5/24/2024
Guild,Denver,300,5/22/2024,0.25,Education,Series F,643,United States,5/23/2024
Cue Health,San Diego,180,5/22/2024,1,Healthcare,Post-IPO,899,United States,5/23/2024
Silo,SF Bay Area,,5/22/2024,0.3,Food,Series C,272,United States,5/23/2024
TikTok,Los Angeles,1000,5/21/2024,,Consumer,Acquired,,United States,6/14/2024
Joonko,New York City,,5/19/2024,1,HR,Series B,38,United States,5/23/2024
Toshiba,"Tokyo, Non-U.S.",4000,5/16/2024,,Manufacturing,Unknown,,Japan,5/24/2024
Wefox,"Berlin, Non-U.S.",60,5/16/2024,,Finance,Series D,1300,Germany,5/17/2024
Replit,SF Bay Area,30,5/16/2024,0.2,Product,Unknown,222,United States,5/16/2024
Gopuff,Philadelphia,,5/16/2024,0.06,Food,Series H,3400,United States,5/16/2024
Karhoo,"London, Non-U.S.",,5/16/2024,1,Transportation,Acquired,39,United Kingdom,6/3/2024
SeekOut,Seattle,,5/16/2024,0.3,Recruiting,Series C,,United States,5/20/2024
Atmosphere,Austin,100,5/15/2024,,Other,Series D,214,United States,5/17/2024
Singularity 6,Los Angeles,36,5/15/2024,,Other,Series B,49,United States,5/17/2024
Mainvest,Boston,,5/14/2024,1,Finance,Unknown,3,United States,5/17/2024
Indeed,Austin,1000,5/13/2024,0.08,HR,Acquired,5,United States,5/13/2024
Motional,Pittsburgh,550,5/10/2024,0.4,Transportation,Unknown,,United States,5/8/2024
Rivian,Los Angeles,120,5/10/2024,,Transportation,Post-IPO,10700,United States,5/11/2024
Google,SF Bay Area,57,5/10/2024,,Consumer,Post-IPO,26,United States,5/11/2024
Symend,"Calgary, Non-U.S.",,5/10/2024,,Other,Series C,148,Canada,8/9/2024
Vacasa,Portland,800,5/9/2024,0.13,Travel,Post-IPO,834,United States,5/10/2024
Sight Diagnostics,"Tel Aviv, Non-U.S.",40,5/9/2024,0.3,Healthcare,Series D,124,Israel,6/5/2024
PrepLadder,"New Delhi, Non-U.S.",145,5/8/2024,0.25,Education,Acquired,,India,5/9/2024
Simpl,"Bengaluru, Non-U.S.",100,5/8/2024,0.15,Finance,Series B,72,India,5/8/2024
Arkane Studios,Austin,96,5/8/2024,1,Consumer,Unknown,,United States,5/10/2024
Brilliant,SF Bay Area,,5/8/2024,1,Hardware,Series B,64,United States,5/9/2024
Kinaxis,"Ottawa, Non-U.S.",,5/8/2024,0.06,Other,Post-IPO,79,Canada,5/23/2024
Hopin,"London, Non-U.S.",,5/7/2024,,Other,Series D,1000,United Kingdom,5/9/2024
Enovix,SF Bay Area,170,5/6/2024,0.33,Energy,Post-IPO,516,United States,5/7/2024
Cue Health,San Diego,230,5/3/2024,0.49,Healthcare,Post-IPO,899,United States,5/4/2024
Rivian,Los Angeles,150,5/3/2024,0.01,Transportation,Post-IPO,10700,United States,5/11/2024
Luminar,Orlando,140,5/3/2024,0.2,Transportation,Post-IPO,780,United States,5/4/2024
Sprinklr,New York City,116,5/3/2024,0.03,Support,Post-IPO,429,United States,5/3/2024
Bakkt,Atlanta,28,5/3/2024,,Crypto,Post-IPO,932,United States,5/4/2024
Peloton,New York City,400,5/2/2024,0.15,Fitness,Post-IPO,1900,United States,5/2/2024
Cabify,"Madrid, Non-U.S.",29,5/2/2024,,Transportation,Unknown,601,Spain,5/9/2024
Google,SF Bay Area,200,5/1/2024,,Consumer,Post-IPO,26,United States,5/2/2024
Assurance,Seattle,112,5/1/2024,1,Finance,Acquired,,United States,5/2/2024
Sproutt,Hartford,,5/1/2024,1,Finance,Series B,38,United States,5/2/2024
Tesla,Austin,500,4/30/2024,,Transportation,Post-IPO,20200,United States,5/1/2024
RiseUp,"Tel Aviv, Non-U.S.",50,4/30/2024,0.5,Finance,Series B,30,Israel,6/5/2024
Akili Interactive,Boston,,4/30/2024,0.46,Healthcare,Post-IPO,271,United States,5/2/2024
Google,SF Bay Area,,4/30/2024,,Consumer,Post-IPO,26,United States,4/30/2024
Getir,"London, Non-U.S.",3300,4/29/2024,,Food,Series E,1800,United Kingdom,4/29/2024
Ola,"Bengaluru, Non-U.S.",180,4/29/2024,0.1,Transportation,Series J,5000,India,4/30/2024
Ninja Van,"Singapore, Non-U.S.",21,4/29/2024,0.1,Transportation,Series E,974,Singapore,7/3/2024
ComplYant,Los Angeles,,4/29/2024,1,Finance,Seed,6,United States,4/30/2024
Fisker,Los Angeles,,4/29/2024,,Transportation,Post-IPO,1700,United States,4/30/2024
HealthifyMe,"Bengaluru, Non-U.S.",150,4/27/2024,0.27,Healthcare,Series D,130,India,4/29/2024
True Anomaly,Denver,30,4/25/2024,0.25,Aerospace,Series B,158,United States,4/26/2024
Grin,Sacramento,,4/25/2024,,Marketing,Series B,145,United States,4/27/2024
Expedia,Austin,,4/24/2024,,Travel,Post-IPO,3300,United States,4/25/2024
Freenome,SF Bay Area,100,4/23/2024,0.2,Healthcare,Series E,1400,United States,4/24/2024
Heureka Group,"Prague, Non-U.S.",100,4/23/2024,0.16,Retail,Acquired,,Czech Republic,4/24/2024
98point6,Seattle,,4/23/2024,,Healthcare,Acquired,299,United States,4/25/2024
OutSystems,Boston,150,4/19/2024,0.08,Product,Series G,802,United States,5/3/2024
Homie,Salt Lake City,,4/19/2024,,Real Estate,Series B,35,United States,4/20/2024
The Good Glamm Group,"New Delhi, Non-U.S.",150,4/18/2024,0.15,Retail,Unknown,180,India,4/18/2024
Showpad,"Ghent, Non-U.S.",50,4/18/2024,0.1,Marketing,Series D,159,Belgium,4/24/2024
Stability AI,"London, Non-U.S.",20,4/18/2024,,AI,Unknown,174,United Kingdom,4/18/2024
Pax8,Denver,,4/18/2024,0.05,Infrastructure,Unknown,400,United States,4/20/2024
ConnectWise,Tampa Bay,,4/17/2024,,Other,Acquired,1,United States,4/18/2024
Google,SF Bay Area,,4/17/2024,,Consumer,Post-IPO,26,United States,4/18/2024
Rivian,Detroit,,4/17/2024,0.01,Transportation,Post-IPO,10700,United States,4/18/2024
Take-Two,New York City,579,4/16/2024,0.05,Consumer,Post-IPO,4100,United States,4/16/2024
Tome,SF Bay Area,12,4/16/2024,0.25,AI,Series B,75,United States,4/16/2024
Tesla,Austin,14000,4/15/2024,0.1,Transportation,Post-IPO,20200,United States,4/15/2024
Criteo,"Paris, Non-U.S.",140,4/12/2024,0.04,Marketing,Post-IPO,61,France,4/12/2024
Glovo,"Barcelona, Non-U.S.",25,4/12/2024,,Food,Acquired,1200,Spain,4/12/2024
TikTok,"Dublin, Non-U.S.",250,4/11/2024,,Consumer,Acquired,,Ireland,4/12/2024
Fabric,New York City,30,4/11/2024,0.15,Logistics,Series C,336,United States,4/12/2024
Hinge Health,SF Bay Area,,4/11/2024,0.1,Healthcare,Series E,826,United States,4/12/2024
Zoe,"London, Non-U.S.",,4/11/2024,0.2,Healthcare,Series B,89,United Kingdom,4/12/2024
Cornershop,"Santiago, Non-U.S.",200,4/10/2024,,Food,Acquired,32,Chile,4/12/2024
Scaler,"Bengaluru, Non-U.S.",150,4/10/2024,,Education,Series B,55,India,4/10/2024
Checkr,SF Bay Area,382,4/9/2024,0.32,HR,Series D,679,United States,4/9/2024
Intel,SF Bay Area,62,4/9/2024,,Hardware,Post-IPO,12,United States,4/12/2024
Trendsales,"Copenhagen, Non-U.S.",79,4/8/2024,1,Retail,Acquired,,Denmark,4/10/2024
Singularity 6,Los Angeles,49,4/8/2024,0.35,Other,Series B,49,United States,4/10/2024
Fission,"Vancouver, Non-U.S.",,4/7/2024,1,Other,Unknown,,Canada,4/8/2024
Bolt.Earth,"Bengaluru, Non-U.S.",70,4/6/2024,0.4,Energy,Series B,24,India,4/8/2024
Apple,SF Bay Area,614,4/4/2024,,Hardware,Post-IPO,1200,United States,4/5/2024
Agility Robotics,Portland,,4/4/2024,,Other,Series B,179,United States,4/5/2024
Lightspeed Commerce,"Montreal, Non-U.S.",280,4/3/2024,,Retail,Post-IPO,1200,Canada,4/3/2024
Ghost Autonomy,SF Bay Area,100,4/3/2024,1,Transportation,Series E,247,United States,4/4/2024
Vivian Health,SF Bay Area,13,4/3/2024,,Healthcare,Acquired,60,United States,4/10/2024
Amazon,Seattle,,4/3/2024,,Retail,Post-IPO,108,United States,4/3/2024
CoRover,"Bengaluru, Non-U.S.",,4/3/2024,,AI,Unknown,,India,4/4/2024
Kaseya,Miami,,4/3/2024,,Security,Unknown,547,United States,4/5/2024
New Relic,SF Bay Area,,4/3/2024,,Infrastructure,Acquired,214,United States,4/4/2024
Yummly,SF Bay Area,,4/3/2024,1,Food,Acquired,24,United States,4/3/2024
Byju's,"Bengaluru, Non-U.S.",500,4/2/2024,0.03,Education,Private Equity,5500,India,4/2/2024
Lentra,"Pune, Non-U.S.",,4/2/2024,,Finance,Series B,104,India,4/3/2024
Thepeer,"Lagos, Non-U.S.",,4/2/2024,1,Finance,Seed,2,Nigeria,4/2/2024
Osso VR,SF Bay Area,67,4/1/2024,,Healthcare,Series C,109,United States,4/2/2024
Identiq,"Tel Aviv, Non-U.S.",20,4/1/2024,0.44,Security,Series A,52,Israel,4/2/2024
Ranger Insurance,New York City,,4/1/2024,1,Finance,Seed,5,United States,4/2/2024
Rezi,New York City,,4/1/2024,1,Real Estate,Series B,230,United States,4/2/2024
ChowNow,Los Angeles,60,3/28/2024,0.2,Food,Series C,64,United States,3/28/2024
Synctera,SF Bay Area,17,3/26/2024,0.15,Finance,Series A,79,United States,3/26/2024
GoPro,SF Bay Area,,3/26/2024,0.04,Consumer,Post-IPO,288,United States,4/8/2024
Dell,Austin,6000,3/25/2024,0.05,Hardware,Post-IPO,,United States,3/27/2024
Verily,SF Bay Area,,3/22/2024,,Healthcare,Subsidiary,3500,United States,3/24/2024
Cybereason,Boston,,3/20/2024,,Security,Series F,750,United States,3/20/2024
ShopBack,"Singapore, Non-U.S.",195,3/19/2024,0.24,Retail,Series F,355,Singapore,3/20/2024
Orbotech,"Yavne, Non-U.S.",100,3/19/2024,,Manufacturing,Acquired,,Israel,3/20/2024
Airmeet,"Bengaluru, Non-U.S.",,3/19/2024,0.2,Marketing,Series B,50,India,3/20/2024
Singular Genomics,San Diego,,3/19/2024,0.2,Healthcare,Post-IPO,176,United States,4/12/2024
Longi,"Xi'an, Non-U.S.",,3/18/2024,0.05,Energy,Unknown,,China,3/20/2024
Flock Freight,San Diego,54,3/16/2024,,Logistics,Series D,399,United States,3/17/2024
Chipper Cash,SF Bay Area,20,3/15/2024,,Finance,Series C,302,United States,3/17/2024
Blueboard,SF Bay Area,,3/15/2024,1,HR,Series A,16,United States,3/17/2024
Ancestry,Lehi,81,3/14/2024,0.06,Consumer,Post-IPO,33,United States,4/18/2024
Textio,Seattle,14,3/14/2024,0.16,Recruiting,Unknown,42,United States,3/15/2024
Stash,New York City,80,3/13/2024,0.25,Finance,Unknown,480,United States,3/13/2024
Phantom Auto,SF Bay Area,100,3/12/2024,1,Transportation,Unknown,86,United States,3/12/2024
IBM,New York City,,3/12/2024,,Hardware,Post-IPO,,United States,3/17/2024
Deadspin,New York City,11,3/11/2024,1,Media,Acquired,,United States,3/11/2024
Niche,Pittsburgh,24,3/8/2024,0.07,Education,Series C,44,United States,3/11/2024
Inscribe,SF Bay Area,,3/8/2024,0.4,Finance,Series B,39,United States,3/9/2024
Turnitin,SF Bay Area,15,3/7/2024,0.02,Education,Acquired,,United States,3/7/2024
Totango,SF Bay Area,,3/7/2024,,Support,Acquired,147,United States,3/8/2024
Sorare,New York City,22,3/6/2024,0.13,Crypto,Series B,739,United States,3/6/2024
Meta,SF Bay Area,,3/6/2024,,Consumer,Post-IPO,26000,United States,3/8/2024
PlanetScale,SF Bay Area,,3/6/2024,,Data,Series C,105,United States,3/6/2024
MessageBird,"Amsterdam, Non-U.S.",90,3/5/2024,0.2,Other,Series C,1100,Netherlands,3/8/2024
Form Energy,Boston,,3/5/2024,,Energy,Unknown,966,United States,3/6/2024
Verbit,New York City,,3/5/2024,,Data,Series E,569,United States,3/5/2024
Edgio,Phoenix,80,3/4/2024,0.1,Infrastructure,Post-IPO,462,United States,3/7/2024
Melio,New York City,40,3/4/2024,0.07,Finance,Series D,504,United States,3/5/2024
Our Next Energy,Detroit,40,3/4/2024,0.13,Transportation,Series B,390,United States,3/5/2024
Project Ronin,SF Bay Area,150,3/1/2024,1,Healthcare,Unknown,,United States,3/5/2024
Pristyn Care,"Gurugram, Non-U.S.",120,3/1/2024,0.07,Healthcare,Series E,177,India,3/1/2024
Gro Intelligence,New York City,90,3/1/2024,0.6,Food,Series B,118,United States,3/3/2024
Tonik,"Singapore, Non-U.S.",,3/1/2024,,Finance,Series B,175,Singapore,3/3/2024
Fisker,Los Angeles,,2/29/2024,0.15,Transportation,Post-IPO,1700,United States,2/29/2024
Kevin,"Vilnius, Non-U.S.",,2/29/2024,0.14,Finance,Series A,79,Lithuania,3/5/2024
Electronic Arts,SF Bay Area,670,2/28/2024,0.05,Consumer,Post-IPO,2,United States,2/29/2024
Vacasa,Portland,320,2/28/2024,0.05,Travel,Post-IPO,834,United States,2/29/2024
OrCam,"Jerusalem, Non-U.S.",50,2/28/2024,0.19,Healthcare,Unknown,86,Israel,6/4/2024
Treasury Prime,SF Bay Area,40,2/28/2024,0.4,Finance,Series C,71,United States,2/29/2024
Motional,Boston,,2/28/2024,0.05,Transportation,Unknown,,United States,2/28/2024
Sony Interactive,SF Bay Area,900,2/27/2024,0.08,Consumer,Subsidiary,,United States,2/27/2024
Bumble,Austin,350,2/27/2024,0.3,Consumer,Post-IPO,313,United States,2/27/2024
PropertyGuru,"Singapore, Non-U.S.",79,2/27/2024,,Real Estate,Post-IPO,676,Singapore,2/27/2024
Apple,SF Bay Area,,2/27/2024,,Transportation,Post-IPO,1200,United States,2/27/2024
Expedia,Seattle,1500,2/26/2024,0.08,Travel,Post-IPO,3300,United States,2/27/2024
WayCool,"Chennai, Non-U.S.",70,2/26/2024,,Food,Unknown,363,India,2/27/2024
Daraz,"Singapore, Non-U.S.",,2/26/2024,,Retail,Unknown,,Singapore,2/29/2024
Redesign Health,New York City,77,2/23/2024,,Healthcare,Series C,315,United States,2/24/2024
Carbon Health,SF Bay Area,56,2/23/2024,,Healthcare,Series D,522,United States,2/24/2024
Vice Media,New York City,,2/22/2024,,Media,Unknown,1600,United States,2/24/2024
Affirm,Pittsburgh,60,2/21/2024,,Finance,Post-IPO,1500,United States,2/22/2024
Finder,"Sydney, Non-U.S.",60,2/21/2024,0.17,Retail,Unknown,30,Australia,2/22/2024
BuzzFeed,New York City,,2/21/2024,0.16,Media,Post-IPO,696,United States,2/23/2024
Rivian,Detroit,,2/21/2024,0.1,Transportation,Post-IPO,10700,United States,2/22/2024
Aptiv,"Krakow, Non-U.S.",250,2/20/2024,,Transportation,Post-IPO,8,Poland,2/21/2024
Tails.com,"London, Non-U.S.",55,2/20/2024,0.25,Retail,Series A,5,United Kingdom,2/21/2024
Auctane,Austin,,2/20/2024,,Retail,Unknown,,United States,3/12/2024
KnownOrigin,"Manchester, Non-U.S.",,2/20/2024,0.3,Crypto,Acquired,3,United Kingdom,2/21/2024
Meati,Boulder,,2/20/2024,0.3,Food,Series C,274,United States,2/21/2024
Farfetch,"London, Non-U.S.",2000,2/16/2024,0.25,Retail,Acquired,1700,United Kingdom,2/16/2024
Voi,"Stockholm, Non-U.S.",120,2/16/2024,0.12,Transportation,Series D,515,Sweden,2/20/2024
Toast,Boston,550,2/15/2024,0.1,Food,Post-IPO,962,United States,2/15/2024
Sonder,SF Bay Area,106,2/15/2024,0.17,Travel,Post-IPO,839,United States,2/21/2024
LinkSquares,Boston,90,2/15/2024,,Legal,Series C,161,United States,1/5/2025
Storytel,"Stockholm, Non-U.S.",80,2/15/2024,0.13,Consumer,Post-IPO,312,Sweden,2/16/2024
Gro Intelligence,New York City,20,2/15/2024,0.1,Food,Series B,118,United States,2/16/2024
CodeSee,SF Bay Area,,2/15/2024,1,Data,Seed,10,United States,2/15/2024
May Mobility,Ann Arbor,,2/15/2024,0.13,Transportation,Series D,303,United States,2/15/2024
Cisco,SF Bay Area,4250,2/14/2024,0.05,Infrastructure,Post-IPO,2,United States,2/14/2024
Wint Wealth,"Nashik, Non-U.S.",19,2/14/2024,0.2,Finance,Series A,16,India,2/15/2024
Away,New York City,,2/14/2024,0.25,Retail,Series D,181,United States,2/14/2024
Instacart,SF Bay Area,250,2/13/2024,0.07,Food,Post-IPO,2900,United States,2/13/2024
Redesign Health,New York City,77,2/13/2024,,Healthcare,Unknown,315,United States,2/14/2024
Mozilla,SF Bay Area,60,2/13/2024,0.05,Consumer,Unknown,2.3,United States,2/13/2024
Impinj,Seattle,50,2/13/2024,0.1,Other,Post-IPO,137,United States,3/14/2024
Riskified,New York City,40,2/13/2024,0.06,Retail,Post-IPO,229,United States,2/14/2024
Everybuddy,"Tel Aviv, Non-U.S.",,2/13/2024,1,Consumer,Series A,15,Israel,2/15/2024
Popcore,"Berlin, Non-U.S.",,2/13/2024,,Consumer,Acquired,,Germany,2/28/2024
Wisense,"Tel Aviv, Non-U.S.",,2/13/2024,1,Transportation,Unknown,37,Israel,2/14/2024
SiriusXM,New York City,160,2/12/2024,0.03,Media,Post-IPO,525,United States,3/17/2024
Licious,"Bengaluru, Non-U.S.",80,2/9/2024,0.03,Food,Series F,490,India,2/9/2024
BlissClub,"Bengaluru, Non-U.S.",21,2/9/2024,0.18,Retail,Series A,20,India,2/10/2024
Kandji,San Diego,,2/9/2024,,Other,Series C,188,United States,2/12/2024
Pure Storage,SF Bay Area,275,2/8/2024,,Data,Post-IPO,529,United States,2/8/2024
Otovo,"Oslo, Non-U.S.",65,2/8/2024,0.15,Energy,Post-IPO,247,Norway,2/20/2024
Getaround,SF Bay Area,,2/8/2024,0.3,Transportation,Post-IPO,948,United States,2/8/2024
Journera,Chicago,,2/8/2024,1,Travel,Series B,31,United States,2/10/2024
Grammarly,SF Bay Area,230,2/7/2024,,Consumer,Unknown,400,United States,2/7/2024
Fireblocks,New York City,20,2/7/2024,0.03,Crypto,Series E,1000,United States,2/7/2024
Tenable,Baltimore,,2/7/2024,0.05,Security,Post-IPO,565,United States,2/8/2024
Workfellow,"Espoo, Non-U.S.",,2/7/2024,1,HR,Seed,3,Finland,2/7/2024
DocuSign,SF Bay Area,440,2/6/2024,0.06,Sales,Post-IPO,536,United States,2/6/2024
Amazon,Seattle,400,2/6/2024,,Retail,Post-IPO,108,United States,2/7/2024
Glowforge,Seattle,,2/6/2024,,Manufacturing,Series E,133,United States,2/28/2024
Snap,Los Angeles,500,2/5/2024,0.1,Consumer,Post-IPO,4900,United States,2/5/2024
Drizly,Boston,168,2/5/2024,1,Retail,Acquired,119,United States,2/6/2024
BillGO,Fort Collins,80,2/5/2024,,Finance,Series B,119,United States,2/6/2024
Impact.com,Los Angeles,40,2/5/2024,0.03,Sales,Private Equity,361,United States,2/6/2024
Astrate Medical,Philadelphia,,2/5/2024,1,Healthcare,Series A,13,United States,2/6/2024
Meetup,New York City,,2/5/2024,,Consumer,Acquired,18,United States,2/6/2024
Muvin,"Bengaluru, Non-U.S.",,2/5/2024,1,Finance,Seed,4,India,2/6/2024
Nomad Health,New York City,,2/5/2024,,Healthcare,Unknown,218,United States,2/6/2024
Zwift,Los Angeles,,2/5/2024,,Fitness,Series C,619,United States,2/6/2024
Cue Health,San Diego,245,2/2/2024,0.3,Healthcare,Post-IPO,899,United States,2/5/2024
Top Hat,"Toronto, Non-U.S.",35,2/2/2024,0.07,Education,Series E,234,Canada,2/2/2024
Cake Bikes,"Stockholm, Non-U.S.",,2/2/2024,1,Transportation,Unknown,74,Sweden,2/3/2024
Small Robot Company,"Salisbury, Non-U.S.",,2/2/2024,1,Food,Unknown,10,United Kingdom,2/3/2024
Twig,"London, Non-U.S.",,2/2/2024,1,Finance,Unknown,41,United Kingdom,2/3/2024
Okta,SF Bay Area,400,2/1/2024,0.07,Security,Post-IPO,1200,United States,2/1/2024
Zoom,SF Bay Area,150,2/1/2024,0.02,Other,Post-IPO,276,United States,2/1/2024
Illumina,San Diego,111,2/1/2024,,Healthcare,Post-IPO,28,United States,2/3/2024
Polygon,"Cayman Islands, Non-U.S.",60,2/1/2024,0.19,Crypto,Unknown,451,Cayman Islands,2/1/2024
Indigo,Boston,,2/1/2024,,Other,Series F,1200,United States,2/2/2024
Proofpoint,SF Bay Area,280,1/31/2024,0.06,Security,Acquired,885,United States,1/31/2024
Trove Recommerce,SF Bay Area,130,1/31/2024,,Retail,Series E,152,United States,2/2/2024
CircleCI,SF Bay Area,100,1/31/2024,,Product,Series F,315,United States,2/1/2024
Thinx,New York City,95,1/31/2024,,Retail,Acquired,26,United States,1/31/2024
Innoviz,"Tel Aviv, Non-U.S.",60,1/31/2024,0.13,Transportation,Post-IPO,547,Israel,2/1/2024
The Messenger,Miami,,1/31/2024,1,Media,Unknown,,United States,2/1/2024
Zuora,SF Bay Area,,1/31/2024,0.08,Finance,Post-IPO,647,United States,2/2/2024
PayPal,SF Bay Area,2500,1/30/2024,0.09,Finance,Post-IPO,216,United States,1/30/2024
Block,SF Bay Area,1000,1/30/2024,0.1,Finance,Post-IPO,150,United States,1/30/2024
Kiwi.com,"Brno, Non-U.S.",216,1/30/2024,0.18,Travel,Unknown,107,Czech Republic,1/30/2024
Aurora Solar,SF Bay Area,111,1/30/2024,0.2,Energy,Series D,523,United States,1/30/2024
Wattpad,"Toronto, Non-U.S.",20,1/30/2024,0.1,Media,Acquired,117,Canada,1/31/2024
TechCrunch,SF Bay Area,7,1/30/2024,,Media,Acquired,,United States,1/31/2024
Noom,New York City,,1/30/2024,,Fitness,Series F,657,United States,1/31/2024
Procore,Santa Barbara,,1/30/2024,0.04,Construction,Post-IPO,654,United States,2/29/2024
Vipps,"Vilnius, Non-U.S.",,1/30/2024,,Finance,Unknown,,Lithuania,2/1/2024
iRobot,Boston,350,1/29/2024,0.31,Consumer,Post-IPO,30,United States,1/29/2024
DispatchHealth,Denver,88,1/29/2024,,Healthcare,Series E,733,United States,1/30/2024
Loopio,"Toronto, Non-U.S.",,1/29/2024,0.06,Sales,Private Equity,263,Canada,1/30/2024
Salesforce,SF Bay Area,700,1/26/2024,0.01,Sales,Post-IPO,65,United States,1/26/2024
Flexport,SF Bay Area,,1/26/2024,0.2,Logistics,Series E,2400,United States,1/26/2024
Productboard,SF Bay Area,,1/26/2024,,Product,Series D,,United States,1/27/2024
Microsoft,Seattle,1900,1/25/2024,,Other,Post-IPO,1,United States,1/25/2024
Swiggy,"Bengaluru, Non-U.S.",400,1/25/2024,0.07,Food,Unknown,3600,India,1/25/2024
Veho,Boulder,65,1/25/2024,0.19,Logistics,Series B,299,United States,1/26/2024
Amperity,Seattle,20,1/25/2024,,Marketing,Series D,187,United States,1/27/2024
MVPindex,Austin,12,1/25/2024,0.3,Marketing,Series B,27,United States,2/16/2024
Business Insider,New York City,,1/25/2024,0.08,Media,Acquired,56,United States,1/26/2024
Cova,"Lagos, Non-U.S.",,1/25/2024,1,Finance,Unknown,,Nigeria,1/26/2024
Jamf,Minneapolis,,1/25/2024,0.06,Other,Post-IPO,332,United States,1/25/2024
Cult.fit,"Bengaluru, Non-U.S.",100,1/24/2024,,Fitness,Series F,635,India,4/12/2024
Personio,"Munich, Non-U.S.",100,1/24/2024,,HR,Series E,724,Germany,1/25/2024
Storytel,"Stockholm, Non-U.S.",80,1/24/2024,0.13,Media,Post-IPO,275,Sweden,1/24/2024
Aurora,Pittsburgh,,1/24/2024,0.03,Transportation,Post-IPO,3700,United States,1/25/2024
Desktop Metal,Boston,,1/24/2024,0.2,Other,Post-IPO,811,United States,1/25/2024
HubSpot,Boston,,1/24/2024,,Marketing,Post-IPO,100,United States,1/25/2024
SAP,"Walldorf, Non-U.S.",8000,1/23/2024,0.07,Other,Post-IPO,1300,Germany,1/24/2024
eBay,SF Bay Area,1000,1/23/2024,0.09,Retail,Post-IPO,1200,United States,1/24/2024
Vroom,New York City,800,1/23/2024,0.9,Transportation,Post-IPO,1300,United States,1/23/2024
Brex,SF Bay Area,282,1/23/2024,0.2,Finance,Series D,1500,United States,1/23/2024
Cure.fit,"Bengaluru, Non-U.S.",120,1/23/2024,,Fitness,Series F,625,India,1/23/2024
GoStudent,"Vienna, Non-U.S.",100,1/23/2024,,Education,Series D,686,Austria,1/24/2024
Jellysmack,"Paris, Non-U.S.",30,1/23/2024,,Media,Series C,22,France,10/23/2024
GoTo,Boston,29,1/23/2024,,Other,Acquired,2,United States,1/26/2024
Seedr,"London, Non-U.S.",15,1/23/2024,,Finance,Acquired,28,United Kingdom,1/23/2024
Riot Games,Los Angeles,530,1/22/2024,0.11,Consumer,Acquired,21,United States,1/22/2024
Xendit,"Jakarta, Non-U.S.",200,1/22/2024,,Finance,Series D,534,Indonesia,2/2/2024
TikTok,Los Angeles,60,1/22/2024,,Consumer,Acquired,,United States,1/23/2024
2U,Washington D.C.,,1/22/2024,,Education,Post-IPO,426,United States,1/23/2024
Google,SF Bay Area,,1/22/2024,,Consumer,Post-IPO,26,United States,1/23/2024
Xendit,"Jakarta, Non-U.S.",,1/22/2024,,Finance,Series D,534,Indonesia,1/25/2024
SolarEdge,"Tel Aviv, Non-U.S.",900,1/21/2024,0.16,Energy,Post-IPO,155,Israel,1/22/2024
Wayfair,Boston,1650,1/19/2024,0.13,Retail,Post-IPO,1700,United States,1/19/2024
Amazon,Seattle,30,1/18/2024,,Retail,Post-IPO,108,United States,1/19/2024
Fashinza,New York City,,1/18/2024,,Retail,Unknown,153,United States,1/23/2024
Stitch Fix,Dallas,,1/18/2024,,Retail,Post-IPO,79,United States,1/25/2024
YouTube,SF Bay Area,100,1/17/2024,,Media,Acquired,11,United States,1/17/2024
Sirplus,"Berlin, Non-U.S.",60,1/17/2024,,Food,Seed,,Germany,1/18/2024
SonderMind,Denver,49,1/16/2024,0.17,Healthcare,Series C,183,United States,1/18/2024
First Mode,Seattle,48,1/16/2024,0.2,Transportation,Acquired,9,United States,1/18/2024
ALI Technologies,"Tokyo, Non-U.S.",,1/16/2024,1,Transportation,Unknown,,Japan,1/20/2024
Google,SF Bay Area,,1/16/2024,,Consumer,Post-IPO,26,United States,1/30/2024
Thursday,"London, Non-U.S.",,1/16/2024,0.7,Consumer,Seed,3,United Kingdom,1/16/2024
Veeam,Columbus,300,1/12/2024,,Data,Acquired,500,United States,1/13/2024
GrabCAD,"Tallinn, Non-U.S.",13,1/12/2024,,Other,Acquired,28,Estonia,1/12/2024
Artifact,SF Bay Area,,1/12/2024,1,Media,Unknown,,United States,1/13/2024
Dastgyr,"Karachi, Non-U.S.",,1/12/2024,0.8,Retail,Series A,41,Pakistan,1/18/2024
Hologram,Chicago,,1/12/2024,,Infrastructure,Unknown,82,United States,1/18/2024
Vendr,Boston,,1/12/2024,,Other,Series B,216,United States,1/13/2024
New Work SE,"Hamburg, Non-U.S.",400,1/11/2024,,Consumer,Post-IPO,,Germany,1/12/2024
Playtika,"Tel Aviv, Non-U.S.",300,1/11/2024,0.1,Consumer,Post-IPO,,Israel,1/12/2024
Discord,SF Bay Area,170,1/11/2024,0.17,Consumer,Series H,995,United States,1/11/2024
Inmobi,"Bengaluru, Non-U.S.",125,1/11/2024,0.05,Marketing,Unknown,320,India,1/12/2024
Audible,New York City,100,1/11/2024,0.05,Media,Acquired,14,United States,1/12/2024
7Shifts,"Saskatoon, Non-U.S.",68,1/11/2024,0.19,Food,Series C,131,Canada,1/18/2024
Sisense,New York City,60,1/11/2024,0.13,Data,Series F,274,United States,1/12/2024
Cloudflare,SF Bay Area,40,1/11/2024,,Security,Post-IPO,332,United States,2/2/2024
888,"Tel Aviv, Non-U.S.",,1/11/2024,,Consumer,Post-IPO,,Israel,1/13/2024
Certinia,SF Bay Area,,1/11/2024,,Other,Unknown,194,United States,1/13/2024
Chief,New York City,,1/11/2024,,HR,Series B,140,United States,1/16/2024
Dextrous Robotics,Memphis,,1/11/2024,1,Logistics,Unknown,,United States,1/12/2024
Citrix,Miami,1000,1/10/2024,0.12,Infrastructure,Acquired,20,United States,1/11/2024
Google,SF Bay Area,1000,1/10/2024,,Consumer,Post-IPO,26,United States,1/11/2024
IAC,New York City,330,1/10/2024,,Consumer,Post-IPO,,United States,1/13/2024
FreshDirect,New York City,100,1/10/2024,0.03,Food,Acquired,280,United States,1/30/2024
Beam Benefits,Columbus,74,1/10/2024,,Healthcare,Series E,168,United States,1/10/2024
Instagram,SF Bay Area,60,1/10/2024,,Consumer,Acquired,57,United States,1/12/2024
Amazon,Seattle,,1/10/2024,,Retail,Post-IPO,108,United States,1/10/2024
ChargePoint,SF Bay Area,,1/10/2024,0.12,Manufacturing,Unknown,1400,United States,1/12/2024
SoFi,SF Bay Area,,1/10/2024,0.04,Finance,Post-IPO,3000,United States,1/12/2024
Twitch,SF Bay Area,500,1/9/2024,0.35,Consumer,Acquired,35,United States,1/9/2024
Branch,Columbus,85,1/9/2024,,Finance,Series C,229,United States,1/10/2024
Nevro,SF Bay Area,63,1/9/2024,0.05,Healthcare,Post-IPO,556,United States,1/10/2024
FullStory,Atlanta,50,1/9/2024,0.1,Marketing,Unknown,197,United States,1/24/2024
Uber Freight,SF Bay Area,40,1/9/2024,,Logistics,Subsidiary,2700,United States,1/11/2024
Rent the Runway,New York City,37,1/9/2024,0.1,Retail,Post-IPO,526,United States,1/9/2024
Treasure Financial,SF Bay Area,14,1/9/2024,0.6,Finance,Series A,14,United States,1/30/2024
Humane,SF Bay Area,10,1/9/2024,0.04,Hardware,Series C,230,United States,1/10/2024
EVBox,"Amsterdam, Non-U.S.",,1/9/2024,,Energy,Post-IPO,,Netherlands,1/23/2024
Morning Consult,Washington D.C.,,1/9/2024,,Data,Series B,91,United States,1/16/2024
Trend Micro,"Tokyo, Non-U.S.",,1/9/2024,0.02,Security,Unknown,,Japan,1/10/2024
Unity,SF Bay Area,1800,1/8/2024,0.25,Other,Post-IPO,1300,United States,1/8/2024
Flipkart,"Bengaluru, Non-U.S.",1100,1/8/2024,0.05,Retail,Acquired,12900,India,1/13/2024
NuScale Power,Corvallis,154,1/8/2024,0.28,Energy,Post-IPO,470,United States,1/7/2024
Flexe,Seattle,99,1/8/2024,0.38,Logistics,Series D,263,United States,1/8/2024
Pitch,"Berlin, Non-U.S.",80,1/8/2024,0.67,Other,Series B,138,Germany,1/8/2024
BenchSci,"Toronto, Non-U.S.",70,1/8/2024,0.17,Healthcare,Series D,164,Canada,1/8/2024
Here,Miami,,1/8/2024,1,Real Estate,Seed,5,United States,1/9/2024
Ledger Investing,New York City,,1/8/2024,0.25,Finance,Series B,91,United States,1/15/2024
Lendio,Lehi,,1/8/2024,,Finance,Series E,108,United States,1/15/2024
MeridianLink,Los Angeles,,1/8/2024,0.09,Finance,Post-IPO,485,United States,1/13/2024
LiveVox,SF Bay Area,,1/7/2024,,Support,Acquired,12,United States,1/20/2024
NanoString Technologies,Seattle,50,1/6/2024,0.09,Healthcare,Post-IPO,826,United States,1/9/2024
Cue Health,San Diego,94,1/5/2024,0.13,Healthcare,Post-IPO,899,United States,1/7/2024
Lever,SF Bay Area,,1/5/2024,,Recruiting,Acquired,123,United States,1/7/2024
Trigo,"Tel Aviv, Non-U.S.",30,1/4/2024,0.15,Retail,Series C,199,Israel,1/5/2024
InVision,New York City,,1/4/2024,1,Product,Series F,356,United States,1/5/2024
VideoAmp,Los Angeles,,1/4/2024,0.2,Marketing,Series F,456,United States,1/5/2024
Xerox,Norwalk,3000,1/3/2024,0.15,Hardware,Post-IPO,27200,United States,2/29/2024
Lazada Group ,"Singapore, Non-U.S.",100,1/3/2024,0.3,Retail,Acquired,7200,Singapore,1/5/2024
Orca Security,"Tel Aviv, Non-U.S.",60,1/3/2024,0.15,Security,Series C,632,Israel,1/3/2024
Frontdesk,Milwaukee,200,1/2/2024,1,Travel,Unknown,26,United States,1/3/2024
The Messenger,New York City,24,1/2/2024,,Media,Unknown,,United States,1/3/2024
Ocado,"London, Non-U.S.",1000,12/31/2023,,Food,Post-IPO,2000,United Kingdom,7/26/2024
Bolt.Earth,"Bengaluru, Non-U.S.",,12/29/2023,0.2,Energy,Series B,24,India,1/2/2024
Strake,Boulder,,12/28/2023,1,Infrastructure,Unknown,,United States,1/2/2024
Paytm,"Noida, Non-U.S.",1000,12/25/2023,,Finance,Unknown,,India,12/26/2023
Intel,Sacramento,311,12/21/2023,,Hardware,Post-IPO,12,United States,12/19/2023
Hyperloop One,Los Angeles,,12/21/2023,1,Transportation,Unknown,368,United States,12/22/2023
Palmetto Clean Technology,Charleston,,12/21/2023,,Energy,Private Equity,628,United States,12/22/2023
ShareChat,"Bengaluru, Non-U.S.",200,12/20/2023,0.15,Consumer,Series H,1700,India,12/20/2023
InSightec,"Haifa, Non-U.S.",100,12/19/2023,0.2,Healthcare,Unknown,733,Israel,12/20/2023
Kaspien,Seattle,,12/19/2023,1,Retail,Post-IPO,52,United States,12/22/2023
Enphase Energy,SF Bay Area,350,12/18/2023,0.1,Energy,Post-IPO,116,United States,12/19/2023
Udaan,"Bengaluru, Non-U.S.",100,12/18/2023,0.1,Retail,Unknown,1500,India,12/19/2023
Checkout.com,"London, Non-U.S.",80,12/18/2023,,Finance,Series D,1800,United Kingdom,12/19/2023
Arm Holdings,"Shanghai, Non-U.S.",70,12/18/2023,,Hardware,Post-IPO,,China,12/19/2023
Delivery Hero,"Berlin, Non-U.S.",,12/18/2023,,Food,Post-IPO,9900,Germany,12/18/2023
eBay,"Tel Aviv, Non-U.S.",20,12/17/2023,,Retail,Post-IPO,1200,Israel,12/18/2023
Glowforge,Seattle,30,12/15/2023,,Manufacturing,Series E,133,United States,2/28/2024
Jellysmack,"Paris, Non-U.S.",,12/15/2023,,Media,Series C,22,France,1/20/2024
Superpedestrian,Boston,,12/15/2023,,Transportation,Series C,262,United States,12/18/2023
Cruise,SF Bay Area,900,12/14/2023,0.24,Transportation,Acquired,15000,United States,12/14/2023
Solarisbank,"Berlin, Non-U.S.",20,12/14/2023,,Finance,Unknown,385,Germany,12/19/2023
Bolt,SF Bay Area,,12/14/2023,0.29,Finance,Series E,1300,United States,12/14/2023
Curalie,"Berlin, Non-U.S.",,12/14/2023,1,Healthcare,Unknown,,Germany,1/2/2024
Curbio,Washington D.C.,,12/14/2023,,Real Estate,Series B,76,United States,12/15/2023
Flyhomes,Seattle,,12/14/2023,,Real Estate,Series C,310,United States,12/18/2023
Stellar Pizza,Los Angeles,,12/14/2023,0.5,Food,Series A,25,United States,12/14/2023
Invitae,SF Bay Area,235,12/13/2023,0.15,Healthcare,Post-IPO,2500,United States,12/15/2023
Etsy,New York City,225,12/13/2023,0.11,Retail,Post-IPO,97,United States,12/13/2023
Analog Devices,SF Bay Area,111,12/13/2023,,Manufacturing,Post-IPO,,United States,12/22/2023
ForgeRock,SF Bay Area,109,12/13/2023,,Other,Acquired,234,United States,12/22/2023
Flex,SF Bay Area,31,12/13/2023,,Manufacturing,Unknown,,United States,12/22/2023
FourKites,Chicago,,12/13/2023,0.15,Logistics,Unknown,241,United States,1/8/2024
Sojern,SF Bay Area,,12/13/2023,0.2,Marketing,Unknown,172,United States,12/13/2023
TomTom,"Lodz, Non-U.S.",45,12/12/2023,,Transportation,Post-IPO,,Poland,12/19/2023
Chipper Cash,SF Bay Area,15,12/11/2023,0.33,Finance,Series C,302,United States,12/11/2023
Jungle Scout,Austin,,12/9/2023,,Retail,Private Equity,110,United States,12/12/2023
SmileDirectClub,Nashville,,12/9/2023,1,Healthcare,Post-IPO,694,United States,12/10/2023
Sunfolding,SF Bay Area,,12/9/2023,1,Energy,Series B,32,United States,12/10/2023
Zulily,Seattle,839,12/8/2023,1,Retail,Acquired,194,United States,12/8/2023
D2iQ,SF Bay Area,,12/8/2023,1,Infrastructure,Series D,247,United States,12/10/2023
Simplilearn,"Bengaluru, Non-U.S.",200,12/7/2023,,Education,Acquired,76,India,12/8/2023
Rivian,Detroit,20,12/7/2023,,Transportation,Post-IPO,10700,United States,12/22/2023
Atmosphere,Austin,,12/7/2023,,Other,Series D,214,United States,12/7/2023
Navan,SF Bay Area,145,12/6/2023,,Travel,Unknown,2200,United States,1/3/2024
Tidal,New York City,40,12/6/2023,0.1,Consumer,Acquired,,United States,12/7/2023
FNZ,"London, Non-U.S.",240,12/5/2023,,Finance,Private Equity,3500,United Kingdom,6/16/2026
ZestMoney,"Bengaluru, Non-U.S.",150,12/5/2023,1,Finance,Series C,120,India,12/6/2023
Navan,SF Bay Area,145,12/5/2023,0.05,Finance,Unknown,2200,United States,12/6/2023
Incredibuild,"Tel Aviv, Non-U.S.",40,12/5/2023,0.2,Product,Series B,35,Israel,12/7/2023
Bill.com,SF Bay Area,,12/5/2023,0.15,Finance,Post-IPO,280,United States,12/5/2023
Contentful,"Berlin, Non-U.S.",,12/5/2023,,Marketing,Series F,350,Germany,12/7/2023
Course Hero,SF Bay Area,,12/5/2023,0.25,Education,Series C,477,United States,12/8/2023
Pivo,"Abuja, Non-U.S.",,12/5/2023,1,Finance,Seed,3,Nigeria,12/7/2023
Yahoo,SF Bay Area,,12/5/2023,,Consumer,Acquired,6,United States,1/30/2024
Spotify,"Stockholm, Non-U.S.",1500,12/4/2023,0.17,Media,Post-IPO,2100,Sweden,12/4/2023
TuSimple,San Diego,150,12/4/2023,,Transportation,Post-IPO,648,United States,12/5/2023
Meow Wolf,Santa Fe,8,12/4/2023,,Media,Unknown,185,United States,12/7/2023
DwellWell,Los Angeles,,12/4/2023,1,Real Estate,Seed,6,United States,12/5/2023
Twilio,SF Bay Area,,12/4/2023,0.05,Other,Post-IPO,614,United States,12/4/2023
Filmic,Seattle,,12/1/2023,1,Other,Acquired,,United States,12/3/2023
Loco,"Mumbai, Non-U.S.",40,11/30/2023,0.36,Consumer,Acquired,52,India,12/2/2023
Zepz,"London, Non-U.S.",30,11/30/2023,0.02,Finance,Series E,700,United Kingdom,12/2/2023
Domo,Salt Lake City,,11/30/2023,0.07,Data,Post-IPO,689,United States,12/2/2023
Mojo,New York City,,11/30/2023,,Consumer,Unknown,100,United States,12/3/2023
Pipedrive,"Tallinn, Non-U.S.",,11/30/2023,,Sales,Private Equity,90,Estonia,12/2/2023
Vox Media,Washington D.C.,,11/30/2023,0.04,Media,Series F,307,United States,11/30/2023
Unity,SF Bay Area,265,11/28/2023,0.04,Other,Post-IPO,1300,United States,11/29/2023
Dataminr,New York City,150,11/28/2023,0.2,AI,Series F,1100,United States,11/28/2023
Multiverse,"London, Non-U.S.",,11/28/2023,0.05,Education,Series D,414,United Kingdom,11/29/2023
Tier Mobility,"Berlin, Non-U.S.",,11/28/2023,0.22,Transportation,Series D,646,Germany,11/29/2023
VMware,SF Bay Area,2837,11/27/2023,,Infrastructure,Acquired,393,United States,11/29/2023
Bytedance,"Shanghai, Non-U.S.",1000,11/27/2023,,Consumer,Unknown,9400,China,11/27/2023
Our Next Energy,Detroit,128,11/27/2023,0.25,Transportation,Series B,390,United States,11/28/2023
Veev,SF Bay Area,,11/26/2023,1,Construction,Series D,597,United States,11/27/2023
Anar,"Mumbai, Non-U.S.",,11/25/2023,1,Marketing,Seed,6,India,11/27/2023
Alerzo,"Ibadan, Non-U.S.",100,11/21/2023,,Retail,Series B,16,Nigeria,11/22/2023
McMakler,"Berlin, Non-U.S.",60,11/21/2023,,Real Estate,Unknown,214,Germany,11/21/2023
Tulip Retail,"Toronto, Non-U.S.",25,11/21/2023,,Retail,Series C,79,Canada,11/23/2023
Jodo,"Bengaluru, Non-U.S.",100,11/20/2023,,Finance,Series A,19,India,11/20/2023
C3.ai,SF Bay Area,,11/20/2023,,AI,Series F,228,United States,11/21/2023
Presto,SF Bay Area,,11/20/2023,0.17,Food,Post-IPO,167,United States,1/13/2024
Physics Wallah,"Noida, Non-U.S.",120,11/19/2023,0.01,Education,Series A,100,India,11/20/2023
NextGen Healthcare,St. Louis,84,11/17/2023,,Healthcare,Acquired,,United States,11/18/2023
Amazon,Seattle,,11/17/2023,,Retail,Post-IPO,108,United States,11/17/2023
Buildertrend,Omaha,,11/17/2023,0.16,Construction,Unknown,,United States,11/18/2023
Jane,Lehi,,11/17/2023,1,Retail,Series A,40,United States,11/22/2023
Zazuu,London,,11/17/2023,,Finance,Unknown,,United Kingdom,11/18/2023
Sierra Space,Boulder,115,11/16/2023,,Aerospace,Series B,1700,United States,11/17/2023
Paystack,"Lagos, Non-U.S.",33,11/16/2023,,Finance,Acquired,10,Nigeria,11/17/2023
Beamery,"London, Non-U.S.",,11/16/2023,0.25,HR,Series D,223,United Kingdom,11/16/2023
Sonos,New York City,,11/16/2023,,Consumer,Post-IPO,455.2,United States,12/14/2023
FintechOS,"Bucharest, Non-U.S.",,11/15/2023,,Finance,Series B,91,Romania,11/15/2023
FreshBooks,"Toronto, Non-U.S.",,11/15/2023,0.06,Finance,Unknown,331,Canada,11/16/2023
Landing,Birmingham,,11/15/2023,,Real Estate,Series C,347,United States,11/18/2023
Singular Genomics,San Diego,,11/15/2023,0.1,Healthcare,Post-IPO,176,United States,11/22/2023
Uleet,Columbus,,11/15/2023,1,Healthcare,Unknown,,United States,11/16/2023
Chewy,Miami,200,11/14/2023,,Retail,Post-IPO,451,United States,11/15/2023
Sarcos,Pittsburgh,150,11/14/2023,,Aerospace,Post-IPO,316,United States,1/2/2024
Cake Group,"Singapore, Non-U.S.",50,11/14/2023,0.3,Crypto,Unknown,,Singapore,11/15/2023
Halodoc,"Jakarta, Non-U.S.",,11/14/2023,,Healthcare,Series D,245,India,11/15/2023
Markforged,Boston,,11/14/2023,,Manufacturing,Post-IPO,347,United States,11/15/2023
Ping Identity,Denver,,11/14/2023,,Security,Acquired,128,United States,11/15/2023
Amazon,Seattle,180,11/13/2023,,Retail,Post-IPO,108,United States,11/13/2023
TripAdvisor,Boston,125,11/12/2023,0.04,Travel,Post-IPO,3,United States,12/22/2023
Bowery Farming,New York City,,11/10/2023,,Food,Unknown,626,United States,1/2/2024
Carta,SF Bay Area,,11/9/2023,,HR,Series G,1100,United States,11/10/2023
Commure,SF Bay Area,,11/9/2023,,Healthcare,Unknown,1900,United States,12/20/2023
OSlash,"Bengaluru, Non-U.S.",,11/9/2023,1,Other,Seed,7,India,11/10/2023
Snap,Los Angeles,20,11/8/2023,,Consumer,Post-IPO,4900,United States,11/9/2023
Amazon,Seattle,,11/8/2023,,Retail,Post-IPO,108,United States,11/9/2023
BigCommerce,Austin,,11/8/2023,0.07,Retail,Post-IPO,224,United States,11/10/2023
CloudKitchens,Los Angeles,,11/8/2023,,Real Estate,Unknown,1300,United States,11/9/2023
Google,SF Bay Area,,11/8/2023,,Consumer,Post-IPO,26,United States,11/9/2023
Oportun,SF Bay Area,185,11/7/2023,0.07,Finance,Post-IPO,766,United States,3/9/2024
Zillow,Seattle,23,11/7/2023,,Real Estate,Post-IPO,97,United States,11/8/2023
Nextdoor,SF Bay Area,,11/7/2023,0.25,Consumer,Post-IPO,736,United States,11/7/2023
Zeus Living,SF Bay Area,,11/7/2023,1,Real Estate,Series C,151,United States,11/7/2023
Ava Labs,New York City,,11/6/2023,0.12,Crypto,Unknown,640,United States,11/7/2023
Homie,Salt Lake City,,11/6/2023,,Real Estate,Series B,35,United States,11/7/2023
Moore Threads,"Beijing, Non-U.S.",,11/6/2023,,Hardware,Series B,,China,11/9/2023
Pico Interactive,SF Bay Area,,11/6/2023,,Other,Acquired,62,United States,11/7/2023
F5,Seattle,120,11/3/2023,0.02,Security,Post-IPO,,United States,11/6/2023
NIO,"Shanghai, Non-U.S.",,11/3/2023,0.1,Transportation,Post-IPO,7200,China,11/6/2023
OpenSea,New York City,,11/3/2023,0.5,Crypto,Series C,427,United States,11/3/2023
Viasat,San Diego,800,11/2/2023,0.1,Other,Post-IPO,366,United States,11/2/2023
Beyond Meat,Los Angeles,65,11/2/2023,0.08,Food,Post-IPO,122,United States,11/7/2023
OpenSpace,SF Bay Area,,11/2/2023,,Construction,Series D,200,United States,11/2/2023
Orchard,New York City,,11/2/2023,,Real Estate,Series D,472,United States,11/3/2023
Sportradar,"St. Gallen, Non-U.S.",,11/2/2023,0.1,Data,Post-IPO,84,Switzerland,1/24/2024
Informatica,SF Bay Area,545,11/1/2023,0.1,Data,Post-IPO,,United States,11/2/2023
Splunk,SF Bay Area,500,11/1/2023,0.07,Data,Post-IPO,2400,United States,11/1/2023
Faire,SF Bay Area,250,11/1/2023,0.2,Retail,Series G,1700,United States,11/2/2023
Sana Benefits,Austin,73,11/1/2023,0.5,HR,Series B,106,United States,11/2/2023
Olive,Columbus,,10/31/2023,1,Healthcare,Series H,856,United States,11/2/2023
StepStone,"Berlin, Non-U.S.",215,10/30/2023,0.05,Recruiting,Acquired,,Germany,10/31/2023
Bungie,Seattle,100,10/30/2023,0.08,Consumer,Acquired,100,United States,6/27/2026
Hubilo,SF Bay Area,50,10/30/2023,,Other,Series B,153,United States,11/2/2023
Karat Financial,Los Angeles,,10/27/2023,,Finance,Series B,116,United States,10/27/2023
Hippo Insurance,SF Bay Area,120,10/26/2023,0.2,Finance,Post-IPO,1300,United States,10/27/2023
Graphy,"Bengaluru, Non-U.S.",50,10/26/2023,0.2,Education,Subsidiary,,India,10/26/2023
Salsify,Boston,110,10/25/2023,,Retail,Unknown,453,United States,10/25/2023
F-Secure ,"Helsinki, Non-U.S.",70,10/25/2023,,Security,Post-IPO,,Finland,10/26/2023
Virgio,"Bengaluru, Non-U.S.",20,10/25/2023,0.33,Retail,Series A,,India,10/9/2023
Exabeam,SF Bay Area,,10/25/2023,0.2,Security,Series F,391,United States,10/26/2023
Multiverse,"London, Non-U.S.",,10/25/2023,,Education,Series D,414,United Kingdom,11/29/2023
Slync,Dallas,,10/25/2023,1,Logistics,Series B,76,United States,10/26/2023
SiFive,SF Bay Area,130,10/24/2023,0.2,Hardware,Series F,365,United States,10/25/2023
Pebble,SF Bay Area,,10/24/2023,1,Consumer,Seed,1,United States,10/25/2023
Shipt,Birmingham,,10/24/2023,0.03,Retail,Acquired,65,United States,10/25/2023
Parity Technologies,"London, Non-U.S.",100,10/23/2023,0.3,Crypto,Unknown,,United Kingdom,10/12/2023
Roblox China,"Shenzen, Non-U.S.",15,10/23/2023,,Consumer,Subsidiary,,China,10/25/2023
Nomad Health,New York City,119,10/20/2023,0.17,Healthcare,Unknown,218,United States,2/10/2023
Tropic,New York City,26,10/20/2023,,Finance,Series B,67,United States,10/20/2023
Nomad Health,New York City,,10/20/2023,0.25,Healthcare,Unknown,218,United States,10/20/2023
Convoy,Seattle,500,10/19/2023,1,Logistics,Series E,1100,United States,10/19/2023
Bullhorn,Boston,140,10/19/2023,0.09,Sales,Acquired,32,United States,10/20/2023
LegalZoom,Austin,100,10/19/2023,,Legal,Post-IPO,951,United States,10/20/2023
StellarAlgo,"Calgary, Non-U.S.",21,10/19/2023,0.28,Data,Series A,16,Canada,10/20/2023
ManoMano,"Paris, Non-U.S.",230,10/18/2023,0.25,Retail,Series F,705,France,10/18/2023
Google,SF Bay Area,40,10/18/2023,,Consumer,Post-IPO,26,United States,10/19/2023
WeTransfer,"Amsterdam, Non-U.S.",35,10/18/2023,0.1,Other,Series A,64,Netherlands,10/26/2023
Plume,Denver,24,10/18/2023,,Healthcare,Series B,38,United States,10/19/2023
Belora Paris,"Gurugram, Non-U.S.",,10/18/2023,1,Retail,Seed,,India,12/4/2023
Made Renovation,SF Bay Area,,10/18/2023,1,Construction,Seed,9,United States,10/19/2023
Volta Trucks,"Stockholm, Non-U.S.",,10/18/2023,1,Transportation,Series C,391,Sweden,10/23/2023
Expedia,Seattle,100,10/17/2023,,Travel,Post-IPO,3300,United States,10/17/2023
Waymo,SF Bay Area,,10/17/2023,,Transportation,Subsidiary,5500,United States,10/17/2023
LinkedIn,SF Bay Area,660,10/16/2023,0.03,Recruiting,Acquired,154,United States,10/16/2023
CityMall,"Gurugram, Non-U.S.",90,10/16/2023,,Retail,Series C,112,India,10/17/2023
C2FO,Kansas City,80,10/16/2023,0.03,Finance,Series H,537,United States,10/20/2023
Kayak / OpenTable,Stamford,80,10/16/2023,,Travel,Acquired,229,United States,10/17/2023
Bandcamp,SF Bay Area,58,10/16/2023,0.5,Other,Acquired,,United States,10/17/2023
Stack Overflow,New York City,,10/16/2023,0.28,Recruiting,Acquired,153,United States,10/16/2023
PokerStars,"Leeds, Non-U.S.",,10/15/2023,,Consumer,Acquired,,United Kingdom,10/17/2023
Adda247,"Gurugram, Non-U.S.",300,10/14/2023,,Education,Series B,61,India,10/15/2023
Flexport,SF Bay Area,,10/13/2023,0.2,Logistics,Series E,2400,United States,10/12/2023
Uno Health,New York City,,10/13/2023,,Healthcare,Unknown,,United States,10/17/2023
Qualcomm,San Diego,1258,10/12/2023,0.02,Hardware,Post-IPO,,United States,10/13/2023
Lending Club,SF Bay Area,172,10/12/2023,0.14,Finance,Post-IPO,392,United States,10/13/2023
MariaDB,SF Bay Area,84,10/12/2023,0.28,Data,Post-IPO,272,United States,10/12/2023
Deepgram,SF Bay Area,20,10/11/2023,0.2,AI,Series B,86,United States,10/12/2023
Acronis,"Zurich, Non-U.S.",,10/11/2023,,Security,Private Equity,658,Switzerland,10/12/2023
Neon,"Sao Paulo, Non-U.S.",180,10/10/2023,,Finance,Series D,727,Brazil,2/16/2024
Stitch Fix,Dallas,558,10/9/2023,,Retail,Post-IPO,79,United States,10/15/2023
Carbon Health,SF Bay Area,114,10/9/2023,0.05,Healthcare,Series D,522,United States,10/25/2023
Blue Origin,Seattle,40,10/9/2023,,Aerospace,Unknown,167,United States,10/9/2023
Braid,SF Bay Area,,10/9/2023,1,Finance,Unknown,,United States,10/10/2023
Product Hunt,,,10/9/2023,0.6,Consumer,Acquired,,United States,10/15/2023
VTrips,Jacksonville,75,10/7/2023,0.09,Travel,Private Equity,,United States,12/22/2023
Juniper Networks,SF Bay Area,440,10/6/2023,0.04,Hardware,Post-IPO,39,United States,1/9/2024
InvestCloud,Los Angeles,80,10/6/2023,0.05,Finance,Private Equity,54,United States,10/6/2023
Brave,SF Bay Area,,10/6/2023,0.09,Consumer,Series B,42,United States,10/7/2023
Dash,New York City,,10/6/2023,1,Finance,Unknown,86,United States,10/8/2023
Shift,SF Bay Area,,10/6/2023,1,Transportation,Post-IPO,504,United States,10/8/2023
Yuga Labs,Miami,,10/6/2023,,Crypto,Unknown,450,United States,10/6/2023
Enovix,SF Bay Area,185,10/5/2023,,Energy,Post-IPO,516,United States,10/6/2023
Bizongo,"Mumbai, Non-U.S.",50,10/5/2023,,Retail,Series E,315,India,10/6/2023
SchoolMint,SF Bay Area,29,10/5/2023,0.14,Education,Acquired,8,United States,10/6/2023
SeekOut,Seattle,16,10/5/2023,0.07,Recruiting,Series C,,United States,10/6/2023
Arrival,"London, Non-U.S.",,10/5/2023,0.25,Transportation,Post-IPO,629,United Kingdom,10/11/2023
Ledger,"Paris, Non-U.S.",,10/5/2023,0.12,Crypto,Series C,577,France,10/6/2023
Qualtrics,Salt Lake City,780,10/4/2023,0.14,Other,Acquired,400,United States,10/4/2023
Hopper,"Montreal, Non-U.S.",250,10/4/2023,0.3,Travel,Unknown,730,Canada,10/4/2023
Bird,Los Angeles,,10/4/2023,,Transportation,Post-IPO,916,United States,10/4/2023
Block,SF Bay Area,,10/4/2023,,Finance,Post-IPO,150,United States,10/4/2023
Meta,SF Bay Area,,10/4/2023,,Consumer,Post-IPO,26000,United States,10/4/2023
Dare,"London, Non-U.S.",,10/3/2023,,Energy,Unknown,,United Kingdom,10/8/2023
Sendoso,SF Bay Area,,10/3/2023,,Marketing,Series C,152,United States,10/4/2023
Twitch,SF Bay Area,,10/3/2023,,Consumer,Acquired,35,United States,10/4/2023
Chainalysis,New York City,150,10/2/2023,0.15,Crypto,Series F,536,United States,10/4/2023
Synapse,SF Bay Area,86,10/2/2023,0.4,Finance,Series B,50,United States,10/6/2023
Chia Network,SF Bay Area,26,10/2/2023,0.37,Crypto,Series D,70,United States,10/4/2023
IronNet,Washington D.C.,,10/2/2023,1,Security,Post-IPO,428,United States,10/4/2023
Sono Motors,"Munich, Non-U.S.",,10/2/2023,,Transportation,Post-IPO,127,Germany,10/2/2023
Cowbell,SF Bay Area,28,9/29/2023,0.12,Finance,Series B,123,United States,10/2/2023
N26,"Berlin, Non-U.S.",14,9/29/2023,,Finance,Series E,1700,Germany,9/29/2023
Andgo,"Saskatoon, Non-U.S.",9,9/29/2023,,HR,Series A,5,Canada,9/29/2023
Vendasta,"Saskatoon, Non-U.S.",,9/29/2023,,Marketing,Series D,178,Canada,9/29/2023
Epic Games,Raleigh,870,9/28/2023,0.16,Consumer,Unknown,6400,United States,9/28/2023
Lululemon Studio,New York City,120,9/28/2023,,Fitness,Acquired,75,United States,9/29/2023
2U,Washington D.C.,,9/28/2023,,Education,Post-IPO,426,United States,9/29/2023
Fit Analytics,"Berlin, Non-U.S.",,9/28/2023,1,Retail,Acquired,,,9/29/2023
Snap,Los Angeles,170,9/27/2023,,Consumer,Post-IPO,4900,United States,9/28/2023
Fi.Money,"Bengaluru, Non-U.S.",30,9/27/2023,0.1,Finance,Series C,137,India,9/28/2023
Dunzo,"Bengaluru, Non-U.S.",150,9/26/2023,0.3,Food,Unknown,458,India,9/27/2023
Flexe,Seattle,131,9/26/2023,0.33,Logistics,Series D,263,United States,9/27/2023
Talkdesk,SF Bay Area,,9/26/2023,,Support,Series D,497,United States,9/27/2023
Lucid Software,Salt Lake City,75,9/25/2023,0.07,Other,Series E,170,United States,9/25/2023
Eat Just,SF Bay Area,40,9/22/2023,,Food,Unknown,465,United States,10/2/2023
Appsmith,SF Bay Area,35,9/22/2023,0.25,,Series B,51,United States,9/24/2023
Roblox,New York City,30,9/22/2023,,Consumer,Post-IPO,857,United States,9/22/2023
Foodpanda,"Singapore, Non-U.S.",,9/22/2023,,Food,Acquired,749,Singapore,9/24/2023
Recast,"Edinburgh, Non-U.S.",,9/22/2023,1,Media,Series A,14,United Kingdom,9/24/2023
DealShare,"Bengaluru, Non-U.S.",130,9/21/2023,,Retail,Series E,390,India,9/24/2023
Merative,"Dublin, Non-U.S.",100,9/21/2023,,Healthcare,Acquired,,Ireland,9/24/2023
Robinhood,SF Bay Area,,9/21/2023,,Finance,Post-IPO,5600,United States,9/24/2023
Akudo,"Bengaluru, Non-U.S.",,9/20/2023,1,Finance,Seed,4,India,12/4/2023
Outreach,Seattle,,9/20/2023,0.12,Sales,Series G,489,United States,9/22/2023
Truss Works,SF Bay Area,,9/20/2023,,Real Estate,Unknown,,United States,9/25/2023
Nowadays,SF Bay Area,,9/18/2023,1,Food,Seed,10,United States,10/2/2023
Cisco,SF Bay Area,350,9/17/2023,,Infrastructure,Post-IPO,2,United States,9/20/2023
Hooray Foods,SF Bay Area,,9/17/2023,1,Food,Seed,7,United States,9/21/2023
Sage Therapeutics copy,Boston,290,9/15/2023,,Healthcare,Post-IPO,438,United States,9/21/2023
7shifts,"Saskatoon, Non-U.S.",30,9/15/2023,0.07,Food,Series C,131,Canada,9/21/2023
Velocity,"Bengaluru, Non-U.S.",,9/15/2023,0.14,Finance,Series A,30,India,9/20/2023
Airtable,SF Bay Area,237,9/14/2023,0.27,Product,Series F,1400,United States,9/14/2023
Project44,Chicago,116,9/14/2023,,Logistics,Unknown,817,United States,9/20/2023
VideoAmp,Los Angeles,40,9/14/2023,0.1,Marketing,Series F,456,United States,9/20/2023
R3,New York City,,9/14/2023,0.2,Crypto,Series A,112,United States,9/14/2023
Google,SF Bay Area,75,9/13/2023,,Consumer,Post-IPO,26,United States,9/13/2023
Akili Labs,Boston,,9/13/2023,0.4,Healthcare,Post-IPO,301,United States,9/14/2023
Evolve,Denver,175,9/12/2023,0.2,Travel,Series F,224,United States,9/14/2023
Binance.US,SF Bay Area,100,9/12/2023,0.33,Crypto,Subsidiary,,United States,9/13/2023
Paper,"Montreal, Non-U.S.",87,9/12/2023,0.03,Education,Series D,389,Canada,9/14/2023
Homeday,"Berlin, Non-U.S.",40,9/12/2023,0.2,Real Estate,Unknown,71,Germany,9/13/2023
At-Bay,SF Bay Area,27,9/12/2023,0.09,Security,Unknown,296,United States,9/6/2023
Eurora,"Tallinn, Non-U.S.",111,9/11/2023,,Other,Series A,42,Estonia,9/11/2023
Chargebee,SF Bay Area,100,9/11/2023,0.1,Finance,Series H,468,United States,9/11/2023
Divvy Homes,SF Bay Area,94,9/11/2023,,Real Estate,Series B,180,United States,9/9/2023
Grabango,SF Bay Area,34,9/11/2023,0.4,Food,Unknown,94,United States,9/13/2023
Bonterra ,Austin,,9/11/2023,,Other,Unknown,,United States,9/21/2023
Mollie,"Amsterdam, Non-U.S.",,9/11/2023,,Finance,Series C,928,Netherlands,9/11/2023
Oyster,Charlotte,,9/11/2023,,HR,Series C,224,United States,9/13/2023
ChargePoint,SF Bay Area,,9/8/2023,0.1,Manufacturing,Unknown,1400,United States,9/8/2023
Sensor Tower,SF Bay Area,,9/8/2023,,Marketing,Private Equity,46,United States,9/9/2023
Drift,Boston,100,9/7/2023,0.25,Marketing,Acquired,107,United States,9/9/2023
Hijra,"Jakarta, Non-U.S.",,9/7/2023,,Finance,Unknown,67,Indonesia,9/8/2023
Roku,SF Bay Area,360,9/6/2023,0.1,Media,Post-IPO,208,United States,9/6/2023
ForeScout,"Tel Aviv, Non-U.S.",40,9/6/2023,,Security,Acquired,125,Israel,9/9/2023
Better.com,New York City,,9/6/2023,,Real Estate,Unknown,905,United States,9/24/2023
Blue Origin,Seattle,,9/6/2023,,Aerospace,Unknown,167,United States,9/8/2023
iSpecimen,Boston,,9/6/2023,0.2,Healthcare,Post-IPO,31,United States,9/9/2023
MaxMilhas,"Belo Horizonte, Non-U.S.",82,9/5/2023,0.18,Travel,Unknown,,Brazil,9/6/2023
Absci,Portland,30,9/5/2023,0.15,Healthcare,Post-IPO,238,United States,9/7/2023
Hodinkee,New York City,24,9/5/2023,0.2,Retail,Seed,40,United States,9/6/2023
Talent.com,"Montreal, Non-U.S.",,9/5/2023,,Recruiting,Series B,150,Canada,9/7/2023
mPharma,"Accra, Non-U.S.",150,9/4/2023,,Healthcare,Series D,90,Ghana,9/7/2023
Xolo,"Tallinn, Non-U.S.",24,9/4/2023,,Finance,Series A,11,Estonia,9/4/2023
Nexar,New York City,17,9/4/2023,0.14,Transportation,Series D,149,United States,9/4/2023
Khatabook,"Bengaluru, Non-U.S.",42,9/1/2023,,Finance,Series C,187,India,9/4/2023
Clearcover,Chicago,,9/1/2023,0.28,Finance,Series D,304,United States,9/1/2023
Gated,SF Bay Area,,9/1/2023,1,Other,Seed,3,United States,9/4/2023
Lunchtime,"Brno, Non-U.S.",,9/1/2023,1,Food,Acquired,,Czech Republic,9/4/2023
Pegasystems,Boston,240,8/31/2023,0.04,HR,Post-IPO,,United States,9/1/2023
Biofourmis,Boston,120,8/31/2023,,Healthcare,Series D,464,United States,9/1/2023
Malwarebytes,SF Bay Area,100,8/31/2023,,Security,Series B,80,United States,8/31/2023
Expedia,Seattle,,8/31/2023,,Travel,Post-IPO,3300,United States,9/4/2023
Productboard,SF Bay Area,,8/31/2023,0.1,Product,Series D,,United States,1/27/2024
SkyKick,Seattle,140,8/30/2023,,Other,Unknown,198,United States,8/30/2023
Omuni,"Bengaluru, Non-U.S.",60,8/30/2023,0.35,Retail,Acquired,10,India,8/30/2023
Kenko Health,"Mumbai, Non-U.S.",50,8/30/2023,0.2,Healthcare,Series A,14,India,9/1/2023
Huma,"London, Non-U.S.",45,8/30/2023,0.1,Healthcare,Unknown,217,United Kingdom,8/30/2023
Zeplin,SF Bay Area,37,8/30/2023,0.35,Product,Seed,1,United States,8/30/2023
Kenko Health,"Mumbai, Non-U.S.",50,8/29/2023,0.2,Healthcare,Unknown,14,India,8/29/2023
123Milhas,"Belo Horizonte, Non-U.S.",,8/29/2023,,Travel,Unknown,,Brazil,10/6/2023
Zebra Technologies,Chicago,700,8/28/2023,0.07,Manufacturing,Post-IPO,2000,United States,8/28/2023
CoinSwitch,"Bengaluru, Non-U.S.",44,8/28/2023,,Crypto,Series C,301,India,8/28/2023
Clockwork,Dallas,,8/28/2023,1,Crypto,Seed,4,United States,8/28/2023
SenseTime,"Hong Kong, Non-U.S.",,8/28/2023,,AI,Post-IPO,2600,Hong Kong,8/28/2023
HackerRank,SF Bay Area,53,8/27/2023,,Recruiting,Series D,103,United States,8/28/2023
Cuemath,"Bengaluru, Non-U.S.",100,8/26/2023,,Education,Unknown,121,India,8/27/2023
Fortinet,SF Bay Area,,8/25/2023,,Security,Post-IPO,89,United States,8/27/2023
Captiv8,SF Bay Area,8,8/24/2023,0.03,Marketing,Unknown,4,United States,8/25/2023
Chingari,"Bengaluru, Non-U.S.",,8/24/2023,0.5,Media,Unknown,88,India,8/24/2023
Atlas,Chicago,150,8/23/2023,0.3,HR,Series B,220,United States,8/24/2023
Veriff,"Tallinn, Non-U.S.",101,8/23/2023,0.21,Security,Series C,192,Estonia,8/23/2023
BlackLine,Los Angeles,95,8/23/2023,0.05,Finance,Post-IPO,220,United States,8/24/2023
Rivos,SF Bay Area,24,8/23/2023,0.06,Hardware,Unknown,,United States,11/10/2023
Cellulant,"Nairobi, Non-U.S.",,8/23/2023,0.2,Finance,Series C,54,Kenya,8/24/2023
JOIN,"Berlin, Non-U.S.",,8/23/2023,,Recruiting,Unknown,,Germany,8/25/2023
Getir,"London, Non-U.S.",2500,8/22/2023,0.11,Food,Series E,1800,United Kingdom,8/22/2023
CoinDCX,"Mumbai, Non-U.S.",,8/22/2023,0.12,Crypto,Series D,247,India,8/23/2023
Datagen,"Tel Aviv, Non-U.S.",,8/22/2023,,AI,Series B,72,Israel,8/23/2023
Hypefast,"Jakarta, Non-U.S.",,8/22/2023,0.3,Retail,Series A,33,Indonesia,8/25/2023
Tempo Automation,SF Bay Area,,8/22/2023,,Other,Post-IPO,154,United States,8/23/2023
Recur,Miami,,8/21/2023,,Crypto,Series A,55,United States,8/23/2023
Unite Us,New York City,,8/21/2023,,Healthcare,Series C,196,United States,9/9/2023
Twiga,"Nairobi, Non-U.S.",283,8/20/2023,0.33,Food,Series C,157,Kenya,8/22/2023
Spartan Poker,"Kolkata, Non-U.S.",125,8/19/2023,0.4,Consumer,Unknown,,India,8/19/2023
Times Internet ,"Gurugram, Non-U.S.",100,8/18/2023,0.05,Media,Subsidiary,,India,8/19/2023
Detectify,"Stockholm, Non-U.S.",30,8/18/2023,,Security,Unknown,42,Sweden,10/23/2023
Embrace,SF Bay Area,,8/18/2023,,Product,Unknown,77,United States,9/1/2023
Zylo,Indianapolis,,8/18/2023,0.1,Other,Series C,72,United States,8/19/2023
Illumina,San Diego,151,8/17/2023,,Healthcare,Post-IPO,28,United States,8/19/2023
AppFolio,Santa Barbara,149,8/17/2023,0.09,Real Estate,Post-IPO,30,United States,8/18/2023
Intel,SF Bay Area,140,8/17/2023,,Hardware,Post-IPO,12,United States,8/19/2023
StreamElements,"Tel Aviv, Non-U.S.",60,8/17/2023,0.35,Media,Series B,111,Israel,8/18/2023
CircleCI,SF Bay Area,,8/17/2023,,Product,Series F,315,United States,8/18/2023
FlexCar,Boston,20,8/16/2023,,Transportation,Unknown,297,United States,8/18/2023
Xendit,"Jakarta, Non-U.S.",,8/16/2023,,Finance,Series D,534,Indonesia,2/2/2024
Noice,"Helsinki, Non-U.S.",,8/15/2023,,Consumer,Seed,5,Finland,8/15/2023
SecureWorks,Atlanta,300,8/14/2023,0.15,Security,Post-IPO,83,United States,8/14/2023
Easee,"Sandnes, Non-U.S.",200,8/14/2023,0.57,Energy,Unknown,,Norway,8/19/2023
CoinDesk,New York City,,8/14/2023,,Crypto,Acquired,,United States,8/15/2023
iQiyi Smart,"Beijing, Non-U.S.",,8/14/2023,,Other,Series C,,China,8/15/2023
LingoAce,"Singapore, Non-U.S.",,8/11/2023,,Education,Series C,180,Singapore,8/15/2023
Shutterfly,Minneapolis,246,8/10/2023,,Manufacturing,Post-IPO,50,United States,8/11/2023
SHINE Technologies,Milwaukee,59,8/10/2023,,Other,Series C,672,United States,8/11/2023
Hike,"New Delhi, Non-U.S.",55,8/10/2023,,Consumer,Unknown,261,India,8/11/2023
NCC Group,"Manchester, Non-U.S.",,8/10/2023,,Security,Post-IPO,,United Kingdom,8/17/2023
Blend,SF Bay Area,150,8/9/2023,0.19,Finance,Post-IPO,665,United States,8/11/2023
Niantic,Los Angeles,100,8/9/2023,,Other,Series D,770,United States,8/11/2023
Babylon Health,"London, Non-U.S.",94,8/9/2023,,Healthcare,Post-IPO,1200,United Kingdom,8/11/2023
Dealtale,"Tel Aviv, Non-U.S.",70,8/9/2023,1,Sales,Acquired,2,Israel,8/11/2023
Bukalapak,"Jakarta, Non-U.S.",,8/9/2023,,Retail,Post-IPO,925,Indonesia,8/9/2023
Podium,Lehi,,8/9/2023,,Support,Series D,419,United States,8/11/2023
Quizy,"Gurugram, Non-U.S.",,8/9/2023,1,Consumer,Seed,,India,8/9/2023
StyleSeat,SF Bay Area,,8/9/2023,0.17,Consumer,Series C,40,United States,10/2/2023
Thoughtworks,Chicago,579,8/8/2023,0.05,Other,Post-IPO,748,United States,10/17/2023
Rapid7,Boston,470,8/8/2023,0.18,Security,Post-IPO,89,United States,8/8/2023
MPL,"Bengaluru, Non-U.S.",350,8/8/2023,,Consumer,Unknown,375,India,8/8/2023
Doximity,SF Bay Area,100,8/8/2023,0.1,Healthcare,Post-IPO,82,United States,8/9/2023
23andMe,SF Bay Area,71,8/8/2023,0.11,Healthcare,Post-IPO,1100,United States,8/8/2023
Caliva,SF Bay Area,54,8/8/2023,,Retail,Series B,75,United States,8/9/2023
Sendy,"Nairobi, Non-U.S.",,8/8/2023,1,Logistics,Series B,26,Kenya,8/8/2023
Dell,Austin,,8/7/2023,,Hardware,Post-IPO,,United States,8/8/2023
Verse,"Barcelona, Non-U.S.",,8/7/2023,1,Finance,Acquired,38,Spain,8/29/2023
Qomplx,Washington D.C.,60,8/4/2023,,AI,Series A,107,United States,8/5/2023
CodeClan,"Edinburgh, Non-U.S.",57,8/4/2023,1,Education,Seed,,United Kingdom,8/8/2023
Top Hat,"Toronto, Non-U.S.",42,8/4/2023,0.07,Education,Series E,234,Canada,8/5/2023
Astra,SF Bay Area,,8/4/2023,0.25,Aerospace,Post-IPO,300,United States,8/5/2023
Big Cabal Media,"Lagos, Non-U.S.",,8/4/2023,0.19,Media,Seed,3,Nigeria,8/5/2023
Discord,SF Bay Area,37,8/3/2023,0.04,Consumer,Series H,995,United States,8/4/2023
Bardee,"Melbourne, Non-U.S.",30,8/3/2023,,Food,Seed,5,Australia,8/3/2023
Aware,Columbus,,8/3/2023,,Security,Series C,88,United States,8/6/2023
Ayoconnect,"Jakarta, Non-U.S.",,8/3/2023,0.1,Finance,Series B,43,Indonesia,8/5/2023
Finastra,"Tel Aviv, Non-U.S.",,8/3/2023,,Finance,Unknown,,Israel,8/4/2023
Spinny,"Gurugram, Non-U.S.",300,8/2/2023,0.05,Transportation,Series E,513,India,8/4/2023
Tekion,"Bengaluru, Non-U.S.",300,8/2/2023,0.1,Other,Series D,435,India,8/3/2023
BetterUp,SF Bay Area,100,8/2/2023,0.16,HR,Series E,567,United States,8/4/2023
Augury,New York City,70,8/2/2023,0.18,Manufacturing,Series E,274,United States,8/3/2023
Gem,SF Bay Area,70,8/2/2023,,Recruiting,Series C,148,United States,8/3/2023
Gupy,"Sao Paulo, Non-U.S.",58,8/2/2023,0.08,HR,Series B,105,Brazil,8/3/2023
Salesforce,"Dublin, Non-U.S.",50,8/2/2023,,Sales,Post-IPO,65,Ireland,8/4/2023
FamPay,"Bengaluru, Non-U.S.",18,8/2/2023,,Finance,Series A,42,India,8/3/2023
Actyv.ai,"Bengaluru, Non-U.S.",,8/2/2023,0.6,Finance,Seed,12,India,8/3/2023
ConnectedH,"Gurugram, Non-U.S.",,8/2/2023,1,Healthcare,Seed,2,India,8/3/2023
DICE,"London, Non-U.S.",,8/2/2023,,Consumer,Series C,135,United Kingdom,8/4/2023
HackerOne,SF Bay Area,,8/2/2023,0.12,Security,Series E,159,United States,8/2/2023
Silofit,"Montreal, Non-U.S.",,8/2/2023,1,Fitness,Series A,19,Canada,8/5/2023
TripAdvisor,Boston,,8/2/2023,,Travel,Post-IPO,3,United States,8/3/2023
Vesttoo,"Tel Aviv, Non-U.S.",150,8/1/2023,0.75,Finance,Series C,110,Israel,8/3/2023
Planet,SF Bay Area,117,8/1/2023,0.1,Aerospace,Post-IPO,574,United States,8/1/2023
Paper,"Montreal, Non-U.S.",106,8/1/2023,0.04,Education,Series D,389,Canada,8/1/2023
Archipelago,SF Bay Area,40,8/1/2023,0.3,Real Estate,Series B,57,United States,8/1/2023
Increff,"Bengaluru, Non-U.S.",,8/1/2023,0.2,Retail,Series B,17,India,8/2/2023
Indigo,Boston,,8/1/2023,,Other,Series F,1200,United States,8/1/2023
inDrive,SF Bay Area,,8/1/2023,0.1,Transportation,Unknown,387,United States,8/1/2023
Outreach ,Seattle,,8/1/2023,0.05,Sales,Series G,489,United States,8/1/2023
Qoala,"Jakarta, Non-U.S.",80,7/31/2023,,Finance,Series B,89,Indonesia,8/5/2023
Fable,"Toronto, Non-U.S.",13,7/31/2023,0.09,Other,Series A,12,Canada,8/5/2023
Nexar,New York City,12,7/31/2023,,Transportation,Series D,149,United States,9/4/2023
Cambricon,"Beijing, Non-U.S.",,7/31/2023,,Hardware,Series B,200,China,8/1/2023
Kape Technologies,"London, Non-U.S.",200,7/30/2023,0.3,Security,Post-IPO,188,United Kingdom,7/30/2023
Eroad,"Auckland, Non-U.S.",200,7/28/2023,0.31,Transportation,Unknown,46,New Zealand,8/1/2023
Kape,"London, Non-U.S.",180,7/28/2023,,Security,Post-IPO,188,United Kingdom,8/5/2023
Homology,Boston,,7/28/2023,,Healthcare,Post-IPO,187,United States,7/29/2023
Milkbasket,"Gurugram, Non-U.S.",400,7/27/2023,0.67,Food,Acquired,39,India,7/29/2023
Wish,SF Bay Area,255,7/27/2023,0.34,Retail,Post-IPO,1600,United States,8/1/2023
Point,SF Bay Area,61,7/27/2023,0.28,Real Estate,Series C,149,United States,9/7/2023
Akseleran,"Jakarta, Non-U.S.",60,7/27/2023,,Finance,Series A,9,Indonesia,7/29/2023
Verbit,New York City,60,7/27/2023,0.06,Data,Series E,569,United States,7/27/2023
Datree,SF Bay Area,,7/27/2023,1,Other,Seed,11,United States,7/30/2023
Degreed,SF Bay Area,,7/27/2023,,Education,Unknown,463,United States,7/27/2023
Copia,"Nairobi, Non-U.S.",350,7/26/2023,0.25,Retail,Series C,103,Kenya,7/26/2023
Figure,SF Bay Area,90,7/26/2023,0.2,Crypto,Unknown,1500,United States,7/29/2023
Calendly,Atlanta,60,7/26/2023,0.1,Other,Series B,351,United States,7/27/2023
Myntra,"Bengaluru, Non-U.S.",50,7/26/2023,,Retail,Acquired,516,India,7/26/2023
Kleos Space,"Luxembourg, Raleigh",,7/26/2023,1,Aerospace,Post-IPO,17,Luxembourg,7/27/2023
Ripl,Seattle,,7/26/2023,,Marketing,Unknown,9,United States,4/10/2024
Deep Instict,New York City,46,7/25/2023,0.15,Security,Unknown,322,United States,7/26/2023
Pluralsight,Salt Lake City,,7/25/2023,,Education,Acquired,192,United States,7/26/2023
AppHarvest,Lexington,,7/24/2023,1,Food,Post-IPO,692,United States,7/27/2023
Arive,"Munich, Non-U.S.",,7/24/2023,,Retail,Unknown,37,Germany,7/26/2023
Onfido,"London, Non-U.S.",,7/24/2023,,Finance,Series D,182,United Kingdom,7/26/2023
PathAI,Boston,87,7/21/2023,,Healthcare,Series C,255,United States,7/11/2023
Bundle Africa,"Lagos, Non-U.S.",,7/21/2023,1,Crypto,Seed,1,Nigeria,7/22/2023
Viaplay,"Stockholm, Non-U.S.",450,7/20/2023,0.25,Media,Unknown,,Sweden,7/11/2023
Stoa,Phoenix,80,7/20/2023,0.8,Real Estate,Unknown,,United States,7/22/2023
Dunzo,"Bengaluru, Non-U.S.",,7/20/2023,,Food,Unknown,382,India,7/20/2023
MiQ,"London, Non-U.S.",,7/20/2023,,Marketing,Private Equity,,United Kingdom,7/21/2023
Phunware,Austin,,7/20/2023,,Other,Post-IPO,87,United States,7/22/2023
Saarthi.ai,"Bengaluru, Non-U.S.",,7/20/2023,,Support,Unknown,,India,7/22/2023
AgentSync,Denver,67,7/19/2023,0.24,Finance,Series B,111,United States,7/26/2023
Inspirato,Denver,50,7/19/2023,0.06,Travel,Post-IPO,179,United States,7/20/2023
Tilia,SF Bay Area,28,7/19/2023,0.32,Finance,Unknown,32,United States,8/14/2023
Blue Apron,New York City,,7/19/2023,0.2,Food,Post-IPO,422,United States,8/9/2023
Microsoft,Seattle,1000,7/18/2023,,Other,Post-IPO,1,United States,7/10/2023
Cameo,Chicago,80,7/18/2023,,Consumer,Unknown,165,United States,7/18/2023
Square Roots,New York City,,7/18/2023,,Food,Unknown,91,United States,7/22/2023
Sarcos,Salt Lake City,75,7/17/2023,0.25,Aerospace,Post-IPO,316,United States,7/19/2023
Code42,Minneapolis,,7/17/2023,,Security,Unknown,137,United States,7/17/2023
Ezoic,San Diego,,7/17/2023,0.28,Infrastructure,Series A,39,United States,7/19/2023
IBM,"Tel Aviv, Non-U.S.",,7/17/2023,,Hardware,Post-IPO,,Israel,7/19/2023
Lamudi Indonesia,"Jakarta, Non-U.S.",,7/17/2023,,Real Estate,Acquired,56,Indonesia,7/23/2023
Binance,Cayman Islands,1000,7/14/2023,,Crypto,Unknown,,Cayman Islands,7/14/2023
PayScale,Seattle,14,7/14/2023,0.02,HR,Acquired,33,United States,7/15/2023
Navi Technologies,"Bengaluru, Non-U.S.",200,7/13/2023,,Finance,Unknown,659,India,7/13/2023
Skill Lync,"Chennai, Non-U.S.",200,7/13/2023,,Education,Series A,17,India,7/13/2023
Amazon,Seattle,80,7/13/2023,,Retail,Post-IPO,108,United States,7/14/2023
AudioCodes,"Tel Aviv, Non-U.S.",80,7/13/2023,0.06,Other,Post-IPO,91,Israel,7/17/2023
Tempo Automation,SF Bay Area,62,7/13/2023,,Other,Post-IPO,154,United States,7/17/2023
Uber Freight,SF Bay Area,40,7/13/2023,,Logistics,Subsidiary,2700,United States,7/14/2023
Deepwatch,Tampa Bay,30,7/13/2023,0.07,Security,Series C,256,United States,7/14/2023
Centr,"Sydney, Non-U.S.",22,7/13/2023,,Fitness,Unknown,,Australia,7/13/2023
Factorial,"Barcelona, Non-U.S.",20,7/13/2023,,HR,Series C,220,Spain,7/17/2023
Peloton,New York City,11,7/13/2023,,Fitness,Post-IPO,1900,United States,7/17/2023
Bark,New York City,,7/13/2023,0.08,Retail,Post-IPO,282,United States,7/26/2023
Khoros,Austin,,7/13/2023,0.05,Sales,Private Equity,138,United States,7/19/2023
Netlify,SF Bay Area,,7/13/2023,,Other,Series D,212,United States,7/14/2023
SAS,Raleigh,,7/13/2023,,Data,Unknown,,United States,7/15/2023
Stitch Fix,Philadelphia,400,7/12/2023,,Retail,Post-IPO,79,United States,7/14/2023
Dapper Labs,Vancouver,51,7/12/2023,,Crypto,Unknown,,Canada,7/13/2023
DeepVerge,"Dublin, Non-U.S.",50,7/12/2023,1,Healthcare,Post-IPO,20,Ireland,7/13/2023
Freightos,Miami,50,7/12/2023,0.13,Logistics,Post-IPO,118,United States,7/13/2023
Circle,Boston,,7/12/2023,,Crypto,Private Equity,1100,United States,7/13/2023
CyberGRX,Denver,,7/12/2023,,Security,Acquired,99,United States,7/13/2023
Duck Creek Technologies,Boston,,7/12/2023,0.09,Finance,Acquired,357,United States,8/11/2023
Expedia,Seattle,,7/12/2023,,Travel,Post-IPO,3300,United States,7/17/2023
WayCool,"Chennai, Non-U.S.",300,7/11/2023,0.12,Food,Unknown,363,India,7/13/2023
Matterport,SF Bay Area,170,7/11/2023,0.3,Data,Post-IPO,409,United States,7/11/2023
Everquote,Evansville,100,7/11/2023,,Finance,Post-IPO,53,United States,7/13/2023
Sisense,New York City,100,7/11/2023,0.15,Data,Series F,274,United States,7/11/2023
Built Technologies,Nashville,,7/11/2023,,Construction,Unknown,313,United States,7/13/2023
Butterfly Network copy,Boston,,7/11/2023,0.25,Healthcare,Post-IPO,530,United States,7/17/2023
Dukaan,"Bengaluru, Non-U.S.",,7/11/2023,,Retail,Series A,17,India,7/11/2023
Jasper,"Montreal, Non-U.S.",,7/11/2023,,AI,Series A,131,Canada,7/14/2023
Shift,SF Bay Area,,7/11/2023,0.34,Transportation,Post-IPO,504,United States,7/13/2023
Rad Power Bikes,Seattle,40,7/10/2023,,Transportation,Series D,329,United States,8/1/2024
FrontRow,"Bengaluru, Non-U.S.",,7/10/2023,1,Education,Series A,17,India,7/11/2023
IntelyCare,Boston,,7/10/2023,,Healthcare,Series C,171,United States,7/11/2023
Latch,New York City,,7/10/2023,0.59,Security,Post-IPO,342,United States,7/11/2023
Motive,SF Bay Area,,7/10/2023,0.05,Transportation,Series F,567,United States,7/13/2023
Medsaf,"Lagos, Non-U.S.",30,7/7/2023,1,Healthcare,Unknown,,Nigeria,7/15/2023
Evernote,SF Bay Area,,7/7/2023,,Consumer,Acquired,290,United States,7/8/2023
PaulCamper,"Berlin, Non-U.S.",,7/7/2023,,Travel,Acquired,12,Germany,8/4/2023
Trellix,SF Bay Area,,7/7/2023,,Security,Unknown,35,United States,7/11/2023
Amdocs,St. Louis,2000,7/6/2023,0.06,Support,Post-IPO,,United States,1/6/2023
FNZ,"London, Non-U.S.",1000,7/6/2023,0.15,Finance,Private Equity,1400,United Kingdom,7/7/2023
FNZ,"London, Non-U.S.",1000,7/6/2023,0.15,Finance,Private Equity,3500,United Kingdom,6/16/2026
Perfect Day,SF Bay Area,134,7/6/2023,0.15,Food,Series D,711,United States,7/13/2023
Solidigm,Sacramento,98,7/6/2023,,Hardware,Unknown,,United States,7/13/2023
TytoCare,New York City,20,7/6/2023,0.1,Healthcare,Series D,156,United States,7/7/2023
Circles.Life,"Singapore, Non-U.S.",,7/6/2023,,Marketing,Unknown,50,Singapore,7/7/2023
ConnectRN,Boston,,7/6/2023,,Healthcare,Unknown,160,United States,7/6/2023
Crunchbase,SF Bay Area,,7/6/2023,,Sales,Series D,106,United States,7/8/2023
DayTwo,SF Bay Area,,7/6/2023,,Healthcare,Series B,90,United States,7/7/2023
Athennian,"Calgary, Non-U.S.",30,7/5/2023,,Legal,Series B,47,Canada,8/17/2023
Vista Group,"Auckland, Non-U.S.",,7/5/2023,0.06,Data,Post-IPO,,New Zealand,7/6/2023
Highsnobiety,"Berlin, Non-U.S.",24,7/3/2023,0.1,Media,Acquired,8,Germany,7/5/2023
Zip,"Sydney, Non-U.S.",300,7/2/2023,0.2,Finance,Post-IPO,896,Australia,7/5/2023
Buzzer,New York City,,6/30/2023,1,Consumer,Series A,24,United States,7/1/2023
Lunya,Los Angeles,,6/30/2023,1,Retail,Unknown,,United States,7/1/2023
MediaMath,New York City,,6/30/2023,1,Marketing,Private Equity,607,United States,7/1/2023
Petal,New York City,,6/30/2023,0.2,Finance,Series D,704,United States,12/4/2023
Niantic,SF Bay Area,230,6/29/2023,,Other,Series D,770,United States,6/29/2023
Headspace,Los Angeles,181,6/29/2023,0.15,Healthcare,Unknown,216,United States,6/30/2023
Artsy,New York City,35,6/29/2023,0.15,Retail,Series D,100,United States,6/30/2023
Candy Digital,New York City,30,6/29/2023,,Crypto,Series A,138,United States,6/30/2023
Xiaomi India,"Bengaluru, Non-U.S.",30,6/29/2023,,Other,Subsidiary,,India,6/30/2023
Torii,"Ra'anana, Non-U.S.",28,6/29/2023,0.3,Other,Series B,65,Israel,7/1/2023
Insider Intelligence,New York City,20,6/29/2023,,Media,Subsidiary,,United States,6/30/2023
Merama,"Mexico City, Non-U.S.",,6/29/2023,0.1,Retail,Series B,445,Mexico,7/1/2023
Qyuki,"Bengaluru, Non-U.S.",,6/29/2023,0.3,Other,Seed,19,India,7/5/2023
Stripe,SF Bay Area,,6/29/2023,,Finance,Series I,8700,United States,6/30/2023
Vowel,New York City,,6/29/2023,1,Other,Series A,18,United States,6/30/2023
ClickUp,San Diego,90,6/28/2023,0.1,Other,Series C,537,United States,7/4/2023
Ludia,"Montreal, Non-U.S.",55,6/28/2023,,Consumer,Acquired,1,,6/30/2023
Karat,Seattle,47,6/28/2023,,HR,Unknown,169,United States,6/30/2023
Plex,SF Bay Area,37,6/28/2023,0.2,Media,Unknown,81,United States,6/28/2023
Starburst,Boston,,6/28/2023,0.15,Data,Series D,414,United States,7/13/2023
Zapier,SF Bay Area,,6/28/2023,0.1,Other,Seed,1,United States,6/28/2023
Selina,"London, Non-U.S.",350,6/27/2023,,Travel,Post-IPO,612,United Kingdom,7/7/2023
New Relic,SF Bay Area,255,6/27/2023,0.1,Infrastructure,Post-IPO,214,United States,6/27/2023
Tibber,"Førde, Non-U.S.",50,6/27/2023,,Energy,Series C,181,Norway,6/27/2023
ClearPay,"Manchester, Non-U.S.",,6/27/2023,,Finance,Acquired,85,United Kingdom,7/6/2023
Eyowo,"Lagos, Non-U.S.",,6/27/2023,1,Finance,Unknown,,Nigeria,6/26/2023
Honor,SF Bay Area,,6/27/2023,0.15,Healthcare,Unknown,625,United States,1/31/2024
Loopio,"Toronto, Non-U.S.",,6/27/2023,0.09,Sales,Private Equity,263,Canada,6/28/2023
Lordstown Motors,Detroit,,6/27/2023,1,Transportation,Post-IPO,1100,United States,6/30/2023
Waze,SF Bay Area,,6/27/2023,,Transportation,Acquired,67,United States,6/28/2023
Payoneer,New York City,200,6/26/2023,0.1,Finance,Post-IPO,,United States,6/27/2023
Robinhood,SF Bay Area,150,6/26/2023,0.07,Finance,Post-IPO,5600,United States,6/26/2023
Convoy,Seattle,30,6/26/2023,0.05,Logistics,Series E,1100,United States,6/27/2023
Joonko,New York City,,6/25/2023,1,Recruiting,Series B,38,United States,6/27/2023
IRL,SF Bay Area,,6/23/2023,1,Consumer,Series C,197,United States,6/25/2023
Retool,SF Bay Area,,6/22/2023,0.09,Other,Series C,141,United States,6/22/2023
Anaplan,SF Bay Area,300,6/21/2023,,Other,Acquired,300,United States,6/24/2023
Uber,SF Bay Area,200,6/21/2023,,Transportation,Post-IPO,25200,United States,6/22/2023
Tackle.io,Boise,75,6/21/2023,,Infrastructure,Series C,148,United States,6/23/2023
Ritual,"Toronto, Non-U.S.",38,6/21/2023,0.4,Food,Series C,134,Canada,6/24/2023
Friday Health Plans,Alamosa,,6/21/2023,,Healthcare,Private Equity,306,United States,6/22/2023
Illumina,San Diego,,6/21/2023,,Healthcare,Post-IPO,28,United States,6/27/2023
Mutiny,SF Bay Area,,6/21/2023,0.3,Marketing,Series B,69,United States,7/14/2023
Grab,"Singapore, Non-U.S.",1000,6/20/2023,0.11,Transportation,Post-IPO,16500,Singapore,6/20/2023
OLX Group,"Amsterdam, Non-U.S.",800,6/20/2023,,Marketing,Acquired,,Netherlands,6/20/2023
AvantStay,Los Angeles,37,6/20/2023,,Travel,Private Equity,686,United States,12/22/2023
Karakuki,"London, Non-U.S.",,6/20/2023,1,Food,Unknown,13,United Kingdom,6/22/2023
Chingari,"Bengaluru, Non-U.S.",48,6/19/2023,0.2,Media,Unknown,88,India,6/20/2023
Panther,Tampa Bay,,6/19/2023,1,HR,Seed,2,United States,6/20/2023
Fuzzy,SF Bay Area,,6/18/2023,1,Healthcare,Series C,80,United States,6/18/2023
Mojocare,"Bengaluru, Non-U.S.",170,6/17/2023,0.8,Healthcare,Series A,24,India,6/17/2023
Nikola,Phoenix,270,6/16/2023,,Transportation,Post-IPO,3300,United States,6/17/2023
Qualcomm,SF Bay Area,84,6/16/2023,,Hardware,Post-IPO,,United States,7/19/2023
Pilot,SF Bay Area,45,6/16/2023,0.13,Finance,Unknown,116,United States,7/1/2023
Karshare,"London, Non-U.S.",,6/16/2023,1,Transportation,Seed,4,United Kingdom,6/17/2023
Zulily,Seattle,,6/16/2023,,Retail,Acquired,194,United States,6/17/2023
CareRev,Los Angeles,100,6/15/2023,0.33,Healthcare,Series A,51,United States,6/16/2023
TADA,"Seoul, Non-U.S.",45,6/15/2023,0.6,Transportation,Subsidiary,,South Korea,6/17/2023
Binance.US,SF Bay Area,,6/15/2023,,Crypto,Subsidiary,,United States,6/16/2023
Cerner,Kansas City,,6/15/2023,,Healthcare,Acquired,,United States,6/19/2023
FrontRow,"Bengaluru, Non-U.S.",,6/15/2023,0.9,Education,Series A,17,India,6/16/2023
Bitwise Industries,SF Bay Area,900,6/14/2023,1,Education,Series C,158,United States,6/16/2023
Sonos,New York City,130,6/14/2023,0.07,Consumer,Post-IPO,455.2,United States,6/14/2023
TrueCar,Los Angeles,102,6/14/2023,0.24,Transportation,Post-IPO,340,United States,6/15/2023
Olo,New York City,81,6/14/2023,0.11,Food,Post-IPO,184,United States,6/14/2023
Mamaearth,"Gurugram, Non-U.S.",80,6/14/2023,,Retail,Unknown,111,India,6/14/2023
Synapse,SF Bay Area,,6/14/2023,0.18,Finance,Series B,50,United States,6/15/2023
Western Digital,SF Bay Area,211,6/13/2023,,Hardware,Post-IPO,900,United States,10/20/2023
JupiterOne,Raleigh,8,6/13/2023,,Security,Series C,119,United States,6/14/2023
Zalando,"Berlin, Non-U.S.",,6/13/2023,,Retail,Post-IPO,468,Germany,7/5/2023
Grubhub,SF Bay Area,400,6/12/2023,0.15,Food,Acquired,284,United States,6/12/2023
GoCardless,"London, Non-U.S.",150,6/12/2023,0.17,Finance,Series G,529,United Kingdom,6/12/2023
Pendo,Raleigh,100,6/12/2023,0.12,Product,Series F,469,United States,6/12/2023
Chegg,SF Bay Area,80,6/12/2023,0.04,Education,Post-IPO,227,United States,6/14/2023
dot.LA,Los Angeles,,6/12/2023,1,Media,Seed,4,United States,6/14/2023
TaxBit,SF Bay Area,80,6/11/2023,0.4,Crypto,Unknown,253,United States,6/12/2023
Tiki,"Singapore, Non-U.S.",,6/11/2023,1,Consumer,Unknown,,Singapore,6/14/2023
Trybe,"Sao Paulo, Non-U.S.",128,6/9/2023,0.35,Education,Series B,40,Brazil,6/12/2023
23andMe,SF Bay Area,75,6/9/2023,0.09,Healthcare,Post-IPO,1100,United States,6/9/2023
Expel,Washington D.C.,60,6/9/2023,0.1,Security,Series E,288,United States,6/9/2023
Branch,Columbus,186,6/8/2023,,Finance,Series C,229,United States,6/9/2023
Cityblock Health,New York City,155,6/8/2023,0.12,Healthcare,Series D,891,United States,6/8/2023
Highspot,Seattle,140,6/8/2023,0.15,Sales,Series F,644,United States,6/9/2023
Cohesity,SF Bay Area,,6/8/2023,,Data,Series E,805,United States,6/9/2023
Freshworks,SF Bay Area,,6/8/2023,,Support,Post-IPO,484,United States,6/8/2023
Opora,SF Bay Area,,6/8/2023,1,Security,Seed,7,United States,6/9/2023
Byju's,"Bengaluru, Non-U.S.",1000,6/7/2023,,Education,Private Equity,5500,India,6/9/2023
Nubank,"Sao Paulo, Non-U.S.",296,6/7/2023,,Finance,Post-IPO,4100,Brazil,6/8/2023
Sumo Logic,SF Bay Area,79,6/7/2023,,Data,Acquired,340,United States,6/10/2023
Flatiron Health,New York City,39,6/7/2023,,Healthcare,Acquired,324,United States,6/24/2023
Better.com,New York City,,6/7/2023,,Real Estate,Unknown,905,United States,6/9/2023
HashiCorp,SF Bay Area,,6/7/2023,0.08,Infrastructure,Post-IPO,349,United States,6/7/2023
Ursa Major,Denver,,6/7/2023,,Aerospace,Series D,233,United States,6/9/2023
Coherent,SF Bay Area,196,6/6/2023,,Manufacturing,Post-IPO,,United States,6/8/2023
Edgio,Phoenix,134,6/6/2023,0.12,Infrastructure,Post-IPO,462,United States,6/9/2023
Reddit,SF Bay Area,90,6/6/2023,0.05,Consumer,Series F,1300,United States,6/6/2023
Linktree,"Melbourne, Non-U.S.",60,6/6/2023,0.27,Consumer,Unknown,165,Australia,6/6/2023
Dragos,Baltimore,50,6/6/2023,0.09,Security,Series D,364,United States,6/6/2023
Unity,SF Bay Area,50,6/6/2023,,Other,Post-IPO,1300,United States,6/8/2023
Mara,"Nairobi, Non-U.S.",6,6/6/2023,,Crypto,Seed,23,Kenya,6/8/2023
Bunnii,New York City,,6/6/2023,1,Healthcare,Unknown,,United States,6/6/2023
Spotify,"Stockholm, Non-U.S.",200,6/5/2023,0.02,Media,Post-IPO,2100,Sweden,6/5/2023
Azibo,Reno,,6/5/2023,,Finance,Series A,19,United States,6/6/2023
Flyhomes,Seattle,,6/5/2023,,Real Estate,Series C,310,United States,6/5/2023
Meati Foods,Denver,,6/3/2023,0.05,Food,Series C,274,United States,6/5/2023
ZoomInfo,"Vancouver, Non-U.S.",120,6/2/2023,0.03,Sales,Post-IPO,7,Canada,6/2/2023
Staffbase,"Chemnitz, Non-U.S.",90,6/2/2023,,Other,Series E,307,Germany,6/4/2023
Zume,SF Bay Area,,6/2/2023,1,Food,Unknown,423,United States,6/4/2023
Haven Technologies,New York City,280,6/1/2023,0.7,Finance,Subsidiary,,United States,6/2/2023
Mural,SF Bay Area,170,6/1/2023,,Product,Series C,192,United States,6/6/2023
Glamyo Health,"New Delhi, Non-U.S.",160,6/1/2023,,Healthcare,Series B,9,India,6/2/2023
Outbrain,New York City,90,6/1/2023,0.1,Marketing,Post-IPO,394,United States,6/2/2023
CloudTrucks,SF Bay Area,,6/1/2023,,Logistics,Series B,141,United States,6/2/2023
CoachHub,"Berlin, Non-U.S.",,6/1/2023,0.1,HR,Series C,332,Germany,6/4/2023
Fractal Software,New York City,,6/1/2023,,Other,Unknown,,United States,6/4/2023
SentinelOne,SF Bay Area,,6/1/2023,0.05,Security,Post-IPO,696,United States,6/2/2023
SmartAsset,New York City,,6/1/2023,0.19,Finance,Series D,161,United States,6/2/2023
Zendesk,SF Bay Area,320,5/31/2023,0.08,Support,Acquired,85,United States,6/1/2023
ZipRecruiter,Los Angeles,270,5/31/2023,0.2,Recruiting,Post-IPO,769,United States,5/31/2023
Vendr,Boston,100,5/31/2023,0.25,Other,Series B,216,United States,5/31/2023
McMakler,"Berlin, Non-U.S.",60,5/31/2023,,Real Estate,Unknown,214,Germany,6/2/2023
Mux,SF Bay Area,40,5/31/2023,0.3,Infrastructure,Series D,173,United States,6/2/2023
Away,New York City,22,5/31/2023,0.08,Retail,Series D,181,United States,8/15/2023
Taxfix,"Berlin, Non-U.S.",120,5/30/2023,0.2,Finance,Series D,330,Germany,5/31/2023
Mensa Brands,"Bengaluru, Non-U.S.",30,5/30/2023,,Retail,Unknown,254,India,5/31/2023
Coupa,SF Bay Area,,5/30/2023,,Finance,Acquired,219,United States,6/1/2023
Nansen,"Singapore, Non-U.S.",,5/30/2023,,Crypto,Series B,88,Singapore,5/31/2023
PacketFabric,Los Angeles,,5/30/2023,,Infrastructure,Unknown,109,United States,5/31/2023
Evolve,Denver,164,5/29/2023,0.14,Travel,Series F,224,United States,9/14/2023
Project44,Chicago,130,5/26/2023,0.1,Logistics,Unknown,817,United States,5/27/2023
DHI Group,New York City,53,5/26/2023,0.1,Recruiting,Post-IPO,,United States,6/6/2023
BenevolentAI,"London, Non-U.S.",180,5/25/2023,,Healthcare,Private Equity,292,United Kingdom,5/26/2023
Airmeet,"Bengaluru, Non-U.S.",75,5/25/2023,0.3,Marketing,Series B,50,India,5/26/2023
Circus Kitchens,"Hamburg, Non-U.S.",35,5/25/2023,,Food,Seed,12,Germany,5/26/2023
Jellysmack,"Paris, Non-U.S.",13,5/25/2023,,Media,Series C,22,France,1/20/2024
Kabam,SF Bay Area,,5/25/2023,0.12,Consumer,Acquired,244,United States,5/26/2023
Guild,Denver,172,5/24/2023,0.12,Education,Series F,643,United States,5/26/2023
WillowTree,Charlottesville,120,5/24/2023,0.11,Marketing,Acquired,,United States,5/24/2023
Flink,"Berlin, Non-U.S.",100,5/24/2023,0.16,Food,Series B,1000,Germany,5/24/2023
Western Digital,"Kfar Saba, Non-U.S.",60,5/24/2023,0.07,Hardware,Post-IPO,900,Israel,6/2/2023
Alibaba Cloud,"Hangzhou, Non-U.S.",,5/24/2023,0.07,Data,Subsidiary,,China,5/24/2023
Brainly,"Krakow, Non-U.S.",,5/24/2023,0.3,Education,Series D,148,Poland,5/24/2023
Reliance JioMart,"Mumbai, Non-U.S.",1000,5/23/2023,,Food,Subsidiary,,India,5/23/2023
Qualcomm,"Haifa, Non-U.S.",30,5/23/2023,,Hardware,Post-IPO,,Israel,6/2/2023
SoundCloud,"Berlin, Non-U.S.",,5/23/2023,0.08,Consumer,Unknown,542,Germany,5/24/2023
Tractable,"London, Non-U.S.",,5/23/2023,,Finance,Series D,119,United Kingdom,5/25/2023
AppFolio,Santa Barbara,62,5/22/2023,,Real Estate,Post-IPO,30,United States,5/24/2023
Daylight,Los Angeles,,5/22/2023,1,Finance,Series A,20,United States,10/26/2023
FemTech Health,Houston,,5/22/2023,1,Healthcare,Unknown,,United States,5/22/2023
Paperless Parts,Boston,,5/22/2023,,Manufacturing,Series B,30,United States,5/24/2023
Nuance Communications,Boston,,5/20/2023,,Healthcare,Acquired,,United States,5/22/2023
Moss,"Berlin, Non-U.S.",30,5/19/2023,,Finance,Series B,150,Germany,5/24/2023
Pie Insurance,Washington D.C.,63,5/18/2023,0.14,Finance,Series D,621,United States,5/18/2023
Clearbit,SF Bay Area,,5/18/2023,,Sales,Series A,17,United States,5/18/2023
dbt Labs,Philadelphia,,5/18/2023,0.15,Data,Series D,414,United States,5/18/2023
L1ght,"Tel Aviv, Non-U.S.",,5/18/2023,1,Other,Seed,15,Israel,5/19/2023
Nextbite,Denver,,5/18/2023,,Food,Series C,150,United States,5/20/2023
TuSimple,San Diego,,5/18/2023,0.3,Transportation,Post-IPO,648,United States,5/18/2023
Stash,New York City,40,5/17/2023,0.1,Finance,Unknown,480,United States,5/19/2023
Formstack,Indianapolis,,5/17/2023,0.4,Other,Private Equity,425,United States,5/17/2023
Cerner,Kansas City,3000,5/16/2023,0.11,Healthcare,Acquired,,United States,5/17/2023
Zepz,"London, Non-U.S.",420,5/16/2023,0.26,Finance,Series E,700,United Kingdom,5/16/2023
Lemonade,New York City,45,5/16/2023,0.03,Finance,Post-IPO,481,United States,5/16/2023
DroneUp,Norfolk,,5/16/2023,,Logistics,Unknown,7,United States,5/16/2023
Quanto,"Sao Paulo, Non-U.S.",,5/16/2023,0.85,Finance,Series A,20,Brazil,5/18/2023
Cana,SF Bay Area,,5/13/2023,1,Food,Unknown,30,United States,5/14/2023
Nuro,SF Bay Area,340,5/12/2023,0.3,Transportation,Series D,2100,United States,5/11/2023
Telenav,"Cluj-Napoca, Non-U.S.",172,5/12/2023,,Transportation,Post-IPO,30,Romania,5/12/2023
Happay,"Bengaluru, Non-U.S.",160,5/12/2023,0.35,Finance,Acquired,21,India,5/15/2023
Slickdeals,Las Vegas,79,5/12/2023,0.33,Retail,Unknown,,United States,5/15/2023
Toothsi,"Mumbai, Non-U.S.",20,5/12/2023,,Healthcare,Series C,87,India,5/14/2023
Everlaw,SF Bay Area,,5/12/2023,0.1,Legal,Series D,298,United States,5/13/2023
Tessera,New York City,,5/12/2023,1,Crypto,Series A,43,United States,5/15/2023
Cornershop,"Santiago, Non-U.S.",250,5/11/2023,0.11,Food,Acquired,31,Chile,5/12/2023
Varo,SF Bay Area,97,5/11/2023,,Finance,Series E,992,United States,5/17/2023
CS Disco,Austin,,5/11/2023,0.08,Legal,Post-IPO,233,United States,5/12/2023
Microsoft,Seattle,158,5/10/2023,,Other,Post-IPO,1,United States,5/11/2023
Redbubble,"Melbourne, Non-U.S.",70,5/10/2023,0.23,Retail,Post-IPO,55,Australia,5/10/2023
Similarweb,New York City,60,5/10/2023,0.06,Other,Post-IPO,235,United States,5/11/2023
Stack Overflow,New York City,58,5/10/2023,0.1,Recruiting,Acquired,153,United States,5/11/2023
Akamai,Boston,290,5/9/2023,0.03,Security,Post-IPO,35,United States,5/10/2023
Sonatype,Baltimore,100,5/9/2023,0.14,Security,Acquired,154,United States,5/11/2023
AudioCodes,"Tel Aviv, Non-U.S.",80,5/9/2023,0.06,Other,Post-IPO,91,Israel,5/9/2023
Buzzer,New York City,,5/9/2023,,Media,Unknown,32,United States,5/9/2023
Marqeta,SF Bay Area,,5/9/2023,0.15,Finance,Post-IPO,530,United States,5/10/2023
LinkedIn,SF Bay Area,716,5/8/2023,0.04,Recruiting,Acquired,154,United States,5/9/2023
Cuemath,"Bengaluru, Non-U.S.",100,5/8/2023,,Education,Unknown,121,India,5/8/2023
Momentis Surgical,"Tel Aviv, Non-U.S.",70,5/8/2023,0.6,Healthcare,Series D,,Israel,5/13/2023
Glean AI,New York City,5,5/8/2023,,Finance,Seed,11,United States,5/16/2023
Everledger,"Brisbane, Non-U.S.",,5/8/2023,1,Crypto,Unknown,27,Australia,5/15/2023
Twist Bioscience,SF Bay Area,270,5/5/2023,0.25,Healthcare,Post-IPO,503,United States,5/5/2023
Meesho,"Bengaluru, Non-U.S.",251,5/5/2023,0.15,Retail,Series F,1100,India,5/5/2023
Teachmint,"Bengaluru, Non-U.S.",70,5/5/2023,,Education,Series B,118,India,5/5/2023
Eventus,Austin,,5/5/2023,0.33,Finance,Series B,45,United States,5/8/2023
Shopify,"Ottawa, Non-U.S.",2300,5/4/2023,0.2,Retail,Post-IPO,122,Canada,5/4/2023
Sabre,Dallas,1100,5/4/2023,0.15,Travel,Post-IPO,1700,United States,5/5/2023
Scribe Media,Austin,90,5/4/2023,1,Marketing,Unknown,,United States,5/31/2023
Autograph,Los Angeles,30,5/4/2023,0.33,Crypto,Series B,205,United States,5/5/2023
Earnix,"Tel Aviv, Non-U.S.",30,5/4/2023,0.1,Finance,Unknown,100,Israel,5/4/2023
Karma,"Tel Aviv, Non-U.S.",20,5/4/2023,0.28,Retail,Series A,34,Israel,5/5/2023
Glassbox,"London, Non-U.S.",,5/4/2023,0.14,Data,Series C,70,United Kingdom,5/5/2023
Unity,SF Bay Area,600,5/3/2023,0.08,Other,Post-IPO,1300,United States,5/3/2023
Upwork,SF Bay Area,137,5/3/2023,0.15,Other,Post-IPO,168,United States,5/3/2023
Cars24,"Jakarta, Non-U.S.",100,5/3/2023,,Transportation,Series G,1300,Indonesia,5/7/2023
Brightcove,Boston,70,5/3/2023,0.1,Marketing,Post-IPO,145,United States,5/4/2023
Healthy.io,"Tel Aviv, Non-U.S.",70,5/3/2023,0.33,Healthcare,Series D,185,Israel,5/3/2023
Zymergen,SF Bay Area,27,5/3/2023,,Other,Acquired,974,United States,5/5/2023
TheSkimm,New York City,22,5/3/2023,0.13,Media,Series C,28,United States,5/8/2023
Brightline,SF Bay Area,,5/3/2023,0.2,Healthcare,Series C,212,United States,5/3/2023
Bishop Fox,Phoenix,50,5/2/2023,0.13,Security,Series B,146,United States,5/3/2023
Zoomo,"Sydney, Non-U.S.",27,5/2/2023,0.08,Transportation,Series B,105,Australia,5/2/2023
Vallai,"Paris, Non-U.S.",,5/2/2023,1,Data,Seed,,France,5/4/2023
SAS,Raleigh,250,5/1/2023,,Data,Unknown,,United States,7/5/2023
Lev,New York City,34,5/1/2023,,Real Estate,Series B,114,United States,5/1/2023
PharmEasy,"Mumbai, Non-U.S.",,5/1/2023,,Healthcare,Unknown,1600,India,5/2/2023
Vah Vah!,"Bengaluru, Non-U.S.",150,4/30/2023,,Education,Seed,2,India,7/19/2023
Cogito,"New Delhi, Non-U.S.",177,4/29/2023,,Data,Unknown,,India,5/1/2023
Cue Health,San Diego,326,4/28/2023,0.3,Healthcare,Post-IPO,899,United States,5/1/2023
N26,"Berlin, Non-U.S.",71,4/28/2023,0.04,Finance,Series E,1700,Germany,4/28/2023
Embark Vet,Boston,28,4/28/2023,,Healthcare,Series B,94,United States,5/10/2023
Poparazzi,Los Angeles,,4/28/2023,1,Consumer,Series A,15,United States,5/3/2023
Providoor,"Melbourne, Non-U.S.",,4/28/2023,1,Food,Unknown,,Australia,4/29/2023
Dropbox,SF Bay Area,500,4/27/2023,0.16,Other,Post-IPO,1700,United States,4/27/2023
Alteryx,Los Angeles,320,4/27/2023,0.11,Data,Post-IPO,613,United States,4/28/2023
Vroom,New York City,120,4/27/2023,0.11,Transportation,Post-IPO,1300,United States,4/28/2023
Greenhouse,New York City,100,4/27/2023,0.12,Recruiting,Private Equity,110,United States,4/27/2023
Rebellion Defense,Washington D.C.,90,4/27/2023,,Data,Series B,150,United States,4/29/2023
Poppulo,Denver,85,4/27/2023,,HR,Acquired,30,United States,4/29/2023
Megaport,"Brisbane, Non-U.S.",50,4/27/2023,0.16,Infrastructure,Post-IPO,98,Australia,4/29/2023
Airtasker,"Sydney, Non-U.S.",45,4/27/2023,0.2,Retail,Series C,26,Australia,4/28/2023
Chief,New York City,43,4/27/2023,0.14,Other,Series B,140,United States,4/27/2023
Tickertape,"Bengaluru, Non-U.S.",29,4/27/2023,0.29,Finance,Seed,5,India,4/28/2023
Clubhouse,SF Bay Area,,4/27/2023,0.5,Consumer,Series C,110,United States,4/27/2023
Oddle,"Singapore, Non-U.S.",,4/27/2023,0.25,Food,Series B,9,Singapore,4/29/2023
Rad Power Bikes,Seattle,,4/27/2023,,Transportation,Series D,329,United States,8/1/2024
Extramarks,"Noida, Non-U.S.",300,4/26/2023,,Education,Unknown,,India,4/26/2023
Teampay,New York City,30,4/26/2023,0.33,Finance,Series B,79,United States,4/28/2023
RenoRun,"Montreal, Non-U.S.",,4/26/2023,1,Construction,Series B,163,Canada,5/2/2023
Skill Lync,"Chennai, Non-U.S.",400,4/25/2023,,Education,Series A,17,India,4/25/2023
Rapid,SF Bay Area,115,4/25/2023,0.5,Finance,Series D,272,United States,4/25/2023
Rapid,SF Bay Area,70,4/25/2023,0.3,Finance,Series D,272,United States,5/5/2023
Flink,"Berlin, Non-U.S.",8000,4/24/2023,0.4,Food,Series B,1000,Germany,4/25/2023
Red Hat,Raleigh,760,4/24/2023,0.04,Other,Acquired,,United States,4/24/2023
BigPanda,SF Bay Area,40,4/24/2023,0.13,Infrastructure,Series E,337,United States,4/25/2023
Lyft,SF Bay Area,1072,4/21/2023,0.26,Transportation,Post-IPO,4900,United States,4/21/2023
Benchling,SF Bay Area,74,4/21/2023,0.09,Other,Series F,411,United States,4/22/2023
Pluralsight,Salt Lake City,,4/21/2023,,Education,Acquired,192,United States,4/23/2023
BuzzFeed,New York City,180,4/20/2023,0.15,Media,Post-IPO,696,United States,4/20/2023
Koo,"Bengaluru, Non-U.S.",78,4/20/2023,0.3,Consumer,Series B,50,India,4/20/2023
Open,"Bengaluru, Non-U.S.",47,4/20/2023,,Finance,Series D,190,India,4/20/2023
Gloat,New York City,35,4/20/2023,0.12,HR,Series D,192,United States,4/21/2023
Insider,New York City,,4/20/2023,0.1,Media,Unknown,,United States,4/20/2023
Iress,"Melbourne, Non-U.S.",,4/20/2023,0.1,Finance,Unknown,,Australia,9/24/2023
Lenovo,Raleigh,,4/20/2023,,Hardware,Post-IPO,850,United States,4/20/2023
F5,Seattle,623,4/19/2023,0.09,Security,Post-IPO,,United States,4/20/2023
WalkMe,SF Bay Area,112,4/19/2023,0.1,Other,Post-IPO,307,United States,4/19/2023
Opendoor,SF Bay Area,560,4/18/2023,0.22,Real Estate,Post-IPO,1900,United States,4/18/2023
Noon,"Riyadh, Non-U.S.",340,4/18/2023,0.1,Retail,Unknown,,Saudi Arabia,4/19/2023
Culture Amp,"Melbourne, Non-U.S.",90,4/18/2023,0.09,HR,Series F,257,Australia,4/19/2023
TRM Labs,SF Bay Area,16,4/18/2023,0.09,Crypto,Series B,149,United States,5/5/2023
CoLab,"Sydney, Non-U.S.",,4/18/2023,1,Food,Seed,3,Australia,4/20/2023
Ten Square Games,"Wrocław, Non-U.S.",120,4/17/2023,0.25,Consumer,Seed,,Poland,4/18/2023
Clearcover,Chicago,81,4/17/2023,0.15,Finance,Series D,304,United States,4/25/2023
Paper,"Montreal, Non-U.S.",81,4/17/2023,0.03,Education,Series D,389,Canada,5/17/2023
Ynsect,"Paris, Non-U.S.",17,4/17/2023,0.25,Food,Series D,579,France,4/18/2023
FamPay,"Bengaluru, Non-U.S.",,4/17/2023,,Finance,Series A,42,India,4/17/2023
Kumu,"Manila, Non-U.S.",,4/17/2023,,Media,Series C,94,Philippines,4/18/2023
Utopia Music,"Zug, Non-U.S.",,4/17/2023,0.15,Other,Series B,,Switzerland,7/23/2023
Quadream,"Tel Aviv, Non-U.S.",,4/16/2023,1,Security,Unknown,,Israel,4/17/2023
Drip Capital,SF Bay Area,75,4/14/2023,0.2,Finance,Series C,85,United States,4/15/2023
Community Gaming,New York City,17,4/14/2023,0.17,Crypto,Series A,18,United States,4/17/2023
Calibrate,New York City,,4/14/2023,0.18,Healthcare,Series B,127,United States,4/15/2023
OpenClassrooms,"Paris, Non-U.S.",,4/14/2023,0.25,Education,Series C,150,France,2/8/2024
Sayurbox,"Jakarta, Non-U.S.",,4/14/2023,,Food,Series C,139,Indonesia,5/26/2023
Snyk,Boston,128,4/13/2023,,Security,Series F,849,United States,4/14/2023
Astronomer,Cincinnati,100,4/13/2023,0.4,Data,Series C,282,United States,4/15/2023
Bluepad,"Bengaluru, Non-U.S.",,4/13/2023,1,Media,Seed,,India,4/14/2023
Heygo,"London, Non-U.S.",,4/13/2023,1,Travel,Series A,20,United Kingdom,4/14/2023
Lazerpay,"Lagos, Non-U.S.",,4/13/2023,1,Crypto,Unknown,,Nigeria,4/14/2023
Mediafly,Chicago,,4/13/2023,,Sales,Private Equity,59,United States,4/14/2023
Viasat,San Diego,300,4/12/2023,0.04,Other,Post-IPO,366,United States,4/25/2023
Science 37,Los Angeles,140,4/12/2023,,Healthcare,Post-IPO,347,United States,5/5/2023
Medtronic,SF Bay Area,59,4/12/2023,,Healthcare,Post-IPO,5900,United States,4/14/2023
Milkrun,"Sydney, Non-U.S.",400,4/11/2023,1,Food,Series A,86,Australia,4/11/2023
Redfin,Seattle,201,4/11/2023,0.04,Real Estate,Post-IPO,320,United States,4/14/2023
Permutive,"London, Non-U.S.",80,4/11/2023,0.4,Marketing,Series C,105,United Kingdom,4/14/2023
Examedi,"Santiago, Non-U.S.",45,4/11/2023,0.25,Healthcare,Unknown,19,Chile,4/17/2023
Acxiom,Little Rock,,4/11/2023,,Marketing,Post-IPO,,United States,4/12/2023
Euler Motors,"New Delhi, Non-U.S.",,4/11/2023,0.1,Transportation,Series C,92,India,4/11/2023
Reforge,SF Bay Area,,4/11/2023,,Education,Series B,81,United States,4/12/2023
Flock Freight,San Diego,45,4/10/2023,0.08,Logistics,Series D,399,United States,5/18/2023
Nori,Seattle,10,4/10/2023,0.37,Energy,Unknown,13,United States,5/31/2023
Simpl,"Bengaluru, Non-U.S.",150,4/9/2023,0.25,Finance,Series B,71,India,4/19/2023
Practo,"Bengaluru, Non-U.S.",41,4/8/2023,,Healthcare,Series D,222,India,4/9/2023
Pear Therapeutics,Boston,170,4/7/2023,0.92,Healthcare,Post-IPO,409,United States,4/8/2023
Workit Health,Ann Arbor,100,4/7/2023,,Healthcare,Series C,138,United States,4/9/2023
ZestMoney,"Bengaluru, Non-U.S.",100,4/7/2023,0.2,Finance,Series C,120,India,4/1/2023
Absolute Software,"Vancouver, Non-U.S.",40,4/6/2023,0.05,Security,Post-IPO,,Canada,4/6/2023
Avocargo,"Berlin, Non-U.S.",16,4/6/2023,1,Transportation,Seed,,Germany,4/8/2023
Dunzo,"Bengaluru, Non-U.S.",300,4/5/2023,0.3,Food,Unknown,382,India,4/6/2023
Amplitude,SF Bay Area,99,4/5/2023,0.13,Data,Post-IPO,311,United States,4/5/2023
Talent.com,"Montreal, Non-U.S.",86,4/5/2023,0.18,Recruiting,Series B,150,Canada,9/7/2023
1K Kirana,"Gurugram, Non-U.S.",600,4/4/2023,0.4,Retail,Series B,,India,4/4/2023
Foundation Medicine,Boston,135,4/4/2023,,Healthcare,Acquired,96,United States,4/9/2023
Finder,"Sydney, Non-U.S.",40,4/4/2023,,Retail,Unknown,30,Australia,4/11/2023
Boost,New York City,15,4/4/2023,0.2,Finance,Series B,37,United States,4/5/2023
Cin7,"Auckland, Non-U.S.",,4/4/2023,,Retail,Private Equity,,New Zealand,4/5/2023
Hyland Software,Cleveland,1000,4/3/2023,0.2,Other,Acquired,,United States,4/4/2023
View,SF Bay Area,170,4/3/2023,0.23,Other,Post-IPO,2300,United States,4/5/2023
Guideline,SF Bay Area,48,4/3/2023,0.11,Finance,Series E,339,United States,4/14/2023
Textio,Seattle,15,4/3/2023,0.12,Recruiting,Unknown,42,United States,4/4/2023
Apple,SF Bay Area,,4/3/2023,,Retail,Post-IPO,6200,United States,4/5/2023
Checkout.com,"London, Non-U.S.",,4/3/2023,,Finance,Series D,1800,United Kingdom,5/24/2023
Domestika,"Madrid, Non-U.S.",89,3/31/2023,0.45,Education,Series D,130,Spain,4/1/2023
Airbyte,SF Bay Area,,3/31/2023,,Data,Series B,181,United States,4/12/2023
Hulu,"Beijing, Non-U.S.",200,3/30/2023,,Media,Acquired,683,China,3/31/2023
Roku,SF Bay Area,200,3/30/2023,0.06,Media,Post-IPO,208,United States,3/30/2023
LendingTree,Charlotte,150,3/30/2023,0.13,Finance,Post-IPO,,United States,4/1/2023
FanClash,"Gurugram, Non-U.S.",100,3/30/2023,0.75,Consumer,Series B,50,India,3/31/2023
Loop,Austin,19,3/30/2023,0.25,Finance,Series A,24,United States,4/3/2023
Crossbeam,Philadelphia,17,3/30/2023,0.15,Sales,Series C,116,United States,6/1/2023
Spotify,"Stockholm, Non-U.S.",15,3/30/2023,,Media,Post-IPO,2100,Sweden,4/1/2023
AnswerLab,SF Bay Area,,3/30/2023,0.17,Marketing,Unknown,,United States,3/31/2023
Endowus,"Singapore, Non-U.S.",,3/30/2023,,Finance,Unknown,44,Singapore,8/7/2023
GoodWorker,"Singapore, Non-U.S.",,3/30/2023,0.9,Recruiting,Acquired,,Singapore,5/2/2023
Kyndryl,New York City,,3/30/2023,,Infrastructure,Post-IPO,,United States,4/1/2023
Nowports,"Monterrey, Non-U.S.",,3/30/2023,0.15,Logistics,Series C,,Mexico,5/10/2023
Unacademy,"Bengaluru, Non-U.S.",,3/30/2023,0.12,Education,Series H,838,India,3/30/2023
CoverMyMeds,Columbus,800,3/29/2023,,Healthcare,Acquired,5,United States,3/29/2023
Electronic Arts,SF Bay Area,780,3/29/2023,0.06,Consumer,Post-IPO,2,United States,3/29/2023
Seagate,SF Bay Area,480,3/29/2023,,Hardware,Post-IPO,,United States,4/1/2023
Drizly,Boston,100,3/29/2023,,Retail,Acquired,119,United States,3/31/2023
iCAD,Nashua,23,3/29/2023,0.28,Healthcare,Post-IPO,59,United States,4/8/2023
Anyline,"Vienna, Non-U.S.",,3/29/2023,0.25,Other,Series B,37,Austria,3/31/2023
OnePipe,"Lagos, Non-U.S.",,3/29/2023,,Finance,Seed,9,Nigeria,3/31/2023
Shift,SF Bay Area,,3/29/2023,0.3,Transportation,Post-IPO,504,United States,3/29/2023
Lucid Motors,SF Bay Area,1300,3/28/2023,0.18,Transportation,Post-IPO,8300,United States,3/29/2023
Blue Nile,Seattle,119,3/28/2023,,Retail,Acquired,62,United States,3/29/2023
AEye,SF Bay Area,46,3/28/2023,0.33,Transportation,Post-IPO,314,United States,3/29/2023
Rackspace,San Antonio,275,3/27/2023,,Data,Acquired,17,United States,3/28/2023
Better Therapeutics,SF Bay Area,,3/27/2023,0.35,Healthcare,Post-IPO,143,United States,4/1/2023
Aspiration,Los Angeles,170,3/24/2023,,Finance,Unknown,250,United States,3/29/2023
The Meet Group,New Hope,,3/24/2023,,Consumer,Acquired,,United States,3/29/2023
Cimpress,"Paris, Non-U.S.",500,3/23/2023,,Retail,Post-IPO,300,France,4/11/2023
Veeam,Columbus,200,3/23/2023,,Data,Acquired,500,United States,3/24/2023
Glovo,"Barcelona, Non-U.S.",140,3/23/2023,,Food,Acquired,1200,Spain,2/5/2024
TakeOff,"Kyiv, Non-U.S.",50,3/23/2023,,Retail,Unknown,146,Ukraine,3/26/2023
Slite,"Paris, Non-U.S.",10,3/23/2023,0.25,Other,Series A,15,France,3/24/2023
Indeed,Austin,2200,3/22/2023,0.15,HR,Acquired,5,United States,3/22/2023
Logitech,"Geneva, Non-U.S.",300,3/22/2023,,Hardware,Post-IPO,,Switzerland,3/23/2023
Glassdoor,SF Bay Area,140,3/22/2023,0.15,HR,Acquired,204,United States,3/22/2023
Wejo,"Chester, Non-U.S.",40,3/22/2023,0.16,Transportation,Post-IPO,376,United Kingdom,3/24/2023
Copper,"London, Non-U.S.",,3/22/2023,0.15,Crypto,Series C,281,United Kingdom,7/5/2023
Rewind,"Ottawa, Non-U.S.",,3/22/2023,,Data,Series B,80,Canada,3/22/2023
Roofstock,SF Bay Area,,3/22/2023,0.27,Real Estate,Series E,365,United States,3/23/2023
Just Eat,"London, Non-U.S.",1700,3/21/2023,,Food,Acquired,,United Kingdom,3/21/2023
Marvell,SF Bay Area,320,3/21/2023,0.04,Hardware,Post-IPO,,United States,3/21/2023
Workhuman,"Dublin, Non-U.S.",130,3/21/2023,0.1,HR,Unknown,131,Ireland,3/21/2023
FreshBooks,"Toronto, Non-U.S.",80,3/21/2023,0.1,Finance,Unknown,331,Canada,3/21/2023
Xing,"Hamburg, Non-U.S.",68,3/21/2023,,HR,Series A,,Germany,3/21/2023
Mr Yum,"Melbourne, Non-U.S.",40,3/21/2023,,Food,Series A,101,Australia,3/21/2023
Smallcase,"Bengaluru, Non-U.S.",15,3/21/2023,0.04,Finance,Series C,62,India,3/21/2023
Expedia,Seattle,,3/21/2023,,Travel,Post-IPO,3300,United States,3/22/2023
GAMURS Group,"Sydney, Non-U.S.",,3/21/2023,,Consumer,Series A,17,Australia,3/23/2023
Grin,Sacramento,,3/21/2023,,Marketing,Series B,145,United States,3/24/2023
Laybuy,"Auckland, Non-U.S.",,3/21/2023,0.1,Finance,Post-IPO,130,New Zealand,3/21/2023
Amazon,Seattle,9000,3/20/2023,,Retail,Post-IPO,108,United States,3/20/2023
Huuuge Games,"Warsaw, Non-U.S.",,3/20/2023,0.1,Consumer,Series C,57,Poland,3/21/2023
Livspace,"Bengaluru, Non-U.S.",100,3/17/2023,0.02,Retail,Series F,431,India,3/20/2023
Symend,"Calgary, Non-U.S.",50,3/17/2023,0.25,Other,Series C,148,Canada,3/23/2023
Candor Technology,Atlanta,,3/17/2023,,Real Estate,Unknown,23,United States,3/17/2023
Freshworks,SF Bay Area,114,3/16/2023,0.02,Support,Post-IPO,484,United States,3/16/2023
Coherent,SF Bay Area,108,3/16/2023,,Manufacturing,Post-IPO,,United States,3/17/2023
Runtastic,"Linz, Non-U.S.",70,3/16/2023,0.28,Fitness,Acquired,,Austria,3/16/2023
Course Hero,SF Bay Area,42,3/16/2023,0.15,Education,Series C,477,United States,3/16/2023
Leafly,Seattle,40,3/16/2023,0.21,Retail,Post-IPO,71,United States,3/17/2023
Bonusly,Boulder,,3/16/2023,,HR,Series B,31,United States,3/17/2023
Klaviyo,Boston,140,3/15/2023,,Marketing,Unknown,778,United States,3/16/2023
Dukaan,"Bengaluru, Non-U.S.",56,3/15/2023,0.3,Retail,Series A,17,India,3/16/2023
Boxed,New York City,32,3/15/2023,0.25,Retail,Post-IPO,365,United States,3/17/2023
Nubank,"Sao Paulo, Non-U.S.",30,3/15/2023,,Finance,Post-IPO,4100,Brazil,6/8/2023
TradeWindow,"Auckland, Non-U.S.",25,3/15/2023,0.3,Finance,Series B,24,New Zealand,3/15/2023
Hometap,Boston,,3/15/2023,,Real Estate,Unknown,172,United States,3/18/2023
Meta,SF Bay Area,10000,3/14/2023,,Consumer,Post-IPO,26000,United States,3/14/2023
Fetch,Madison,100,3/14/2023,0.1,Retail,Series E,581,United States,3/14/2023
Anchorage Digital,SF Bay Area,75,3/14/2023,0.2,Crypto,Series D,487,United States,3/15/2023
Avidbots,"Kitchener, Non-U.S.",50,3/14/2023,0.14,Hardware,Series C,106,Canada,3/17/2023
Samsung,SF Bay Area,30,3/14/2023,,Hardware,Post-IPO,,United States,3/15/2023
Kaleidoscope,Minneapolis,15,3/14/2023,0.3,Finance,Series A,16,United States,3/17/2023
GoTo Group,"Jakarta, Non-U.S.",600,3/10/2023,,Transportation,Post-IPO,1300,Indonesia,3/10/2023
Cookpad,"Tokyo, Non-U.S.",80,3/10/2023,,Consumer,Unknown,,Japan,3/15/2023
Xero,"Wellington, Non-U.S.",800,3/9/2023,0.15,Finance,Post-IPO,681,New Zealand,3/9/2023
Shopee,"Jakarta, Non-U.S.",200,3/9/2023,,Food,Unknown,,Indonesia,3/10/2023
Gopuff,Philadelphia,100,3/9/2023,0.02,Food,Series H,3400,United States,3/10/2023
Wave Financial,"Toronto, Non-U.S.",50,3/9/2023,,Finance,Acquired,79,Canada,3/10/2023
Morning Brew,New York City,40,3/9/2023,,Media,Acquired,,United States,3/9/2023
Bonusly,Boulder,,3/9/2023,,HR,Series B,31,United States,3/10/2023
Neoleukin Therapeutics,Seattle,,3/9/2023,0.7,Healthcare,Post-IPO,157,United States,3/13/2023
Toucan,Los Angeles,,3/9/2023,1,Education,Series A,,United States,3/10/2023
Wattpad,"Toronto, Non-U.S.",42,3/8/2023,0.15,Media,Acquired,117,Canada,3/9/2023
Appcues,Boston,,3/8/2023,0.15,Data,Series B,52,United States,3/11/2023
Pristyn Care,"Gurugram, Non-U.S.",300,3/7/2023,0.15,Healthcare,Series E,177,India,3/7/2023
Zwift,Los Angeles,80,3/7/2023,0.15,Fitness,Series C,619,United States,3/8/2023
Catch,New York City,,3/7/2023,1,Finance,Series A,18,United States,3/7/2023
RDX Works,"London, Non-U.S.",,3/7/2023,0.25,Crypto,Unknown,6,United Kingdom,3/23/2023
Take-Two Interactive,New York City,,3/7/2023,,Consumer,Post-IPO,2700,United States,3/8/2023
Zulily,Seattle,,3/7/2023,,Retail,Acquired,194,United States,3/10/2023
Atlassian,"Sydney, Non-U.S.",500,3/6/2023,0.05,Other,Post-IPO,210,Australia,3/7/2023
SiriusXM,New York City,475,3/6/2023,0.08,Media,Post-IPO,525,United States,3/7/2023
Alerzo,"Ibadan, Non-U.S.",400,3/6/2023,,Retail,Series B,16,Nigeria,3/7/2023
UKG,Miami,265,3/6/2023,,HR,Unknown,,United States,3/8/2023
UpGrad,"Mumbai, Non-U.S.",120,3/6/2023,,Education,Unknown,631,India,3/7/2023
HomeLane,"Bengaluru, Non-U.S.",30,3/6/2023,,Retail,Series E,116,India,4/8/2023
Ankorstore,"Paris, Non-U.S.",,3/6/2023,,Retail,Series C,365,France,3/8/2023
No Fluff Jobs,"Gydnia, Non-U.S.",13,3/4/2023,,HR,Acquired,,Poland,4/3/2023
Loft,"Sao Paulo, Non-U.S.",340,3/3/2023,0.15,Real Estate,Unknown,788,Brazil,3/3/2023
Embark Trucks,SF Bay Area,230,3/3/2023,0.7,Transportation,Post-IPO,317,United States,3/3/2023
Lendi,"Sydney, Non-U.S.",100,3/3/2023,,Real Estate,Unknown,59,Australia,3/3/2023
UserTesting,SF Bay Area,63,3/3/2023,,Marketing,Acquired,152,United States,3/4/2023
Airbnb,SF Bay Area,30,3/3/2023,,Travel,Post-IPO,6400,United States,3/4/2023
Accolade,Seattle,,3/3/2023,,Healthcare,Post-IPO,458,United States,3/7/2023
Indigo,Boston,,3/3/2023,,Other,Series F,1200,United States,3/4/2023
Zscaler,SF Bay Area,177,3/2/2023,0.03,Security,Post-IPO,148,United States,3/3/2023
MasterClass,SF Bay Area,79,3/2/2023,,Education,Series E,461,United States,3/4/2023
Ambev Tech,"Blumenau, Non-U.S.",50,3/2/2023,,Food,Acquired,,Brazil,3/4/2023
Fittr,"Pune, Non-U.S.",30,3/2/2023,0.11,Fitness,Series A,13,India,3/3/2023
CNET,SF Bay Area,12,3/2/2023,0.1,Media,Acquired,20,United States,3/4/2023
Comparis,"Zurich, Non-U.S.",,3/2/2023,0.1,Finance,Unknown,,Switzerland,3/8/2023
Flipkart,"Bengaluru, Non-U.S.",,3/2/2023,,Retail,Acquired,12900,India,3/7/2023
Kandela,Los Angeles,,3/2/2023,1,Consumer,Acquired,,United States,3/5/2023
Orchard,New York City,,3/2/2023,,Real Estate,Series D,472,United States,3/19/2023
Truckstop.com,Boise,,3/2/2023,,Logistics,Acquired,,United States,3/4/2023
Thoughtworks,Chicago,500,3/1/2023,0.04,Other,Post-IPO,748,United States,3/2/2023
iFood,"Sao Paulo, Non-U.S.",355,3/1/2023,0.06,Food,Subsidiary,2100,Brazil,3/2/2023
Color Health,SF Bay Area,300,3/1/2023,,Healthcare,Series E,482,United States,3/3/2023
Waymo,SF Bay Area,209,3/1/2023,0.08,Transportation,Subsidiary,5500,United States,3/2/2023
PayFit,"Paris, Non-U.S.",200,3/1/2023,0.2,HR,Series E,495,France,3/2/2023
Yellow.ai,SF Bay Area,200,3/1/2023,,Support,Series C,102,United States,3/2/2023
Sonder,SF Bay Area,100,3/1/2023,0.14,Travel,Post-IPO,839,United States,3/2/2023
Protego Trust Bank,Seattle,,3/1/2023,0.5,Crypto,Series A,70,United States,3/3/2023
Electronic Arts,Baton Rouge,200,2/28/2023,,Consumer,Post-IPO,2,United States,3/2/2023
Eventbrite,SF Bay Area,80,2/28/2023,0.08,Consumer,Post-IPO,557,United States,3/1/2023
Ezoic,San Diego,10,2/28/2023,,Infrastructure,Series A,39,United States,7/21/2023
DUX Education,"Bengaluru, Non-U.S.",,2/28/2023,1,Education,Unknown,,India,3/3/2023
MeridianLink,Los Angeles,,2/28/2023,0.09,Finance,Post-IPO,485,United States,3/1/2023
Sono Motors,"Munich, Non-U.S.",300,2/27/2023,,Transportation,Post-IPO,126,Germany,2/28/2023
Cerebral,SF Bay Area,285,2/27/2023,0.15,Healthcare,Series C,462,United States,2/27/2023
Amount,Chicago,130,2/27/2023,0.25,Finance,Unknown,283,United States,3/3/2023
Palantir,Denver,75,2/27/2023,0.02,Data,Post-IPO,3000,United States,2/27/2023
Outreach,Seattle,70,2/27/2023,0.07,Sales,Series G,489,United States,2/28/2023
Stytch,SF Bay Area,19,2/27/2023,0.25,Security,Series B,126,United States,3/1/2023
BitSight,"Tel Aviv, Non-U.S.",40,2/26/2023,,Security,Unknown,401,Israel,2/27/2023
Twitter,SF Bay Area,200,2/25/2023,0.1,Consumer,Post-IPO,12900,United States,2/26/2023
Ericsson,"Stockholm, Non-U.S.",8500,2/24/2023,0.08,Other,Post-IPO,663,Sweden,2/24/2023
SAP Labs,"Bengaluru, Non-U.S.",300,2/24/2023,,Other,Subsidiary,1300,India,2/24/2023
Velodyne Lidar,SF Bay Area,220,2/24/2023,,Transportation,Acquired,575,United States,2/24/2023
Medallia,SF Bay Area,59,2/24/2023,,Support,Acquired,325,United States,2/24/2023
Eat Just,SF Bay Area,40,2/24/2023,,Food,Unknown,465,United States,2/27/2023
Lucira Health,SF Bay Area,26,2/24/2023,,Healthcare,Post-IPO,132,United States,2/24/2023
Stax,Orlando,24,2/24/2023,,Finance,Series D,263,United States,2/26/2023
EQRx,Boston,,2/24/2023,0.18,Healthcare,Post-IPO,1900,United States,5/5/2023
Poshmark,SF Bay Area,,2/24/2023,0.02,Retail,Acquired,153,United States,2/24/2023
Merative,Ann Arbor,200,2/23/2023,0.1,Healthcare,Acquired,,United States,2/26/2023
OneFootball,"Berlin, Non-U.S.",150,2/23/2023,0.32,Marketing,Series D,442,Germany,2/24/2023
The Iconic,"Sydney, Non-U.S.",69,2/23/2023,0.06,Retail,Unknown,,Australia,2/24/2023
EVgo,Los Angeles,40,2/23/2023,,Transportation,Post-IPO,400,United States,2/24/2023
StrongDM,SF Bay Area,40,2/23/2023,,Infrastructure,Series B,76,United States,2/23/2023
Dapper Labs,"Vancouver, Non-U.S.",,2/23/2023,0.2,Crypto,Series D,607,Canada,2/23/2023
Messari,New York City,,2/23/2023,0.15,Crypto,Series B,61,United States,2/23/2023
Vibrent Health,Washington D.C.,,2/23/2023,0.13,Healthcare,Unknown,,United States,2/26/2023
Synamedia,"London, Non-U.S.",200,2/22/2023,0.12,Media,Unknown,,United Kingdom,2/27/2023
TaskUs,San Antonio,186,2/22/2023,,Support,Post-IPO,279,United States,2/23/2023
Arch Oncology,St. Louis,,2/22/2023,,Healthcare,Series C,155,United States,2/23/2023
Immutable,"Sydney, Non-U.S.",,2/22/2023,0.11,Crypto,Series C,279,Australia,2/22/2023
Jounce Therapeutics,Boston,,2/22/2023,0.57,Healthcare,Acquired,194,United States,2/26/2023
Locomation,Pittsburgh,,2/22/2023,1,Transportation,Seed,57,United States,2/23/2023
Green Labs,"Seoul, Non-U.S.",350,2/21/2023,0.7,Food,Series C,214,South Korea,2/21/2023
Polygon,"Bengaluru, Non-U.S.",100,2/21/2023,0.2,Crypto,Unknown,451,India,2/21/2023
Crunchyroll,"Tokyo, Non-U.S.",85,2/21/2023,,Media,Unknown,26,Japan,2/22/2023
Ethos Life,SF Bay Area,50,2/21/2023,,Finance,Series D,406,United States,2/24/2023
Basis Technologies,Chicago,40,2/21/2023,0.04,Marketing,Series B,52,United States,6/20/2023
Bolt,"Lagos, Non-U.S.",17,2/21/2023,,Transportation,Series F,,Nigeria,2/22/2023
Criteo,"Paris, Non-U.S.",,2/21/2023,,Marketing,Post-IPO,61,France,2/21/2023
PeerStreet,Los Angeles,,2/21/2023,,Real Estate,Series C,121,United States,2/22/2023
Zalando,"Berlin, Non-U.S.",,2/21/2023,,Retail,Post-IPO,467,Germany,2/21/2023
MyGate,"Bengaluru, Non-U.S.",200,2/20/2023,0.3,Other,Series B,79,India,2/20/2023
Fireblocks,New York City,30,2/20/2023,0.05,Crypto,Series E,1000,United States,2/22/2023
Kinde,"Sydney, Non-U.S.",8,2/20/2023,0.28,Other,Seed,10,Australia,2/20/2023
Fipola,"Chennai, Non-U.S.",,2/20/2023,1,Food,Series A,9,India,2/21/2023
HP,"Tel Aviv, Non-U.S.",100,2/19/2023,,Hardware,Post-IPO,4200,Israel,2/20/2023
Micron,Boise,2400,2/17/2023,0.05,Hardware,Post-IPO,50,United States,4/1/2023
Tencent,"Shenzen, Non-U.S.",300,2/17/2023,,Consumer,Post-IPO,12600,China,2/17/2023
Evernote,SF Bay Area,129,2/17/2023,,Consumer,Acquired,290,United States,2/27/2023
Chipper Cash,SF Bay Area,100,2/17/2023,0.33,Finance,Series C,302,United States,2/20/2023
Digimarc,Portland,,2/17/2023,,Other,Post-IPO,105,United States,2/24/2023
Reserve,SF Bay Area,,2/17/2023,,Crypto,Unknown,,United States,3/3/2023
DocuSign,SF Bay Area,680,2/16/2023,0.1,Sales,Post-IPO,536,United States,2/16/2023
Pico Interactive,SF Bay Area,400,2/16/2023,0.2,Other,Acquired,62,United States,2/16/2023
The RealReal,SF Bay Area,230,2/16/2023,0.07,Retail,Post-IPO,356,United States,2/16/2023
Smartsheet,Seattle,85,2/16/2023,0.03,Other,Post-IPO,152,United States,2/17/2023
Convoy,Atlanta,,2/16/2023,,Logistics,Series E,1100,United States,2/16/2023
Wix,"Tel Aviv, Non-U.S.",370,2/15/2023,0.06,Marketing,Post-IPO,58,Israel,2/15/2023
ServiceTitan,Los Angeles,221,2/15/2023,0.08,Sales,Series G,1100,United States,2/16/2023
Neon,"Sao Paulo, Non-U.S.",210,2/15/2023,0.09,Finance,Series D,720,Brazil,2/15/2023
Jellysmack,"Paris, Non-U.S.",208,2/15/2023,,Media,Series C,22,France,2/16/2023
DigitalOcean,New York City,200,2/15/2023,0.11,Infrastructure,Post-IPO,491,United States,2/15/2023
Sprinklr,New York City,100,2/15/2023,0.04,Support,Post-IPO,429,United States,2/15/2023
Betterment,New York City,28,2/15/2023,,Finance,Series F,435,United States,2/16/2023
Divvy Homes,SF Bay Area,,2/15/2023,,Real Estate,Series B,180,United States,2/16/2023
Milkrun,"Sydney, Non-U.S.",,2/15/2023,0.2,Food,Series A,86,Australia,2/15/2023
Observe.AI,SF Bay Area,,2/15/2023,,Support,Series C,214,United States,2/16/2023
Religion of Sports,Los Angeles,,2/15/2023,,Media,Series B,63,United States,2/26/2023
SurveyMonkey,SF Bay Area,,2/15/2023,0.14,Marketing,Post-IPO,1100,United States,2/17/2023
Tackle,Boise,,2/15/2023,0.15,Other,Series C,148,United States,2/15/2023
Vicarious Surgical,Boston,,2/15/2023,0.14,Healthcare,Post-IPO,185,United States,2/16/2023
Blackbaud,Charleston,500,2/14/2023,0.14,Other,Post-IPO,,United States,2/15/2023
CommerceHub,Albany,371,2/14/2023,0.31,Retail,Acquired,,United States,2/15/2023
Dropp,"Berlin, Non-U.S.",60,2/14/2023,1,Retail,Unknown,2,Germany,4/9/2023
HackerEarth,SF Bay Area,,2/14/2023,0.08,HR,Series B,11,United States,2/14/2023
PhableCare,"Bengaluru, Non-U.S.",,2/14/2023,0.7,Healthcare,Series B,40,India,2/15/2023
Udemy,SF Bay Area,,2/14/2023,0.1,Education,Post-IPO,311,United States,2/15/2023
Twilio,SF Bay Area,1500,2/13/2023,0.17,Other,Post-IPO,614,United States,2/13/2023
Electric,New York City,141,2/13/2023,0.25,Other,Series D,212,United States,2/14/2023
EMX Digital,New York City,100,2/13/2023,1,Marketing,Unknown,,United States,2/24/2023
PetLove,"Sao Paulo, Non-U.S.",94,2/13/2023,,Retail,Series C,225,Brazil,2/15/2023
iRobot,Boston,85,2/13/2023,0.07,Consumer,Acquired,30,United States,2/14/2023
Collective Health,SF Bay Area,54,2/13/2023,,Healthcare,Series F,719,United States,2/15/2023
Magic Eden,SF Bay Area,22,2/13/2023,,Crypto,Series B,170,United States,2/14/2023
Casavo,"Milan, Non-U.S.",,2/13/2023,0.3,Real Estate,Unknown,708,Italy,2/13/2023
Foodpanda,"Singapore, Non-U.S.",,2/13/2023,,Food,Acquired,749,Singapore,2/14/2023
Getir,"London, Non-U.S.",,2/13/2023,,Food,Series E,1800,United Kingdom,2/14/2023
LinkedIn,SF Bay Area,,2/13/2023,,Recruiting,Acquired,154,United States,2/13/2023
Moladin,"Jakarta, Non-U.S.",360,2/12/2023,0.11,Transportation,Series B,138,Indonesia,2/13/2023
TripleLift,New York City,100,2/10/2023,0.2,Marketing,Acquired,16,United States,2/13/2023
Titan Medical,"Toronto, Non-U.S.",48,2/10/2023,0.72,Healthcare,Post-IPO,278,Canada,3/10/2023
TikTok India,"Mumbai, Non-U.S.",40,2/10/2023,,Consumer,Acquired,9400,India,2/10/2023
Syft Technologies,"Auckland, Non-U.S.",30,2/10/2023,0.2,Manufacturing,Private Equity,,New Zealand,4/22/2023
Open Co,"Sao Paulo, Non-U.S.",,2/10/2023,,Finance,Series D,140,Brazil,2/15/2023
Rigetti Computing,SF Bay Area,,2/10/2023,0.28,Hardware,Post-IPO,298,United States,2/10/2023
Wonderschool,SF Bay Area,,2/10/2023,,Education,Series A,24,United States,3/10/2023
Yahoo,SF Bay Area,1600,2/9/2023,0.2,Consumer,Acquired,6,United States,2/9/2023
Misfits Market,Philadelphia,649,2/9/2023,0.33,Food,Series C,526,United States,2/16/2023
Deliveroo,"London, Non-U.S.",350,2/9/2023,0.09,Food,Post-IPO,1700,United Kingdom,2/9/2023
Olive AI,Columbus,215,2/9/2023,0.35,Healthcare,Series H,856,United States,2/10/2023
Oportun,SF Bay Area,155,2/9/2023,0.1,Finance,Post-IPO,566,United States,3/2/2023
GitLab,SF Bay Area,130,2/9/2023,0.07,Product,Post-IPO,413,United States,2/9/2023
Bark,New York City,126,2/9/2023,0.12,Retail,Post-IPO,,United States,2/10/2023
REE Automotive,"Tel Aviv, Non-U.S.",100,2/9/2023,0.5,Transportation,Post-IPO,317,Israel,12/8/2025
Veriff,"Tallinn, Non-U.S.",66,2/9/2023,0.12,Security,Series C,192,Estonia,2/9/2023
REE Automotive,"Tel Aviv, Non-U.S.",31,2/9/2023,0.11,Transportation,Post-IPO,317,Israel,2/11/2023
GitHub,SF Bay Area,,2/9/2023,0.1,Product,Acquired,350,United States,2/9/2023
Quillt,St. Louis,,2/9/2023,,Media,Unknown,,United States,2/10/2023
WeTrade,"Bengaluru, Non-U.S.",,2/9/2023,1,Crypto,Unknown,,India,2/9/2023
GoDaddy,Phoenix,530,2/8/2023,0.08,Marketing,Post-IPO,800,United States,2/8/2023
Affirm,SF Bay Area,500,2/8/2023,0.19,Finance,Post-IPO,1500,United States,2/8/2023
Gusto,SF Bay Area,126,2/8/2023,0.05,HR,Series E,746,United States,2/8/2023
Gong,SF Bay Area,80,2/8/2023,0.07,Sales,Series E,583,United States,2/8/2023
Beam Benefits,Columbus,31,2/8/2023,0.08,Healthcare,Series E,168,United States,2/17/2023
Equitybee,SF Bay Area,24,2/8/2023,0.25,Finance,Series B,85,United States,2/9/2023
Baraja,"Sydney, Non-U.S.",,2/8/2023,0.75,Transportation,Unknown,63,Australia,2/8/2023
Koho,"Toronto, Non-U.S.",,2/8/2023,0.14,Finance,Series D,278,Canada,2/8/2023
Medly,New York City,,2/8/2023,1,Healthcare,Series C,100,United States,2/11/2023
Nearmap,"Sydney, Non-U.S.",,2/8/2023,0.2,Construction,Acquired,15,Australia,2/8/2023
Zoom,SF Bay Area,1300,2/7/2023,0.15,Other,Post-IPO,276,United States,2/7/2023
eBay,SF Bay Area,500,2/7/2023,0.04,Retail,Post-IPO,1200,United States,2/7/2023
SecureWorks,Atlanta,212,2/7/2023,0.09,Security,Post-IPO,83,United States,2/7/2023
Salesloft,Atlanta,100,2/7/2023,0.1,Sales,Acquired,245,United States,2/8/2023
Openpay,"Melbourne, Non-U.S.",83,2/7/2023,1,Finance,Post-IPO,299,Australia,2/7/2023
LearnUpon,"Dublin, Non-U.S.",27,2/7/2023,0.09,Education,Private Equity,56,Ireland,2/8/2023
Sana Benefits,Austin,,2/7/2023,0.19,HR,Series B,106,United States,2/8/2023
Dell,Austin,6650,2/6/2023,0.05,Hardware,Post-IPO,,United States,2/6/2023
Loggi,"Sao Paulo, Non-U.S.",300,2/6/2023,0.07,Logistics,Series F,507,Brazil,2/7/2023
Catch.com.au,"Melbourne, Non-U.S.",100,2/6/2023,,Retail,Acquired,80,Australia,2/14/2023
VinFast US,Los Angeles,80,2/6/2023,,Transportation,Subsidiary,,United States,2/8/2023
Drift,Boston,59,2/6/2023,,Marketing,Acquired,107,United States,2/7/2023
Pocket Aces,"Mumbai, Non-U.S.",50,2/6/2023,0.25,Media,Unknown,19,India,2/6/2023
Clari,SF Bay Area,20,2/6/2023,,Sales,Series F,496,United States,2/7/2023
C6 Bank,"Sao Paulo, Non-U.S.",,2/6/2023,,Finance,Unknown,2300,Brazil,2/8/2023
Daraz,"Singapore, Non-U.S.",,2/6/2023,0.11,Retail,Unknown,,Singapore,2/6/2023
TenureX,"Tel Aviv, Non-U.S.",,2/6/2023,,Finance,Seed,6,Israel,2/7/2023
Kyruus,Boston,70,2/5/2023,,Healthcare,Unknown,183,United States,2/7/2023
Lightico,"Tel Aviv, Non-U.S.",20,2/5/2023,0.25,Finance,Series B,42,Israel,2/7/2023
Eightfold AI,SF Bay Area,90,2/3/2023,0.15,HR,Series E,396,United States,3/24/2023
FarEye,"New Delhi, Non-U.S.",90,2/3/2023,,Logistics,Series E,150,India,2/3/2023
Protocol Labs,SF Bay Area,89,2/3/2023,0.2,Crypto,Unknown,10,United States,2/4/2023
Built Technologies copy,Nashville,,2/3/2023,0.08,Construction,Unknown,313,United States,7/13/2023
Finder,"Sydney, Non-U.S.",,2/3/2023,0.15,Retail,Unknown,30,Australia,2/6/2023
Byju's,"Bengaluru, Non-U.S.",1500,2/2/2023,,Education,Private Equity,5500,India,2/2/2023
Okta,SF Bay Area,300,2/2/2023,0.05,Security,Post-IPO,1200,United States,2/2/2023
Autodesk,SF Bay Area,250,2/2/2023,0.02,Other,Post-IPO,,United States,2/3/2023
Mindstrong,SF Bay Area,127,2/2/2023,,Healthcare,Series C,160,United States,2/3/2023
NCC Group,"Manchester, Non-U.S.",125,2/2/2023,0.07,Security,Post-IPO,,United Kingdom,2/3/2023
Miro,SF Bay Area,119,2/2/2023,0.07,Other,Series C,476,United States,2/2/2023
Getir,New York City,100,2/2/2023,,Food,Series E,1800,United States,2/5/2023
Highspot,Seattle,100,2/2/2023,0.1,Sales,Series F,644,United States,2/3/2023
Bittrex,Seattle,80,2/2/2023,,Crypto,Unknown,,United States,2/3/2023
Snowplow,"London, Non-U.S.",40,2/2/2023,,Data,Series B,55,United Kingdom,2/3/2023
Articulate,New York City,38,2/2/2023,,Education,Series A,1500,United States,2/3/2023
Desktop Metal,Boston,,2/2/2023,,Other,Post-IPO,811,United States,2/3/2023
Getaround,SF Bay Area,,2/2/2023,0.1,Transportation,Post-IPO,948,United States,2/3/2023
NCSoft,"Seoul, Non-U.S.",,2/2/2023,0.2,Consumer,Post-IPO,240,South Korea,2/3/2023
Sharesies,"Wellington, Non-U.S.",,2/2/2023,,Finance,Series C,60,New Zealand,3/11/2023
Talkdesk,SF Bay Area,,2/2/2023,,Support,Series D,497,United States,2/6/2023
Splunk,SF Bay Area,325,2/1/2023,0.04,Data,Post-IPO,2400,United States,2/1/2023
Pinterest,SF Bay Area,150,2/1/2023,,Consumer,Post-IPO,1500,United States,2/2/2023
DraftKings,Boston,140,2/1/2023,0.04,Consumer,Post-IPO,719,United States,2/1/2023
Cyren,Washington D.C.,121,2/1/2023,,Security,Post-IPO,161,United States,2/2/2023
Workato,SF Bay Area,90,2/1/2023,0.1,Other,Series E,415,United States,2/7/2023
VerticalScope,"Toronto, Non-U.S.",60,2/1/2023,0.22,Media,Post-IPO,,Canada,2/1/2023
Wheel,Austin,56,2/1/2023,0.28,Healthcare,Series C,215,United States,2/2/2023
Chainalysis,New York City,44,2/1/2023,0.05,Crypto,Series F,536,United States,2/2/2023
Appgate,Miami,34,2/1/2023,0.08,Security,Post-IPO,,United States,2/26/2023
Exterro,Portland,24,2/1/2023,0.03,Legal,Private Equity,100,United States,2/2/2023
TheSkimm,New York City,17,2/1/2023,0.1,Media,Series C,28,United States,2/3/2023
Ada,"Toronto, Non-U.S.",,2/1/2023,,Support,Series C,190,Canada,2/3/2023
Bustle Digital Group,New York City,,2/1/2023,0.08,Media,Series E,80,United States,2/3/2023
Frequency Therapeutics,Boston,,2/1/2023,0.5,Healthcare,Post-IPO,76,United States,2/14/2023
MariaDB,"Helsinki, Non-U.S.",,2/1/2023,0.08,Data,Post-IPO,245,Finland,2/7/2023
Match Group,New York City,,2/1/2023,0.08,Consumer,Post-IPO,,United States,2/2/2023
Omnipresent,"London, Non-U.S.",,2/1/2023,,HR,Series B,137,United Kingdom,2/3/2023
Picnic,Seattle,,2/1/2023,,Food,Unknown,52,United States,2/22/2023
Rivian,Detroit,,2/1/2023,0.06,Transportation,Post-IPO,10700,United States,2/1/2023
PayPal,SF Bay Area,2000,1/31/2023,0.07,Finance,Post-IPO,216,United States,1/31/2023
NetApp,SF Bay Area,960,1/31/2023,0.08,Data,Post-IPO,,United States,1/31/2023
Workday,SF Bay Area,525,1/31/2023,0.03,HR,Post-IPO,230,United States,1/31/2023
HubSpot,Boston,500,1/31/2023,0.07,Marketing,Post-IPO,100,United States,1/31/2023
Upstart,SF Bay Area,365,1/31/2023,0.2,Finance,Post-IPO,144,United States,1/31/2023
Software AG,"Frankfurt, Non-U.S.",200,1/31/2023,0.04,Data,Post-IPO,344,Germany,2/4/2023
Wish,SF Bay Area,150,1/31/2023,0.17,Retail,Post-IPO,1600,United States,2/1/2023
Wefox,"Berlin, Non-U.S.",100,1/31/2023,,Finance,Series D,1300,Germany,2/1/2023
Tilting Point,New York City,60,1/31/2023,0.14,Consumer,Unknown,235,United States,2/1/2023
Gokada,"Lagos, Non-U.S.",54,1/31/2023,,Transportation,Unknown,12,Nigeria,2/2/2023
Nubank,"Sao Paulo, Non-U.S.",40,1/31/2023,,Finance,Post-IPO,4100,Brazil,6/8/2023
AU10TIX,"Tel Aviv, Non-U.S.",19,1/31/2023,0.09,Security,Unknown,80,Israel,2/7/2023
National Instruments,Austin,,1/31/2023,0.04,Hardware,Post-IPO,,United States,2/4/2023
OpenText,"Waterloo, Non-U.S.",,1/31/2023,0.08,Data,Post-IPO,1100,Canada,2/1/2023
Philips,"Amsterdam, Non-U.S.",6000,1/30/2023,0.13,Healthcare,Post-IPO,,Netherlands,1/30/2023
OLX Group,"Amsterdam, Non-U.S.",1500,1/30/2023,0.15,Marketing,Acquired,,Netherlands,1/30/2023
Arrival,"London, Non-U.S.",800,1/30/2023,0.5,Transportation,Post-IPO,629,United Kingdom,1/31/2023
Groupon,Chicago,500,1/30/2023,,Retail,Post-IPO,1400,United States,1/31/2023
Intel,SF Bay Area,343,1/30/2023,,Hardware,Post-IPO,12,United States,1/31/2023
Glovo,"Barcelona, Non-U.S.",250,1/30/2023,0.06,Food,Acquired,1200,Spain,1/30/2023
Delivery Hero,"Berlin, Non-U.S.",156,1/30/2023,0.04,Food,Post-IPO,9900,Germany,1/31/2023
Impossible Foods,SF Bay Area,140,1/30/2023,0.2,Food,Series H,1900,United States,1/31/2023
Chrono24,"Karlsruhe, Non-U.S.",65,1/30/2023,0.13,Retail,Series C,205,Germany,1/31/2023
BM Technologies,Philadelphia,,1/30/2023,0.25,Finance,Post-IPO,,United States,2/1/2023
Olist,"Curitiba, Non-U.S.",,1/30/2023,,Retail,Series E,322,Brazil,1/31/2023
Oyster,Charlotte,,1/30/2023,,HR,Series C,224,United States,2/1/2023
Prime Trust,Las Vegas,,1/30/2023,0.33,Crypto,Series B,176,United States,2/1/2023
Quantum SI,New Haven,,1/30/2023,0.12,Healthcare,Post-IPO,425,United States,2/3/2023
SoFi,SF Bay Area,,1/30/2023,,Finance,Post-IPO,3000,United States,1/31/2023
Hoxhunt,"Helsinki, Non-U.S.",,1/29/2023,,Security,Series B,43,Finland,2/1/2023
Me Poupe,"Sao Paulo, Non-U.S.",60,1/28/2023,0.5,Finance,Unknown,,Brazil,1/29/2023
CoinTracker,SF Bay Area,19,1/28/2023,,Crypto,Series A,101,United States,1/28/2023
SSense,"Montreal, Non-U.S.",138,1/27/2023,0.07,Retail,Series A,,Canada,1/28/2023
DealShare,"Bengaluru, Non-U.S.",100,1/27/2023,0.06,Retail,Series E,390,India,1/27/2023
Ruggable,Los Angeles,100,1/27/2023,,Retail,Seed,,United States,2/1/2023
Synopsys,SF Bay Area,100,1/27/2023,,Other,Post-IPO,,United States,1/28/2023
Heycar,"Berlin, Non-U.S.",73,1/27/2023,,Transportation,Unknown,,Germany,1/31/2023
Matrixport,"Singapore, Non-U.S.",29,1/27/2023,0.1,Crypto,Series C,100,Singapore,1/27/2023
Shakepay,"Montreal, Non-U.S.",21,1/27/2023,0.25,Crypto,Series A,45,Canada,1/28/2023
#Paid,"Toronto, Non-U.S.",19,1/27/2023,0.17,Marketing,Series B,21,Canada,1/28/2023
Decent,SF Bay Area,,1/27/2023,,Healthcare,Series A,18,United States,1/28/2023
Feedzai,"Coimbra, Non-U.S.",,1/27/2023,,Finance,Unknown,273,Portugal,1/28/2023
Nate,New York City,,1/27/2023,,Retail,Series A,47,United States,1/29/2023
Soundwide,"Berlin, Non-U.S.",,1/27/2023,0.08,Other,,,Germany,5/1/2023
SAP,"Walldorf, Non-U.S.",3000,1/26/2023,0.03,Other,Post-IPO,1300,Germany,1/26/2023
Confluent,SF Bay Area,221,1/26/2023,0.08,Data,Post-IPO,455,United States,1/26/2023
Glisser,"London, Non-U.S.",25,1/26/2023,1,Travel,Unknown,1,United Kingdom,12/22/2023
DriveWealth,Jersey City,,1/26/2023,0.2,Finance,Series D,550,United States,2/1/2023
Mode Global,"London, Non-U.S.",,1/26/2023,1,Finance,Post-IPO,,United Kingdom,1/30/2023
Plus One Robotics,San Antonio,,1/26/2023,0.1,Other,Series B,43,United States,1/27/2023
Quora,SF Bay Area,,1/26/2023,,Consumer,Series D,226,United States,1/27/2023
IBM,New York City,3900,1/25/2023,0.02,Hardware,Post-IPO,,United States,1/25/2023
Lam Research,SF Bay Area,1300,1/25/2023,0.07,Hardware,Post-IPO,,United States,2/1/2023
Shutterfly,SF Bay Area,360,1/25/2023,,Retail,Acquired,50,United States,1/26/2023
Luno,"London, Non-U.S.",330,1/25/2023,0.35,Crypto,Acquired,13,United Kingdom,1/25/2023
Clear Capital,Reno,250,1/25/2023,0.25,Real Estate,Unknown,,United States,1/26/2023
Guardant Health,SF Bay Area,130,1/25/2023,0.07,Healthcare,Post-IPO,550,United States,1/26/2023
SirionLabs,Seattle,130,1/25/2023,0.15,Legal,Series D,171,United States,1/26/2023
Tier Mobility,"Berlin, Non-U.S.",80,1/25/2023,0.07,Transportation,Series D,646,Germany,1/26/2023
CareRev,Los Angeles,,1/25/2023,,Healthcare,Series A,51,United States,2/1/2023
Finastra,"Tel Aviv, Non-U.S.",,1/25/2023,,Finance,Unknown,,Israel,2/7/2023
Noom,New York City,,1/25/2023,,Fitness,Series F,657,United States,1/26/2023
PagSeguro,"Sao Paulo, Non-U.S.",,1/25/2023,0.07,Finance,Post-IPO,,Brazil,2/7/2023
Prosus,"Amsterdam, Non-U.S.",,1/25/2023,0.3,Other,Unknown,,Netherlands,1/25/2023
Vacasa,Portland,1300,1/24/2023,0.17,Travel,Post-IPO,834,United States,1/25/2023
Innovaccer,SF Bay Area,245,1/24/2023,0.15,Healthcare,Series E,379,United States,1/24/2023
Bolt,SF Bay Area,50,1/24/2023,0.1,Finance,Series E,1300,United States,1/25/2023
PartnerStack,"Toronto, Non-U.S.",40,1/24/2023,0.2,Sales,Series B,36,Canada,1/24/2023
Gitpod,"Kiel, Non-U.S.",21,1/24/2023,0.28,Product,Series A,41,Germany,1/25/2023
OFFOR Health,Columbus,16,1/24/2023,,Healthcare,Series A,14,United States,1/28/2023
Venngage,"Toronto, Non-U.S.",11,1/24/2023,0.2,Marketing,Unknown,,Canada,1/25/2023
CoachHub,"Berlin, Non-U.S.",,1/24/2023,0.1,HR,Series C,332,Germany,1/24/2023
Corvus Insurance,Boston,,1/24/2023,0.14,Finance,Series C,160,United States,1/25/2023
Icon,Austin,,1/24/2023,,Construction,Series B,451,United States,1/25/2023
PagerDuty,SF Bay Area,,1/24/2023,0.07,Product,Post-IPO,173,United States,1/24/2023
Scoro,"London, Non-U.S.",,1/24/2023,0.09,HR,Series B,23,United Kingdom,1/24/2023
Spotify,"Stockholm, Non-U.S.",600,1/23/2023,0.06,Media,Post-IPO,2100,Sweden,1/23/2023
Uber Freight,SF Bay Area,150,1/23/2023,0.03,Logistics,Subsidiary,2700,United States,1/24/2023
Inmobi,"Bengaluru, Non-U.S.",50,1/23/2023,,Marketing,Unknown,320,India,1/23/2023
Innovid,New York City,40,1/23/2023,0.1,Marketing,Post-IPO,295,United States,1/24/2023
Booktopia,"Sydney, Non-U.S.",30,1/23/2023,,Retail,Series A,23,Australia,1/23/2023
Ermetic,SF Bay Area,30,1/23/2023,0.17,Security,Series B,97,United States,1/25/2023
Namogoo,"Tel Aviv, Non-U.S.",20,1/23/2023,0.15,Marketing,Series C,69,Israel,1/24/2023
Camp K12,"Gurugram, Non-U.S.",,1/23/2023,0.7,Education,Series A,16,India,1/23/2023
Gemini,New York City,,1/23/2023,0.1,Crypto,Unknown,423,United States,1/23/2023
Yext,New York City,,1/23/2023,0.08,Marketing,Post-IPO,117,United States,1/23/2023
BUX,"Amsterdam, Non-U.S.",,1/22/2023,,Finance,Series C,115,Netherlands,1/23/2023
Google,SF Bay Area,12000,1/20/2023,0.06,Consumer,Post-IPO,26,United States,1/20/2023
Wayfair,Boston,1750,1/20/2023,0.1,Retail,Post-IPO,1700,United States,1/20/2023
Swiggy,"Bengaluru, Non-U.S.",380,1/20/2023,0.06,Food,Unknown,3600,India,1/20/2023
MediBuddy,"Bengaluru, Non-U.S.",200,1/20/2023,0.08,Healthcare,Acquired,192,India,1/21/2023
Vox Media,Washington D.C.,130,1/20/2023,0.07,Media,Series F,307,United States,1/21/2023
BitTorrent,SF Bay Area,92,1/20/2023,,Infrastructure,Acquired,,United States,2/7/2023
Karat,Seattle,47,1/20/2023,,HR,Unknown,169,United States,1/21/2023
Enjoei,"Sao Paulo, Non-U.S.",31,1/20/2023,0.1,Retail,Unknown,14,Brazil,1/23/2023
Edifecs,Seattle,30,1/20/2023,,Healthcare,Unknown,1,United States,1/21/2023
Citrine Informatics,SF Bay Area,22,1/20/2023,0.27,Data,Series C,64,United States,1/21/2023
Avalara,Seattle,,1/20/2023,,Finance,Acquired,341,United States,1/21/2023
Cyteir Therapeutics,Boston,,1/20/2023,0.7,Healthcare,Series C,156,United States,1/21/2023
Morning Consult,Washington D.C.,,1/20/2023,,Data,Series B,91,United States,1/24/2023
TikTok,Los Angeles,,1/20/2023,,Consumer,Acquired,,United States,1/24/2023
Zappos,Las Vegas,,1/20/2023,,Retail,Acquired,62,United States,1/21/2023
Capital One,Washington D.C.,1100,1/19/2023,,Finance,Post-IPO,,United States,1/20/2023
Proterra,SF Bay Area,300,1/19/2023,,Transportation,Post-IPO,1200,United States,3/7/2023
WeWork ,New York City,300,1/19/2023,,Real Estate,Post-IPO,22200,United States,1/19/2023
Hubilo,SF Bay Area,115,1/19/2023,0.35,Other,Series B,153,United States,1/20/2023
Saks.com,New York City,100,1/19/2023,0.05,Retail,Unknown,965,United States,1/21/2023
CS Disco,Austin,62,1/19/2023,0.09,Legal,Post-IPO,233,United States,1/21/2023
Riot Games,Los Angeles,46,1/19/2023,,Consumer,Acquired,21,United States,1/20/2023
Hydrow,Boston,30,1/19/2023,,Fitness,Series D,269,United States,1/21/2023
Earth Rides,Nashville,,1/19/2023,1,Transportation,Unknown,2,United States,1/29/2023
Fandom,SF Bay Area,,1/19/2023,,Media,Series E,145,United States,1/20/2023
IAM Robotics,Pittsburgh,,1/19/2023,,Hardware,Unknown,21,United States,1/21/2023
Icertis,Seattle,,1/19/2023,,Legal,Unknown,521,United States,1/20/2023
Magnite,Los Angeles,,1/19/2023,0.06,Marketing,Post-IPO,400,United States,1/20/2023
Mudafy,"Mexico City, Non-U.S.",,1/19/2023,0.7,Real Estate,Series A,13,Mexico,1/20/2023
Personalis,SF Bay Area,,1/19/2023,0.3,Healthcare,Post-IPO,225,United States,1/20/2023
Prisma,SF Bay Area,,1/19/2023,0.28,Data,Series B,56,United States,1/21/2023
Spaceship,"Sydney, Non-U.S.",,1/19/2023,,Finance,Series A,41,Australia,1/24/2023
Wallbox,"Barcelona, Non-U.S.",,1/19/2023,0.15,Energy,Post-IPO,167,Spain,1/20/2023
Microsoft,Seattle,10000,1/18/2023,0.05,Other,Post-IPO,1,United States,1/18/2023
Sophos,"Oxford, Non-U.S.",450,1/18/2023,0.1,Security,Acquired,125,United Kingdom,1/18/2023
Teladoc Health,New York City,300,1/18/2023,0.06,Healthcare,Post-IPO,172,United States,1/18/2023
Vroom,New York City,275,1/18/2023,0.2,Transportation,Post-IPO,1300,United States,1/20/2023
8x8,SF Bay Area,155,1/18/2023,0.07,Support,Post-IPO,253,United States,1/18/2023
Pagaya,"Tel Aviv, Non-U.S.",140,1/18/2023,0.2,Finance,Post-IPO,571,Israel,1/18/2023
Benevity,"Calgary, Non-U.S.",137,1/18/2023,0.14,Other,Unknown,69,Canada,1/18/2023
Inspirato,Denver,109,1/18/2023,0.12,Travel,Post-IPO,179,United States,1/20/2023
Jumpcloud,Boulder,100,1/18/2023,0.12,Security,Series F,416,United States,1/18/2023
nCino,Wilmington,100,1/18/2023,0.07,Finance,Post-IPO,1100,United States,1/19/2023
Starry,Boston,100,1/18/2023,0.24,Other,Post-IPO,260,United States,1/18/2023
Hootsuite,"Vancouver, Non-U.S.",70,1/18/2023,0.07,Marketing,Series C,300,Canada,1/18/2023
Clue,"Berlin, Non-U.S.",31,1/18/2023,0.31,Healthcare,Unknown,47,Germany,1/18/2023
Addepar,SF Bay Area,20,1/18/2023,0.03,Finance,Series F,491,United States,1/18/2023
80 Acres Farms,Cincinnati,,1/18/2023,0.1,Food,Unknown,275,United States,1/19/2023
Aiven,"Helsinki, Non-U.S.",,1/18/2023,0.2,Infrastructure,Series D,420,Finland,1/18/2023
Bally's Interactive,Providence,,1/18/2023,0.15,Consumer,Post-IPO,946,United States,1/21/2023
Betterfly,"Santiago, Non-U.S.",,1/18/2023,0.3,Healthcare,Series C,204,Chile,1/20/2023
Cazoo,"London, Non-U.S.",,1/18/2023,,Transportation,Post-IPO,2000,United Kingdom,1/19/2023
Coda,SF Bay Area,,1/18/2023,,Other,Series D,240,United States,2/16/2023
Cypress.io,Atlanta,,1/18/2023,,Product,Series B,54,United States,1/20/2023
Lucid Diagnostics,New York City,,1/18/2023,0.2,Healthcare,Post-IPO,,United States,1/26/2023
Mavenir,Dallas,,1/18/2023,,Infrastructure,Acquired,854,United States,1/21/2023
Redbubble,"Melbourne, Non-U.S.",,1/18/2023,0.14,Retail,Post-IPO,55,Australia,1/18/2023
Lightspeed Commerce,"Montreal, Non-U.S.",300,1/17/2023,0.1,Retail,Post-IPO,1200,Canada,1/17/2023
Unity,SF Bay Area,284,1/17/2023,0.03,Other,Post-IPO,1300,United States,1/17/2023
Britishvolt,"London, Non-U.S.",206,1/17/2023,1,Transportation,Unknown,2400,United Kingdom,1/18/2023
Clutch,"Toronto, Non-U.S.",150,1/17/2023,,Transportation,Unknown,253,Canada,1/18/2023
Exotel,"Bengaluru, Non-U.S.",142,1/17/2023,0.15,Support,Series D,87,India,1/18/2023
Unico,"Sao Paulo, Non-U.S.",110,1/17/2023,0.1,Other,Series D,336,Brazil,1/18/2023
Tul,"Bogota, Non-U.S.",100,1/17/2023,,Construction,Series B,218,Colombia,1/19/2023
American Robotics,Boston,50,1/17/2023,0.65,Other,Acquired,92,United States,1/20/2023
Luxury Presence,Los Angeles,44,1/17/2023,,Real Estate,Series B,31,United States,1/18/2023
RingCentral,SF Bay Area,30,1/17/2023,,Other,Post-IPO,44,United States,1/18/2023
Avaya,Durham,,1/17/2023,,Other,Post-IPO,700,United States,8/1/2023
Fishbrain,"Stockholm, Non-U.S.",,1/17/2023,,Consumer,Unknown,59,Sweden,1/21/2023
GoMechanic,"Gurugram, Non-U.S.",,1/17/2023,0.7,Transportation,Series C,54,India,1/18/2023
LiveVox,SF Bay Area,,1/17/2023,0.16,Support,Post-IPO,12,United States,1/21/2023
Oracle,SF Bay Area,,1/17/2023,,Other,Post-IPO,,United States,1/27/2023
Rappi,"Buenos Aires, Non-U.S.",,1/17/2023,,Food,Unknown,2300,Argentina,1/20/2023
RateGenius,Austin,,1/17/2023,,Finance,Acquired,2,United States,1/18/2023
XP,"Sao Paulo, Non-U.S.",,1/17/2023,,Finance,Post-IPO,,Brazil,1/27/2023
PagBank,"Sao Paulo, Non-U.S.",500,1/16/2023,0.07,Finance,Post-IPO,,Brazil,1/17/2023
ShareChat,"Bengaluru, Non-U.S.",500,1/16/2023,0.2,Consumer,Series H,1700,India,1/16/2023
Gramophone,"Indore, Non-U.S.",75,1/16/2023,,Food,Series B,17,India,1/16/2023
ClearCo,"Toronto, Non-U.S.",50,1/16/2023,0.3,Finance,Series C,698,Canada,1/16/2023
Dunzo,"Bengaluru, Non-U.S.",,1/16/2023,0.03,Food,Unknown,382,India,1/16/2023
Ignition,"Sydney, Non-U.S.",,1/16/2023,0.1,Finance,Series C,74,Australia,1/17/2023
Rebel Foods,"Mumbai, Non-U.S.",,1/16/2023,0.02,Food,Unknown,548,India,1/16/2023
Captain Fresh ,"Bengaluru, Non-U.S.",120,1/15/2023,,Food,Series C,126,India,1/16/2023
Snappy,New York City,100,1/15/2023,0.3,Marketing,Series C,104,United States,1/19/2023
BharatAgri,"Mumbai, Non-U.S.",40,1/15/2023,0.43,Food,Series A,21,India,1/16/2023
DeHaat,"Patna, Non-U.S.",,1/15/2023,0.05,Food,Series E,254,India,1/16/2023
Black Shark,"Shenzen, Non-U.S.",900,1/13/2023,,Hardware,Unknown,,China,1/23/2023
Ola,"Bengaluru, Non-U.S.",200,1/13/2023,,Transportation,Series J,5000,India,1/13/2023
Bonterra ,Austin,140,1/13/2023,0.1,Other,Unknown,,United States,1/17/2023
Vial,SF Bay Area,40,1/13/2023,,Healthcare,Series B,101,United States,1/14/2023
Arch Oncology,Brisbane,,1/13/2023,1,Healthcare,Series C,155,United States,1/14/2023
Carvana,Phoenix,,1/13/2023,,Transportation,Post-IPO,1600,United States,1/14/2023
CoSchedule,Bismarck,,1/13/2023,,Marketing,Unknown,2,United States,1/14/2023
GoCanvas,Washington D.C.,,1/13/2023,,Other,Acquired,21,United States,1/18/2023
Jellyfish,Boston,,1/13/2023,0.09,Product,Series C,114,United States,1/14/2023
Lending Club,SF Bay Area,225,1/12/2023,0.14,Finance,Post-IPO,392,United States,1/12/2023
SmartNews,"Tokyo, Non-U.S.",120,1/12/2023,0.4,Media,Series F,410,Japan,1/13/2023
Skit.ai,"Bengaluru, Non-U.S.",115,1/12/2023,,Support,Series B,28,India,1/14/2023
Pier,"Sao Paulo, Non-U.S.",111,1/12/2023,0.39,Finance,Series B,42,Brazil,1/12/2023
Blockchain.com,"London, Non-U.S.",110,1/12/2023,0.28,Crypto,Series D,490,United Kingdom,1/12/2023
Lattice,SF Bay Area,105,1/12/2023,0.15,HR,Series F,328,United States,1/12/2023
Greenlight,Atlanta,104,1/12/2023,0.21,Finance,Series D,556,United States,1/12/2023
Cashfree Payments,Bengaluru,100,1/12/2023,,Finance,Series B,41,India,1/12/2023
Mapbox,Washington D.C.,64,1/12/2023,,Data,Unknown,334,United States,1/20/2023
Definitive Healthcare,Boston,55,1/12/2023,0.06,Healthcare,Post-IPO,,United States,1/13/2023
Akili Labs,Boston,46,1/12/2023,0.3,Healthcare,Post-IPO,301,United States,1/14/2023
Career Karma,SF Bay Area,22,1/12/2023,,Education,Series B,51,United States,1/12/2023
Crypto.com,"Singapore, Non-U.S.",,1/12/2023,0.2,Crypto,Unknown,,Singapore,1/13/2023
Life360,SF Bay Area,,1/12/2023,0.14,Consumer,Post-IPO,158,United States,1/13/2023
Rock Content,Miami,,1/12/2023,0.15,Marketing,Series B,34,United States,1/12/2023
Flexport,SF Bay Area,640,1/11/2023,0.2,Logistics,Series E,2400,United States,1/11/2023
Qualtrics,Salt Lake City,270,1/11/2023,0.05,Other,Post-IPO,400,United States,1/12/2023
Verily,SF Bay Area,250,1/11/2023,0.15,Healthcare,Subsidiary,3500,United States,1/11/2023
Tipalti,SF Bay Area,123,1/11/2023,0.11,Finance,Series F,565,United States,1/12/2023
Jumio,SF Bay Area,100,1/11/2023,0.06,Security,Private Equity,205,United States,1/12/2023
CoinDCX,Mumbai,80,1/11/2023,,Crypto,Series D,244,India,1/12/2023
HashiCorp,SF Bay Area,69,1/11/2023,,Security,Post-IPO,349,United States,1/12/2023
Embark Vet,Boston,41,1/11/2023,,Healthcare,Series B,94,United States,1/12/2023
Intrinsic,SF Bay Area,40,1/11/2023,0.2,Other,Acquired,,United States,1/12/2023
Citizen,New York City,33,1/11/2023,,Consumer,Series C,133,United States,1/12/2023
Carta,SF Bay Area,,1/11/2023,0.1,HR,Series G,1100,United States,1/11/2023
Limeade,Seattle,,1/11/2023,0.15,HR,Series C,33,United States,1/12/2023
Oyster,Charlotte,,1/11/2023,,HR,Series C,224,United States,1/11/2023
Paddle,"London, Non-U.S.",,1/11/2023,0.08,Finance,Series D,293,United Kingdom,1/12/2023
Coinbase,SF Bay Area,950,1/10/2023,0.2,Crypto,Post-IPO,549,United States,1/10/2023
Informatica,SF Bay Area,450,1/10/2023,0.07,Data,Post-IPO,,United States,1/10/2023
Blend,SF Bay Area,340,1/10/2023,0.28,Finance,Post-IPO,665,United States,1/10/2023
Till Payments,"Sydney, Non-U.S.",120,1/10/2023,,Finance,Series C,95,Australia,1/11/2023
ConsenSys,New York City,100,1/10/2023,0.11,Crypto,Series D,726,United States,1/10/2023
ForeScout,"Tel Aviv, Non-U.S.",100,1/10/2023,0.1,Security,Acquired,125,Israel,1/10/2023
Thinkific,"Vancouver, Non-U.S.",76,1/10/2023,0.19,Education,Post-IPO,22,Canada,1/10/2023
LEAD,"Mumbai, Non-U.S.",60,1/10/2023,,Education,Series E,190,India,1/11/2023
Parler,Nashville,60,1/10/2023,0.75,Consumer,Series B,36,United States,1/11/2023
GoBolt,"Toronto, Non-U.S.",55,1/10/2023,0.05,Logistics,Series C,178,Canada,1/11/2023
Relevel,"Bengaluru, Non-U.S.",40,1/10/2023,0.2,HR,Unknown,,India,1/12/2023
StreamElements,"Tel Aviv, Non-U.S.",40,1/10/2023,0.2,Media,Series B,111,Israel,1/11/2023
Cart.com,Austin,25,1/10/2023,0.04,Retail,Unknown,383,United States,11/16/2023
100 Thieves,Los Angeles,,1/10/2023,,Retail,Series C,120,United States,1/12/2023
Beamery,"London, Non-U.S.",,1/10/2023,0.12,HR,Series D,223,United Kingdom,1/11/2023
Cart.com,Austin,,1/10/2023,,Retail,Unknown,383,United States,1/11/2023
Citrix,Miami,,1/10/2023,0.15,Infrastructure,Acquired,20,United States,1/11/2023
Esper,Seattle,,1/10/2023,0.21,Other,Series A,10,United States,1/12/2023
WHOOP,Boston,,1/10/2023,0.04,Fitness,Series F,404,United States,1/12/2023
Fate Therapeutics,San Diego,315,1/9/2023,0.57,Healthcare,Post-IPO,1200,United States,1/13/2023
Century Therapeutics,Philadelphia,,1/9/2023,,Healthcare,Post-IPO,560,United States,1/20/2023
Editas Medicine,Boston,,1/9/2023,0.2,Healthcare,Post-IPO,656,United States,1/20/2023
Scale AI,SF Bay Area,,1/9/2023,0.2,Data,Series E,602,United States,1/9/2023
Minute Media,"London, Non-U.S.",50,1/8/2023,0.1,Media,Series I,160,United Kingdom,1/9/2023
WalkMe,SF Bay Area,43,1/8/2023,0.03,Other,Post-IPO,307,United States,1/9/2023
Integrate,Phoenix,,1/7/2023,,Marketing,Acquired,80,United States,3/21/2023
Huobi,"Beijing, Non-U.S.",275,1/6/2023,0.2,Crypto,Unknown,2,China,1/6/2023
Carbon Health,SF Bay Area,200,1/6/2023,,Healthcare,Series D,522,United States,1/7/2023
Bounce,"Bengaluru, Non-U.S.",40,1/6/2023,0.05,Transportation,Series D,214,India,1/9/2023
Aware,Columbus,,1/6/2023,,Security,Series C,88,United States,1/6/2023
CareerArc,Los Angeles,,1/6/2023,,HR,Private Equity,30,United States,1/9/2023
CreateMe,SF Bay Area,,1/6/2023,,Manufacturing,Unknown,,United States,1/9/2023
Lantern,Grand Rapids,,1/6/2023,1,Retail,Seed,40,United States,1/12/2023
Mojo Vision,SF Bay Area,,1/6/2023,0.75,Hardware,Series B,204,United States,1/6/2023
SuperRare,Wilmington,,1/6/2023,0.3,Crypto,Series A,9,United States,1/6/2023
Cue,San Diego,388,1/5/2023,,Healthcare,Post-IPO,999,United States,1/6/2023
SoundHound,SF Bay Area,200,1/5/2023,0.5,Other,Post-IPO,326,United States,1/5/2023
Socure,Reno,104,1/5/2023,0.19,Finance,Series E,646,United States,1/6/2023
Genesis,New York City,60,1/5/2023,0.3,Crypto,Series A,,United States,1/5/2023
Moglix,Singapore,40,1/5/2023,0.02,Retail,Series F,472,Singapore,1/6/2023
Twitter,SF Bay Area,40,1/5/2023,,Consumer,Post-IPO,12900,United States,1/6/2023
Everlane,SF Bay Area,30,1/5/2023,0.17,Retail,Unknown,176,United States,1/6/2023
Pecan AI,"Tel Aviv, Non-U.S.",30,1/5/2023,0.25,Data,Series C,116,Israel,1/9/2023
Personetics,New York City,30,1/5/2023,0.08,Support,Private Equity,178,United States,1/6/2023
Twine Solutions ,"Tel Aviv, Non-U.S.",30,1/5/2023,0.33,Hardware,Unknown,50,Israel,1/9/2023
UpScalio,Gurugram,25,1/5/2023,0.15,Retail,Series B,62,India,1/6/2023
Attentive,New York City,,1/5/2023,0.15,Marketing,Series E,863,United States,1/6/2023
Compass,New York City,,1/5/2023,,Real Estate,Post-IPO,1600,United States,1/5/2023
Megaport,"Brisbane, Non-U.S.",,1/5/2023,,Infrastructure,Post-IPO,98,Australia,1/6/2023
Stitch Fix,SF Bay Area,,1/5/2023,0.2,Retail,Post-IPO,79,United States,1/5/2023
TCR2,Boston,,1/5/2023,0.4,Healthcare,Post-IPO,173,United States,1/6/2023
Amazon,Seattle,8000,1/4/2023,0.02,Retail,Post-IPO,108,United States,1/5/2023
Salesforce,SF Bay Area,8000,1/4/2023,0.1,Sales,Post-IPO,65,United States,1/4/2023
Astronomer,Cincinnati,76,1/4/2023,0.2,Data,Series C,282,United States,1/6/2023
Kaltura,New York City,75,1/4/2023,0.11,Media,Post-IPO,166,United States,1/6/2023
Augury,New York City,20,1/4/2023,0.05,Manufacturing,Series E,274,United States,1/9/2023
Butterfly Network,Boston,,1/4/2023,0.25,Healthcare,Post-IPO,530,United States,1/18/2023
Vimeo,New York City,,1/4/2023,0.11,Consumer,Post-IPO,450,United States,1/4/2023
Wyre,SF Bay Area,,1/4/2023,1,Crypto,Unknown,29,United States,1/6/2023
Pegasystems,Boston,245,1/3/2023,0.04,HR,Post-IPO,,United States,1/4/2023
Uniphore,SF Bay Area,76,1/3/2023,0.1,Support,Series E,620,United States,1/6/2023
Harappa,"New Delhi, Non-U.S.",60,1/3/2023,0.3,Education,Acquired,,India,1/4/2023
Bytedance,"Shanghai, Non-U.S.",,1/3/2023,0.1,Consumer,Unknown,9400,China,1/4/2023
Amdocs,St. Louis,700,1/2/2023,0.03,Support,Post-IPO,,United States,7/7/2023
Micron,Boise,4800,1/1/2023,0.1,Hardware,Post-IPO,50,United States,4/1/2023
Graphcore,"Beijing, Non-U.S.",,1/1/2023,,Hardware,Series E,682,China,11/23/2023
Ezoic,San Diego,35,12/31/2022,,Infrastructure,Series A,39,United States,7/21/2023
Gousto,"London, Non-U.S.",,12/31/2022,0.14,Food,Unknown,675,United Kingdom,3/14/2023
Mara,"Nairobi, Non-U.S.",,12/31/2022,,Crypto,Seed,23,Kenya,6/8/2023
Bilibili,"Shanghai, Non-U.S.",,12/27/2022,0.3,Media,Post-IPO,3700,China,12/30/2022
Octopus Network,"Beau Vallon, Non-U.S.",,12/27/2022,0.4,Crypto,Series A,8,Seychelles,12/30/2022
PayU,"Amsterdam, Non-U.S.",150,12/26/2022,0.06,Finance,Acquired,,Netherlands,12/26/2022
Element,"London, Non-U.S.",,12/25/2022,0.15,Other,Series B,96,United Kingdom,3/1/2023
Willow,"Sydney, Non-U.S.",99,12/23/2022,0.22,Real Estate,Unknown,,Australia,1/9/2023
Back Market,"Paris, Non-U.S.",93,12/23/2022,0.13,Retail,Series E,1000,France,12/27/2022
Zoopla,"London, Non-U.S.",50,12/23/2022,,Real Estate,Series C,25,United Kingdom,12/30/2022
Qualcomm,San Diego,153,12/22/2022,,Hardware,Post-IPO,,United States,1/4/2023
TuSimple,San Diego,350,12/21/2022,0.25,Transportation,Post-IPO,648,United States,12/18/2022
Lendis,"Berlin, Non-U.S.",,12/21/2022,0.5,Other,Series A,90,Germany,12/21/2022
Chope,"Singapore, Non-U.S.",65,12/20/2022,0.24,Food,Series E,50,Singapore,12/28/2022
Briza,"Toronto, Non-U.S.",26,12/20/2022,0.4,Finance,Series A,10,Canada,12/20/2022
StreetBees,"London, Non-U.S.",,12/20/2022,,Data,Unknown,63,United Kingdom,1/21/2023
Zhihu,"Beijing, Non-U.S.",,12/20/2022,0.1,Consumer,Series F,892,China,12/21/2022
Homebot,Denver,18,12/19/2022,0.13,Real Estate,Acquired,4,United States,1/20/2023
Health IQ,SF Bay Area,,12/19/2022,,Healthcare,Series D,136,United States,12/24/2022
Xiaomi,"Beijing, Non-U.S.",,12/19/2022,,Consumer,Post-IPO,7400,China,12/19/2022
YourGrocer,"Melbourne, Non-U.S.",,12/19/2022,1,Food,Unknown,2,Australia,12/27/2022
Tomorrow,"Hamburg, Non-U.S.",30,12/16/2022,0.25,Finance,Unknown,29,Germany,12/18/2022
Revelate,"Montreal, Non-U.S.",24,12/16/2022,0.3,Data,Series A,26,Canada,12/19/2022
Autograph,Los Angeles,,12/16/2022,,Crypto,Series B,205,United States,12/19/2022
E Inc.,"Toronto, Non-U.S.",,12/16/2022,,Transportation,Post-IPO,,Canada,12/19/2022
FreshBooks,"Toronto, Non-U.S.",,12/16/2022,,Finance,Unknown,331,Canada,3/21/2023
Improbable,"London, Non-U.S.",,12/16/2022,0.1,Other,Unknown,704,United Kingdom,12/18/2022
Modern Treasury,SF Bay Area,,12/16/2022,0.18,Finance,Series C,183,United States,12/21/2022
Reach,"Calgary, Non-U.S.",,12/16/2022,0.12,Retail,Series A,30,Canada,12/19/2022
SonderMind,Denver,,12/16/2022,0.15,Healthcare,Series C,183,United States,12/18/2022
BigCommerce,Austin,180,12/15/2022,0.13,Retail,Post-IPO,224,United States,12/15/2022
Freshworks,SF Bay Area,90,12/15/2022,0.02,Support,Post-IPO,484,United States,12/15/2022
LeafLink,New York City,80,12/15/2022,0.31,Other,Series C,379,United States,2/1/2023
Workmotion,"Berlin, Non-U.S.",60,12/15/2022,0.2,HR,Series B,76,Germany,1/4/2023
Apollo,SF Bay Area,,12/15/2022,0.15,Product,Series D,183,United States,12/15/2022
JD.ID,"Jakarta, Non-U.S.",200,12/14/2022,0.3,Retail,Post-IPO,5100,Indonesia,12/15/2022
GoStudent,"Vienna, Non-U.S.",100,12/14/2022,,Education,Series D,686,Austria,12/15/2022
Quanergy Systems,SF Bay Area,72,12/14/2022,,Transportation,Post-IPO,175,United States,12/15/2022
Headspace,Los Angeles,50,12/14/2022,0.04,Healthcare,Unknown,215,United States,12/15/2022
ChowNow,Los Angeles,40,12/14/2022,0.1,Food,Series C,64,United States,12/15/2022
Landing,Birmingham,,12/14/2022,,Real Estate,Series C,347,United States,12/15/2022
Thumbtack,SF Bay Area,160,12/13/2022,0.14,Consumer,Series I,698,United States,12/13/2022
Edgio,Phoenix,95,12/13/2022,0.1,Infrastructure,Post-IPO,462,United States,12/15/2022
Komodo Health,SF Bay Area,78,12/13/2022,0.09,Healthcare,Series E,514,United States,12/13/2022
Viant,Los Angeles,46,12/13/2022,0.13,Marketing,Post-IPO,,United States,12/21/2022
TaxBit,Salt Lake City,,12/13/2022,,Crypto,Series B,235,United States,12/18/2022
Pluralsight,Salt Lake City,400,12/12/2022,0.2,Education,Acquired,192,United States,12/12/2022
Freshly,Phoenix,329,12/12/2022,,Food,Acquired,107,United States,12/14/2022
Balto,St. Louis,35,12/12/2022,,Sales,Series B,51,United States,12/13/2022
Caribou,Washington D.C.,,12/12/2022,,Finance,Series C,189,United States,1/12/2023
Outschool,SF Bay Area,43,12/10/2022,0.25,Education,Series D,240,United States,12/13/2022
Xentral,"Munich, Non-U.S.",20,12/10/2022,0.1,Product,Series B,94,Germany,12/13/2022
Autobooks,Detroit,,12/10/2022,,Finance,Series C,97,United States,12/11/2022
Convene,New York City,,12/10/2022,,Real Estate,Unknown,281,United States,12/13/2022
PharmEasy,"Mumbai, Non-U.S.",,12/10/2022,,Healthcare,Unknown,1600,India,12/11/2022
Playtika,"Tel Aviv, Non-U.S.",600,12/9/2022,0.15,Consumer,Post-IPO,,Israel,12/11/2022
Unity,"Utrecht, Non-U.S.",300,12/9/2022,0.1,Retail,Acquired,,Netherlands,2/5/2024
Share Now,"Berlin, Non-U.S.",150,12/9/2022,0.36,Transportation,Acquired,,Germany,12/13/2022
Alice,"Sao Paulo, Non-U.S.",113,12/9/2022,0.16,Healthcare,Series C,174,Brazil,12/11/2022
Primer,"London, Non-U.S.",85,12/9/2022,0.33,Finance,Series B,73,United Kingdom,12/9/2022
OneFootball,"Berlin, Non-U.S.",62,12/9/2022,0.115,Marketing,Series D,442,Germany,12/21/2022
C2FO,Kansas City,20,12/9/2022,0.02,Finance,Series H,537,United States,12/11/2022
Brodmann17,"Tel Aviv, Non-U.S.",,12/9/2022,1,Other,Series A,25,Israel,12/11/2022
Digital Surge,"Brisbane, Non-U.S.",,12/9/2022,1,Crypto,Unknown,,Australia,12/11/2022
N-able Technologies,Raleigh,,12/9/2022,,Other,Post-IPO,225,United States,12/9/2022
ZenLedger,Seattle,,12/9/2022,0.1,Crypto,Series B,25,United States,12/11/2022
Airtable,SF Bay Area,254,12/8/2022,0.2,Product,Series F,1400,United States,12/8/2022
Swiggy,"Bengaluru, Non-U.S.",250,12/8/2022,0.03,Food,Unknown,3600,India,12/9/2022
Glints,"Singapore, Non-U.S.",198,12/8/2022,0.18,HR,Series D,82,Singapore,12/9/2022
Buser,"Sao Paulo, Non-U.S.",160,12/8/2022,0.3,Transportation,Series C,138,Brazil,12/11/2022
BlackLine,Los Angeles,95,12/8/2022,0.05,Finance,Private Equity,220,United States,12/11/2022
Chrono24,"Karlsruhe, Non-U.S.",80,12/8/2022,,Retail,Series C,205,Germany,1/15/2023
Otonomo,"Tel Aviv, Non-U.S.",80,12/8/2022,0.5,Transportation,Post-IPO,231,Israel,12/11/2022
TechTarget,Boston,60,12/8/2022,0.05,Marketing,Post-IPO,115,United States,12/11/2022
Inscripta,Boulder,43,12/8/2022,,Healthcare,Series E,459,United States,12/9/2022
CyCognito,SF Bay Area,30,12/8/2022,0.15,Security,Series C,153,United States,12/9/2022
Armis,SF Bay Area,25,12/8/2022,0.04,Security,Private Equity,537,United States,12/11/2022
Bakkt,Atlanta,,12/8/2022,0.15,Crypto,Post-IPO,932,United States,12/11/2022
Blue Apron,New York City,,12/8/2022,0.1,Food,Post-IPO,352,United States,12/8/2022
FireHydrant,New York City,,12/8/2022,,Infrastructure,Series B,32,United States,12/11/2022
Lenovo,Raleigh,,12/8/2022,,Hardware,Post-IPO,850,United States,12/30/2022
Nerdy,St. Louis,,12/8/2022,0.17,Education,Post-IPO,150,United States,12/11/2022
Vanta,SF Bay Area,,12/8/2022,0.14,Security,Series B,203,United States,12/11/2022
Vedantu,"Bengaluru, Non-U.S.",385,12/7/2022,,Education,Series E,292,India,12/7/2022
Loft,"Sao Paulo, Non-U.S.",312,12/7/2022,0.12,Real Estate,Unknown,788,Brazil,12/8/2022
Plaid,SF Bay Area,260,12/7/2022,0.2,Finance,Series D,734,United States,12/7/2022
Motive,SF Bay Area,237,12/7/2022,0.06,Transportation,Series F,567,United States,12/8/2022
Recur Forever,Miami,235,12/7/2022,,Crypto,Series A,55,United States,1/20/2023
Relativity,Chicago,150,12/7/2022,0.1,Legal,Private Equity,125,United States,12/8/2022
Voi,"Stockholm, Non-U.S.",130,12/7/2022,0.13,Transportation,Series D,515,Sweden,12/8/2022
Integral Ad Science,New York City,120,12/7/2022,0.13,Marketing,Acquired,116,United States,12/8/2022
Houzz,SF Bay Area,95,12/7/2022,0.08,Consumer,Series E,613,United States,12/21/2022
Grover,"Berlin, Non-U.S.",40,12/7/2022,0.1,Retail,Unknown,2300,Germany,12/7/2022
Lev,New York City,30,12/7/2022,0.3,Real Estate,Series B,114,United States,12/11/2022
Lithic,New York City,27,12/7/2022,0.18,Finance,Series C,115,United States,12/9/2022
CircleCI,SF Bay Area,,12/7/2022,0.17,Product,Series F,315,United States,12/7/2022
Detectify,"Stockholm, Non-U.S.",,12/7/2022,,Security,Unknown,42,Sweden,10/23/2023
Sayurbox,"Jakarta, Non-U.S.",,12/7/2022,0.05,Food,Series C,139,Indonesia,12/9/2022
Zywave,Milwaukee,,12/7/2022,,Finance,Acquired,,United States,12/9/2022
Doma,SF Bay Area,515,12/6/2022,0.4,Finance,Post-IPO,679,United States,12/7/2022
Intel,SF Bay Area,201,12/6/2022,,Hardware,Post-IPO,12,United States,12/30/2022
BuzzFeed,New York City,180,12/6/2022,0.12,Media,Post-IPO,696,United States,12/6/2022
Weedmaps,Los Angeles,175,12/6/2022,0.25,Other,Acquired,,United States,12/7/2022
Adobe,SF Bay Area,100,12/6/2022,,Marketing,Post-IPO,2,United States,12/7/2022
Chipper Cash,SF Bay Area,50,12/6/2022,0.125,Finance,Series C,302,United States,12/7/2022
Stash,New York City,32,12/6/2022,0.08,Finance,Unknown,480,United States,12/7/2022
Perimeter 81,"Tel Aviv, Non-U.S.",20,12/6/2022,0.08,Security,Series C,165,Israel,12/7/2022
Koinly,"London, Non-U.S.",16,12/6/2022,0.14,Crypto,Unknown,,United Kingdom,12/7/2022
Bridgit,"Waterloo, Non-U.S.",13,12/6/2022,0.13,Construction,Series B,36,Canada,12/19/2022
Filevine,Salt Lake City,,12/6/2022,,Legal,Series D,226,United States,12/18/2022
Moove,"Lagos, Non-U.S.",,12/6/2022,,Transportation,Unknown,630,Nigeria,12/21/2022
Nextiva,Phoenix,,12/6/2022,0.17,Other,Private Equity,200,United States,12/7/2022
OneStudyTeam,Boston,,12/6/2022,0.25,Healthcare,Series D,479,United States,12/7/2022
Zuora,SF Bay Area,,12/6/2022,0.11,Finance,Post-IPO,647,United States,12/7/2022
Swyftx,"Brisbane, Non-U.S.",90,12/5/2022,0.4,Crypto,Unknown,,Australia,12/5/2022
Aqua Security,Boston,65,12/5/2022,0.1,Security,Series E,265,United States,12/6/2022
DataRails,"Tel Aviv, Non-U.S.",30,12/5/2022,0.18,Finance,Series B,103,Israel,12/6/2022
Elemy,SF Bay Area,,12/5/2022,,Healthcare,Series B,323,United States,12/6/2022
Route,Lehi,,12/5/2022,,Retail,Unknown,481,United States,12/7/2022
Thinkific,"Vancouver, Non-U.S.",,12/5/2022,,Education,Post-IPO,22,Canada,12/19/2022
OYO,"Gurugram, Non-U.S.",600,12/3/2022,,Travel,Series F,4000,India,12/4/2022
HealthifyMe,Bengaluru,150,12/3/2022,,Fitness,Series C,100,India,12/4/2022
Bybit,"Singapore, Non-U.S.",,12/3/2022,0.3,Crypto,Unknown,,Singapore,12/4/2022
Cognyte,"Tel Aviv, Non-U.S.",100,12/2/2022,0.05,Security,Unknown,,Israel,12/4/2022
ShareChat,"Bengaluru, Non-U.S.",100,12/2/2022,,Consumer,Unknown,1700,India,12/3/2022
Polly,Burlington,47,12/2/2022,0.15,Finance,Series C,184,United States,12/4/2022
FNZ,"London, Non-U.S.",,12/2/2022,,Finance,Private Equity,3500,United Kingdom,6/16/2026
Homebound,SF Bay Area,,12/2/2022,,Real Estate,Unknown,128,United States,12/3/2022
Lora DiCarlo,Bend,,12/2/2022,1,Consumer,Unknown,9,United States,12/4/2022
Carousell,"Singapore, Non-U.S.",110,12/1/2022,0.1,Retail,Private Equity,372,Singapore,12/3/2022
Bizzabo,New York City,100,12/1/2022,0.37,Marketing,Series E,194,United States,12/3/2022
BloomTech,SF Bay Area,88,12/1/2022,0.5,Education,Unknown,,United States,12/1/2022
Netlify,SF Bay Area,48,12/1/2022,0.16,Product,Series D,212,United States,12/8/2022
Springbig,Miami,37,12/1/2022,0.23,Sales,Post-IPO,32,United States,12/19/2022
Podium,Lehi,,12/1/2022,0.12,Support,Series D,419,United States,12/1/2022
SQZ Biotech,Boston,,12/1/2022,0.6,Healthcare,Post-IPO,229,United States,12/11/2022
Strava,SF Bay Area,,12/1/2022,0.14,Fitness,Series F,151,United States,12/4/2022
Synlogic,Boston,,12/1/2022,0.25,Healthcare,Post-IPO,321,United States,12/11/2022
Yapily,"London, Non-U.S.",,12/1/2022,,Finance,Series A,69,United Kingdom,12/3/2022
DoorDash,SF Bay Area,1250,11/30/2022,0.06,Food,Post-IPO,2500,United States,11/30/2022
Kraken,SF Bay Area,1100,11/30/2022,0.3,Crypto,Unknown,134,United States,11/30/2022
Happy Money,Los Angeles,158,11/30/2022,0.34,Finance,Series D,191,United States,12/1/2022
Ula,"Jakarta, Non-U.S.",134,11/30/2022,0.23,Retail,Series B,140,Indonesia,12/1/2022
Wonder,New York City,130,11/30/2022,0.07,Food,Series B,850,United States,12/1/2022
StudySmarter,"Berlin, Non-U.S.",70,11/30/2022,,Education,Series A,64,Germany,1/12/2023
Grin,Sacramento,60,11/30/2022,0.13,Marketing,Series B,145,United States,12/3/2022
Ualá,"Buenos Aires, Non-U.S.",53,11/30/2022,0.03,Finance,Series D,544,Argentina,12/1/2022
Teachmint,"Bengaluru, Non-U.S.",45,11/30/2022,0.05,Education,Series B,118,India,12/1/2022
Etermax,"Buenos Aires, Non-U.S.",40,11/30/2022,,Other,Unknown,,Argentina,12/1/2022
Thread,"London, Non-U.S.",30,11/30/2022,0.5,Retail,Acquired,40,United Kingdom,12/11/2022
Nexar,New York City,25,11/30/2022,,Transportation,Series D,149,United States,9/4/2023
Elastic,SF Bay Area,,11/30/2022,0.13,Data,Post-IPO,162,United States,12/1/2022
Motional,Boston,,11/30/2022,,Transportation,Unknown,,United States,12/3/2022
Pinterest,SF Bay Area,,11/30/2022,,Consumer,Post-IPO,1500,United States,12/1/2022
Sana,Seattle,,11/30/2022,0.15,Healthcare,Series A,700,United States,1/6/2023
Venafi,Salt Lake City,,11/30/2022,,Security,Acquired,167,United States,12/18/2022
Bitso,"Mexico City, Non-U.S.",100,11/29/2022,,Crypto,Series C,378,Mexico,11/30/2022
Lyst,"London, Non-U.S.",50,11/29/2022,0.25,Retail,Unknown,144,United Kingdom,11/30/2022
CoinJar,"Melbourne, Non-U.S.",10,11/29/2022,0.2,Crypto,Unknown,1,Australia,11/30/2022
Bitfront,SF Bay Area,,11/29/2022,1,Crypto,Unknown,,United States,11/30/2022
Codexis,SF Bay Area,,11/29/2022,0.18,Healthcare,Post-IPO,162,United States,11/30/2022
Firework,SF Bay Area,,11/29/2022,0.1,Retail,Series B,269,United States,12/1/2022
Lazerpay,"Lagos, Non-U.S.",,11/29/2022,,Crypto,Unknown,,Nigeria,11/30/2022
MessageBird,"Amsterdam, Non-U.S.",,11/29/2022,0.31,Other,Series C,1100,Netherlands,11/30/2022
Plerk,"Guadalajara, Non-U.S.",,11/29/2022,0.4,Finance,Series A,13,Mexico,11/30/2022
Proton.ai,Boston,,11/29/2022,,Sales,Series A,20,United States,12/3/2022
Infarm,"Berlin, Non-U.S.",500,11/28/2022,0.5,Other,Series D,604,Germany,11/29/2022
Wildlife Studios,"Sao Paulo, Non-U.S.",300,11/28/2022,0.2,Consumer,Unknown,260,Brazil,11/29/2022
Hirect,"Bengaluru, Non-U.S.",200,11/28/2022,0.4,Recruiting,Series A,,India,11/29/2022
ApplyBoard,"Waterloo, Non-U.S.",90,11/28/2022,0.06,Education,Series D,483,Canada,11/30/2022
Ajaib,"Jakarta, Non-U.S.",67,11/28/2022,0.08,Finance,Unknown,245,Indonesia,11/30/2022
Candy Digital,New York City,33,11/28/2022,0.33,Crypto,Series A,100,United States,11/29/2022
ResearchGate,"Berlin, Non-U.S.",25,11/28/2022,0.1,Other,Series D,87,Germany,11/28/2022
BlockFi,New York City,,11/28/2022,1,Crypto,Series E,1000,United States,11/30/2022
FutureLearn,"London, Non-U.S.",,11/28/2022,,Education,Unknown,50,United Kingdom,11/30/2022
Inspectify,Seattle,,11/28/2022,,Real Estate,Series A,11,United States,11/30/2022
Ledn,"Toronto, Non-U.S.",,11/28/2022,,Crypto,Series B,103,Canada,12/19/2022
NCX,SF Bay Area,,11/28/2022,0.4,Energy,Series B,78,United States,12/1/2022
Spora Health,SF Bay Area,,11/28/2022,1,Healthcare,Seed,4,United States,10/31/2023
Change Invest,"Amsterdam, Non-U.S.",,11/27/2022,0.24,Finance,Unknown,22,Netherlands,1/23/2023
Zilch,"London, Non-U.S.",,11/26/2022,,Finance,Unknown,389,United Kingdom,11/29/2022
VerSe Innovation,"Bengaluru, Non-U.S.",150,11/25/2022,0.05,Media,Series J,1700,India,11/28/2022
Carwow,"London, Non-U.S.",70,11/25/2022,0.2,Transportation,Unknown,157,United Kingdom,11/29/2022
Vendease,"Lagos, Non-U.S.",27,11/25/2022,0.09,Food,Series A,43,Nigeria,11/30/2022
Lemon,"Buenos Aires, Non-U.S.",100,11/24/2022,0.38,Crypto,Series A,17,Argentina,11/25/2022
Quidax,"Lagos, Non-U.S.",20,11/24/2022,0.2,Crypto,Unknown,3,Nigeria,11/26/2022
Menulog,"Sydney, Non-U.S.",,11/24/2022,,Food,Acquired,,Australia,11/28/2022
Utopia Music,"Zug, Non-U.S.",,11/24/2022,,Media,Series B,,Switzerland,11/25/2022
Assure,Salt Lake City,,11/23/2022,1,Finance,Seed,2,United States,11/25/2022
GoodGood,"Toronto, Non-U.S.",,11/23/2022,1,Retail,Seed,6,Canada,11/25/2022
Muni Tienda,"Bogota, Non-U.S.",,11/23/2022,1,Other,Series A,20,Colombia,3/10/2023
SWVL,"Cairo, Non-U.S.",,11/23/2022,0.5,Transportation,Post-IPO,264,Egypt,11/25/2022
Western Digital,SF Bay Area,251,11/22/2022,,Hardware,Post-IPO,900,United States,2/13/2023
SIRCLO,"Jakarta, Non-U.S.",160,11/22/2022,0.08,Retail,Series B,92,Indonesia,11/22/2022
Movidesk,"Blumenau, Non-U.S.",118,11/22/2022,,Support,Acquired,11,Brazil,5/24/2023
Trax,"Singapore, Non-U.S.",80,11/22/2022,0.08,Retail,Series E,1000,Singapore,11/22/2022
Flash Coffee,"Singapore, Non-U.S.",,11/22/2022,,Food,Series B,57,Singapore,11/25/2022
Natera,SF Bay Area,,11/22/2022,,Healthcare,Post-IPO,809,United States,11/29/2022
Rapyd,"Tel Aviv, Non-U.S.",,11/22/2022,,Finance,Unknown,770,Israel,11/30/2022
Reynen Court,"Amsterdam, Non-U.S.",,11/22/2022,,Legal,Unknown,23,Netherlands,7/26/2023
Jumia,"Lagos, Non-U.S.",900,11/21/2022,0.2,Retail,Post-IPO,1200,Nigeria,12/21/2022
Kitopi,"Dubai, Non-U.S.",93,11/21/2022,0.1,Food,Series C,804,UAE,11/23/2022
Devo,Boston,,11/21/2022,0.15,Security,Series F,481,United States,12/13/2022
GloriFi,Dallas,,11/21/2022,1,Finance,Unknown,,United States,11/25/2022
Zomato,"Gurugram, Non-U.S.",100,11/19/2022,0.04,Food,Series J,914,India,11/20/2022
Carvana,Phoenix,1500,11/18/2022,0.08,Transportation,Post-IPO,1600,United States,11/18/2022
Nuro,SF Bay Area,300,11/18/2022,0.2,Transportation,Series D,2100,United States,11/18/2022
Synthego,SF Bay Area,105,11/18/2022,0.2,Healthcare,Series E,459,United States,11/29/2022
Splyt,"London, Non-U.S.",57,11/18/2022,,Transportation,Series B,34,United Kingdom,1/18/2023
Capitolis,New York City,,11/18/2022,0.25,Finance,Series D,281,United States,12/15/2022
Kavak,"Sao Paulo, Non-U.S.",,11/18/2022,,Transportation,Series E,1600,Brazil,11/20/2022
Metaplex,Chicago,,11/18/2022,,Crypto,Unknown,,United States,11/20/2022
Ruangguru,"Jakarta, Non-U.S.",,11/18/2022,,Education,Unknown,205,Indonesia,11/21/2022
StoryBlocks,Washington D.C.,,11/18/2022,0.25,Media,Acquired,18,United States,11/19/2022
Unchained Capital,Austin,,11/18/2022,0.15,Crypto,Series A,33,United States,1/24/2023
Roku,SF Bay Area,200,11/17/2022,0.07,Media,Post-IPO,208,United States,11/17/2022
Orchard,New York City,180,11/17/2022,,Real Estate,Series D,472,United States,11/18/2022
Homepoint,Phoenix,113,11/17/2022,,Real Estate,Post-IPO,,United States,11/19/2022
Juni,"Gothenburg, Non-U.S.",72,11/17/2022,0.33,Finance,Unknown,281,Sweden,11/19/2022
Chili Piper,New York City,58,11/17/2022,,Sales,Series B,54,United States,11/17/2022
Capitolis,New York City,37,11/17/2022,0.25,Finance,Series D,281,United States,11/18/2022
TealBook,"Toronto, Non-U.S.",34,11/17/2022,0.19,Other,Series B,73,Canada,11/17/2022
Koho,"Toronto, Non-U.S.",15,11/17/2022,0.04,Finance,Series D,278,Canada,11/20/2022
&Open,"Dublin, Non-U.S.",9,11/17/2022,0.09,Marketing,Series A,35,Ireland,12/1/2022
Kandji,San Diego,,11/17/2022,0.17,Other,Series C,188,United States,11/19/2022
Morning Brew,New York City,,11/17/2022,0.14,Media,Acquired,,United States,11/19/2022
Symend,"Calgary, Non-U.S.",,11/17/2022,0.13,Other,Series C,148,Canada,11/17/2022
Amazon,Seattle,10000,11/16/2022,0.03,Retail,Post-IPO,108,United States,11/16/2022
Cisco,SF Bay Area,4100,11/16/2022,0.05,Infrastructure,Post-IPO,2,United States,11/17/2022
Twiga,"Nairobi, Non-U.S.",211,11/16/2022,0.21,Food,Series C,157,Kenya,11/30/2022
Wayflyer,"Dublin, Non-U.S.",200,11/16/2022,0.4,Marketing,Unknown,889,Ireland,11/17/2022
Similarweb,New York City,120,11/16/2022,0.1,Other,Post-IPO,235,United States,11/17/2022
Salsify,Boston,90,11/16/2022,0.11,Retail,Series F,452,United States,11/17/2022
Lokalise,Dover,76,11/16/2022,0.23,Other,Series B,56,United States,11/17/2022
Yotpo,New York City,70,11/16/2022,0.09,Marketing,Unknown,436,United States,11/17/2022
Pear Therapeutics,Boston,59,11/16/2022,0.22,Healthcare,Post-IPO,409,United States,12/11/2022
D2L,"Waterloo, Non-U.S.",,11/16/2022,0.05,Education,Post-IPO,168,Canada,11/17/2022
Dance,"Berlin, Non-U.S.",,11/16/2022,0.16,Transportation,Unknown,63,Germany,11/17/2022
Homeward,Austin,,11/16/2022,0.25,Real Estate,Unknown,501,United States,11/19/2022
Hopin,"London, Non-U.S.",,11/16/2022,0.17,Other,Series D,1000,United Kingdom,11/17/2022
Infogrid,"London, Non-U.S.",,11/16/2022,,Other,Series A,15,United Kingdom,12/3/2022
Kite,SF Bay Area,,11/16/2022,1,Product,Series A,21,United States,11/25/2022
UiPath,New York City,241,11/15/2022,0.06,Data,Post-IPO,2000,United States,11/17/2022
Asana,SF Bay Area,180,11/15/2022,0.09,Other,Post-IPO,453,United States,11/15/2022
OwnBackup,New York City,170,11/15/2022,0.17,Security,Series E,507,United States,11/17/2022
Deliveroo Australia,"Melbourne, Victoria",120,11/15/2022,1,Food,Post-IPO,1700,Australia,11/17/2022
Productboard,SF Bay Area,100,11/15/2022,0.2,Product,Series D,,United States,11/17/2022
Properly,"Toronto, Non-U.S.",71,11/15/2022,,Real Estate,Series B,154,Canada,11/17/2022
Protocol,SF Bay Area,60,11/15/2022,1,Media,Acquired,,United States,11/15/2022
Jimdo,"Hamburg, Non-U.S.",50,11/15/2022,0.16,Other,Unknown,28,Germany,11/17/2022
The Zebra,Austin,50,11/15/2022,,Finance,Series D,256,United States,11/17/2022
Viber,"Luxembourg, Non-U.S.",45,11/15/2022,0.08,Consumer,Acquired,,Luxembourg,11/17/2022
CaptivateIQ,SF Bay Area,31,11/15/2022,0.1,Sales,Series C,164,United States,11/17/2022
Apollo Insurance,"Vancouver, Non-U.S.",,11/15/2022,0.25,Finance,Series B,11,Canada,11/20/2022
Nirvana Money,Miami,,11/15/2022,1,Finance,Unknown,,United States,11/16/2022
Oatly,"Malmö, Non-U.S.",,11/15/2022,,Food,Post-IPO,441,Sweden,11/17/2022
OfferUp,Seattle,,11/15/2022,0.19,Retail,Unknown,381,United States,11/17/2022
Outside,Boulder,,11/15/2022,0.12,Media,Series B,174,United States,11/17/2022
Rubicon Technologies,Lexington,,11/15/2022,0.11,Other,Post-IPO,382,United States,11/19/2022
Tencent,"Shenzen, Non-U.S.",,11/15/2022,,Consumer,Post-IPO,12600,China,11/17/2022
Typeform,"Barcelona, Non-U.S.",,11/15/2022,,Marketing,Series C,187,Spain,11/17/2022
Whispir,"Melbourne, Non-U.S.",,11/15/2022,0.3,Other,Post-IPO,68,Australia,11/17/2022
Illumina,San Diego,500,11/14/2022,0.05,Healthcare,Post-IPO,28,United States,11/17/2022
Sema4,Stamford,500,11/14/2022,,Healthcare,Post-IPO,791,United States,11/14/2022
iFit,Logan,300,11/14/2022,0.2,Fitness,Private Equity,200,United States,11/17/2022
Ribbon,New York City,170,11/14/2022,0.85,Real Estate,Series C,405,United States,11/22/2022
Pipedrive,"Tallinn, Non-U.S.",143,11/14/2022,0.15,Sales,Private Equity,90,Estonia,11/15/2022
Intercom,SF Bay Area,124,11/14/2022,0.13,Support,Series D,240,United States,11/14/2022
Science 37 ,Los Angeles,90,11/14/2022,,Healthcare,Post-IPO,347,United States,11/14/2022
Pear Therapeutics,Boston,59,11/14/2022,0.22,Healthcare,Post-IPO,409,United States,11/17/2022
Cardlytics,Atlanta,51,11/14/2022,,Marketing,Post-IPO,212,United States,11/15/2022
Cloudinary,SF Bay Area,40,11/14/2022,0.08,Media,Unknown,100,United States,11/17/2022
Nestcoin,"Lagos, Non-U.S.",30,11/14/2022,,Crypto,Seed,6,Nigeria,11/20/2022
Gokada,"Lagos, Non-U.S.",20,11/14/2022,,Transportation,Unknown,12,Nigeria,2/2/2023
Shopee,"Jakarta, Non-U.S.",,11/14/2022,,Food,Unknown,,Indonesia,11/15/2022
Tricida,SF Bay Area,,11/14/2022,0.57,Healthcare,Post-IPO,624,United States,1/19/2023
Veev,SF Bay Area,100,11/11/2022,0.3,Real Estate,Series D,597,United States,11/12/2022
Forto,"Berlin, Non-U.S.",60,11/11/2022,0.08,Logistics,Series D,593,Germany,1/4/2023
Chipax,"Santiago, Non-U.S.",,11/11/2022,,Finance,Seed,2,Chile,12/14/2022
Juniper,Atlanta,,11/11/2022,,Marketing,Acquired,,United States,11/17/2022
Offerpad,Phoenix,,11/11/2022,0.07,Real Estate,Post-IPO,355,United States,11/17/2022
GoTo Group,"Jakarta, Non-U.S.",1300,11/10/2022,0.12,Transportation,Post-IPO,1300,Indonesia,11/11/2022
Juul,SF Bay Area,400,11/10/2022,0.3,Consumer,Unknown,1500,United States,11/10/2022
Blend,SF Bay Area,100,11/10/2022,0.06,Finance,Post-IPO,665,United States,12/9/2022
InfluxData,SF Bay Area,65,11/10/2022,0.27,Data,Series D,119,United States,11/12/2022
Coinbase,SF Bay Area,60,11/10/2022,,Crypto,Post-IPO,549,United States,11/10/2022
SoundHound,SF Bay Area,45,11/10/2022,0.1,Other,Post-IPO,326,United States,11/10/2022
Wistia,Boston,40,11/10/2022,,Marketing,Unknown,18,United States,11/11/2022
Ocavu,Lehi,20,11/10/2022,0.48,Crypto,Series A,11,United States,11/12/2022
Avast,Phoenix,,11/10/2022,0.25,Security,Unknown,,United States,11/17/2022
Reforge,SF Bay Area,,11/10/2022,,Education,Series B,81,United States,11/12/2022
SendCloud,"Eindhoven, Non-U.S.",,11/10/2022,0.1,Logistics,Series C,200,Netherlands,11/10/2022
Voly,"Sydney, Non-U.S.",,11/10/2022,,Food,Seed,13,Australia,11/17/2022
Wavely,SF Bay Area,,11/10/2022,1,HR,Unknown,,United States,11/11/2022
ZenBusiness,Austin,,11/10/2022,,Other,Series C,277,United States,11/11/2022
Meta,SF Bay Area,11000,11/9/2022,0.13,Consumer,Post-IPO,26000,United States,11/9/2022
Redfin,Seattle,862,11/9/2022,0.13,Real Estate,Post-IPO,320,United States,11/9/2022
Flyhomes,Seattle,300,11/9/2022,0.4,Real Estate,Series C,310,United States,11/10/2022
AvantStay,Los Angeles,144,11/9/2022,0.22,Travel,Private Equity,686,United States,11/11/2022
Root Insurance,Columbus,137,11/9/2022,0.2,Finance,Post-IPO,527,United States,11/10/2022
Liftoff,SF Bay Area,130,11/9/2022,0.15,Marketing,Acquired,6,United States,11/17/2022
Cameo,Chicago,80,11/9/2022,,Consumer,Unknown,165,United States,11/9/2022
Plum,"Bengaluru, Non-U.S.",36,11/9/2022,0.1,Healthcare,Series A,20,India,11/11/2022
Kabam,SF Bay Area,35,11/9/2022,0.07,Consumer,Acquired,244,United States,11/9/2022
HighRadius,"Bengaluru, Non-U.S.",25,11/9/2022,,Finance,Series C,475,India,12/7/2022
Namogoo,"Tel Aviv, Non-U.S.",25,11/9/2022,0.15,Marketing,Series C,69,Israel,1/24/2023
Amobee,SF Bay Area,,11/9/2022,,Marketing,Acquired,72,United States,11/13/2022
CloudFactory,"Nairobi, Non-U.S.",,11/9/2022,0.12,Data,Private Equity,78,Kenya,11/20/2022
Coursera,SF Bay Area,,11/9/2022,,Education,Post-IPO,458,United States,11/10/2022
Faze Medicines,Boston,,11/9/2022,1,Healthcare,Series B,81,United States,11/12/2022
RingCentral,SF Bay Area,,11/9/2022,0.1,Other,Post-IPO,44,United States,11/10/2022
Spotify,"Stockholm, Non-U.S.",,11/9/2022,,Media,Post-IPO,2100,Sweden,11/10/2022
EverBridge,Boston,200,11/8/2022,,Other,Post-IPO,476,United States,1/19/2023
Repertoire Immune Medicines,Boston,65,11/8/2022,0.5,Healthcare,Series B,257,United States,11/9/2022
Astra,SF Bay Area,,11/8/2022,0.16,Aerospace,Post-IPO,300,United States,11/9/2022
Beat,"Athens, Non-U.S.",,11/8/2022,,Transportation,Series B,6,Greece,11/11/2022
NanoString,Seattle,,11/8/2022,0.1,Healthcare,Post-IPO,731,United States,11/17/2022
SADA,Los Angeles,,11/8/2022,0.11,Other,Acquired,,United States,11/9/2022
Salesforce,SF Bay Area,1000,11/7/2022,0.01,Sales,Post-IPO,65,United States,11/9/2022
Unacademy,"Bengaluru, Non-U.S.",350,11/7/2022,0.1,Education,Series H,838,India,11/7/2022
Zendesk,SF Bay Area,350,11/7/2022,0.05,Support,Acquired,85,United States,11/7/2022
Dock,"Sao Paulo, Non-U.S.",190,11/7/2022,0.12,Finance,Private Equity,280,Brazil,11/8/2022
Code42,Minneapolis,,11/7/2022,0.15,Security,Unknown,137,United States,11/8/2022
Domino Data Lab,SF Bay Area,,11/7/2022,0.25,Data,Series F,223,United States,11/8/2022
Varonis,New York City,110,11/6/2022,0.05,Security,Post-IPO,30,United States,11/6/2022
Brainly,"Krakow, Non-U.S.",25,11/6/2022,,Education,Series D,148,Poland,11/7/2022
Practically,"Hyderabad, Non-U.S.",,11/6/2022,,Education,Unknown,14,India,11/6/2022
Twitter,SF Bay Area,3700,11/4/2022,0.5,Consumer,Post-IPO,12900,United States,11/4/2022
Udaan,"Bengaluru, Non-U.S.",350,11/4/2022,,Retail,Unknown,1500,India,11/5/2022
Planetly,"Berlin, Non-U.S.",200,11/4/2022,1,Other,Acquired,5,Germany,11/5/2022
KoinWorks,"Jakarta, Non-U.S.",70,11/4/2022,0.08,Finance,Unknown,180,Indonesia,11/27/2022
Exodus,Nebraska City,59,11/4/2022,0.22,Crypto,Unknown,60,United States,11/12/2022
Benitago Group,New York City,,11/4/2022,0.14,Retail,Series A,380,United States,11/5/2022
Mythical Games,Los Angeles,,11/4/2022,0.1,Crypto,Series C,260,United States,11/6/2022
Stripe,SF Bay Area,1000,11/3/2022,0.14,Finance,Series H,2300,United States,11/3/2022
Lyft,SF Bay Area,700,11/3/2022,0.13,Transportation,Post-IPO,4900,United States,11/3/2022
LendingTree,Charlotte,200,11/3/2022,,Finance,Post-IPO,,United States,1/23/2023
Pleo,"Copenhagen, Non-U.S.",150,11/3/2022,0.15,Finance,Series C,428,Denmark,11/3/2022
Delivery Hero,"Berlin, Non-U.S.",100,11/3/2022,,Food,Post-IPO,8300,Germany,11/5/2022
Shippo,SF Bay Area,60,11/3/2022,0.2,Logistics,Series E,154,United States,11/4/2022
Affirm,SF Bay Area,,11/3/2022,0.01,Finance,Post-IPO,1500,United States,11/4/2022
CloudKitchens,Los Angeles,,11/3/2022,,Real Estate,Unknown,1300,United States,11/4/2022
LiveRamp,SF Bay Area,,11/3/2022,0.1,Marketing,Post-IPO,16,United States,11/5/2022
Provi,Chicago,,11/3/2022,,Food,Series C,150,United States,11/5/2022
Rubius,Boston,,11/3/2022,0.82,Healthcare,Post-IPO,445,United States,11/17/2022
Snapdocs,SF Bay Area,,11/3/2022,0.15,Real Estate,Series D,253,United States,11/5/2022
Studio,SF Bay Area,,11/3/2022,,Education,Series B,50,United States,11/5/2022
Opendoor,SF Bay Area,550,11/2/2022,0.18,Real Estate,Post-IPO,1900,United States,11/2/2022
Chime,SF Bay Area,156,11/2/2022,0.12,Finance,Series G,2300,United States,11/2/2022
Chargebee,SF Bay Area,142,11/2/2022,0.1,Finance,Series H,468,United States,11/3/2022
Dapper Labs,"Vancouver, Non-U.S.",134,11/2/2022,0.22,Crypto,Series D,607,Canada,11/3/2022
Checkmarx,"Tel Aviv, Non-U.S.",100,11/2/2022,0.1,Security,Series C,92,Israel,11/2/2022
Smava,"Berlin, Non-U.S.",100,11/2/2022,0.15,Finance,Unknown,188,Germany,11/3/2022
Iron Ox,SF Bay Area,50,11/2/2022,0.5,Food,Series C,103,United States,11/3/2022
Digital Currency Gruop,Stamford,10,11/2/2022,0.13,Crypto,Unknown,,United States,11/3/2022
BitMEX,Non-U.S.,,11/2/2022,0.3,Crypto,Seed,,Seychelles,11/3/2022
Signicat,Trondheim,,11/2/2022,,Security,Acquired,8,Norway,11/7/2022
Argo AI,SF Bay Area,259,11/1/2022,,Transportation,Unknown,3600,United States,1/5/2023
Booking.com,Grand Rapids,226,11/1/2022,,Travel,Acquired,,United States,11/3/2022
Oracle,SF Bay Area,200,11/1/2022,,Other,Post-IPO,,United States,11/17/2022
Upstart,SF Bay Area,140,11/1/2022,0.07,Finance,Post-IPO,144,United States,11/1/2022
Gem,SF Bay Area,100,11/1/2022,0.33,Recruiting,Series C,148,United States,11/1/2022
Oda,"Oslo, Non-U.S.",70,11/1/2022,0.18,Food,Unknown,377,Sweden,11/1/2022
Oda,"Oslo, Non-U.S.",70,11/1/2022,0.18,Food,Unknown,477,Norway,11/11/2022
Oda,"Oslo, Non-U.S.",70,11/1/2022,0.06,Food,Unknown,479,Norway,11/30/2022
Hootsuite,"Vancouver, Non-U.S.",50,11/1/2022,0.05,Marketing,Series C,300,Canada,11/1/2022
Drop,"Toronto, Non-U.S.",24,11/1/2022,,Marketing,Series B,56,Canada,11/3/2022
Tapps Games,"Sao Paulo, Non-U.S.",10,11/1/2022,,Consumer,Unknown,,Brazil,1/21/2023
Brightline,SF Bay Area,,11/1/2022,0.2,Healthcare,Series C,212,United States,11/1/2022
Help Scout,Boston,,11/1/2022,,Support,Series B,28,United States,11/12/2022
Kry,"Stockholm, Non-U.S.",300,10/31/2022,0.1,Healthcare,Series D,568,Sweden,11/1/2022
Notarize,Boston,60,10/31/2022,,Legal,Series D,213,United States,11/1/2022
EquityZen,New York City,30,10/31/2022,0.27,Finance,Series B,11,United States,11/1/2022
Equitybee,SF Bay Area,25,10/31/2022,0.2,Finance,Series B,85,United States,10/31/2022
Dukaan,"Bengaluru, Non-U.S.",23,10/31/2022,,Retail,Series A,17,India,10/31/2022
Doubtnut,"Gurugram, Non-U.S.",,10/31/2022,0.3,Education,Series B,49,India,4/14/2023
Amazon,Seattle,150,10/28/2022,,Retail,Post-IPO,108,United States,1/11/2023
Fifth Season,Pittsburgh,100,10/28/2022,1,Food,Series B,35,United States,10/30/2022
Advata,Seattle,32,10/28/2022,0.21,Healthcare,,,United States,10/31/2022
Springlane,"Düsseldorf, Non-U.S.",,10/28/2022,0.35,Food,Series C,11,Germany,10/28/2022
RenoRun,"Montreal, Non-U.S.",210,10/27/2022,0.43,Construction,Series B,163,Canada,10/28/2022
Recharge,Los Angeles,84,10/27/2022,0.17,Finance,Series B,277,United States,10/28/2022
Lattice,SF Bay Area,13,10/27/2022,,HR,Series F,328,United States,11/3/2022
GoNuts,"Mumbai, Non-U.S.",,10/27/2022,1,Media,Seed,,India,10/30/2022
Spreetail,Austin,,10/27/2022,,Retail,,,United States,10/28/2022
Seagate,SF Bay Area,3000,10/26/2022,0.08,Hardware,Post-IPO,,United States,4/1/2023
MindBody,San Luis Obispo,400,10/26/2022,0.15,Fitness,Post-IPO,114,United States,10/26/2022
Zillow,Seattle,300,10/26/2022,0.05,Real Estate,Post-IPO,97,United States,10/26/2022
Cybereason,Boston,200,10/26/2022,0.17,Security,Series F,750,United States,10/26/2022
Argo AI,Pittsburgh,173,10/26/2022,,Transportation,Unknown,3600,United States,10/26/2022
GoFundMe,SF Bay Area,94,10/26/2022,0.12,Finance,Series A,,United States,10/26/2022
Carbon,SF Bay Area,,10/26/2022,,Hardware,Series E,683,United States,1/4/2023
Fundbox,SF Bay Area,150,10/25/2022,0.42,Finance,Series D,553,United States,10/25/2022
Embroker,SF Bay Area,30,10/25/2022,0.12,Finance,Series C,142,United States,10/26/2022
Vee,"Tel Aviv, Non-U.S.",17,10/25/2022,0.5,HR,Seed,15,Israel,10/25/2022
Callisto Media,SF Bay Area,,10/25/2022,0.35,Media,Series D,,United States,10/26/2022
Convoy,Seattle,,10/25/2022,,Logistics,Series E,1100,United States,10/25/2022
Philips,"Amsterdam, Non-U.S.",4000,10/24/2022,0.05,Healthcare,Post-IPO,,Netherlands,1/21/2023
Cerebral,SF Bay Area,400,10/24/2022,0.2,Healthcare,Series C,462,United States,10/24/2022
Snyk,Boston,198,10/24/2022,0.14,Security,Series F,849,United States,10/24/2022
McMakler,"Berlin, Non-U.S.",100,10/24/2022,,Real Estate,Unknown,214,Germany,10/25/2022
Unico,"Sao Paulo, Non-U.S.",50,10/24/2022,0.04,Other,Series D,336,Brazil,1/18/2023
OrCam,"Jerusalem, Non-U.S.",62,10/23/2022,0.16,Healthcare,Unknown,86,Israel,10/24/2022
Antidote Health,"Tel Aviv, Non-U.S.",23,10/23/2022,0.38,Healthcare,Unknown,36,Israel,10/24/2022
Khoros,Austin,120,10/21/2022,0.1,Sales,Private Equity,138,United States,10/22/2022
F5,Seattle,100,10/21/2022,0.01,Security,Post-IPO,,United States,11/17/2022
Elinvar,"Berlin, Non-U.S.",43,10/21/2022,0.33,Finance,Unknown,30,Germany,10/24/2022
Synapsica,"New Delhi, Non-U.S.",30,10/21/2022,0.3,Healthcare,Series A,4,India,10/22/2022
Volta,SF Bay Area,,10/21/2022,0.54,Transportation,Post-IPO,575,United States,10/22/2022
Hotmart,"Belo Horizonte, Non-U.S.",227,10/20/2022,0.12,Marketing,Series C,127,Brazil,10/22/2022
Zeus Living,SF Bay Area,64,10/20/2022,0.46,Real Estate,Series C,151,United States,10/21/2022
Loom,SF Bay Area,23,10/20/2022,0.11,Product,Series C,203,United States,10/20/2022
Sales Boomerang,Baltimore,20,10/20/2022,,Sales,Private Equity,5,United States,11/1/2022
Arrival,"London, Non-U.S.",,10/20/2022,,Transportation,Post-IPO,629,United Kingdom,10/22/2022
Roofstock,SF Bay Area,,10/20/2022,0.2,Real Estate,Series E,365,United States,10/22/2022
Starry,Boston,,10/20/2022,0.5,Other,Post-IPO,260,United States,10/20/2022
Gopuff,Philadelphia,250,10/19/2022,,Food,Series H,3400,United States,10/20/2022
AtoB,SF Bay Area,32,10/19/2022,0.3,Finance,Series B,177,United States,10/19/2022
InfoSum,"London, Non-U.S.",20,10/19/2022,0.12,Security,Series B,88,United Kingdom,11/10/2022
Clever Real Estate,St. Louis,,10/19/2022,,Real Estate,Series B,13,United States,10/20/2022
Collibra,"Brussels, Non-U.S.",,10/19/2022,,Data,Series G,596,Belgium,11/3/2022
Side,SF Bay Area,,10/19/2022,,Real Estate,Unknown,313,United States,11/7/2022
Faire,SF Bay Area,84,10/18/2022,0.07,Retail,Series G,1700,United States,11/4/2022
Leafly,Seattle,56,10/18/2022,0.21,Retail,Post-IPO,71,United States,10/19/2022
Ada Health,"Berlin, Non-U.S.",50,10/17/2022,,Healthcare,Series B,189,Germany,10/26/2022
Tiendanube,Buenos Aires,50,10/17/2022,0.05,Marketing,Unknown,,Argentina,11/6/2022
Microsoft,Seattle,,10/17/2022,,Other,Post-IPO,1,United States,11/15/2022
Nuri,"Berlin, Non-U.S.",,10/17/2022,1,Crypto,Series B,42,Germany,10/19/2022
Flipboard,SF Bay Area,24,10/16/2022,0.21,Media,Unknown,235,United States,10/20/2022
Huawei,"Shenzen, Non-U.S.",,10/16/2022,,Hardware,Unknown,,China,2/6/2023
Clear Capital,Reno,378,10/14/2022,0.27,Real Estate,Unknown,,United States,10/15/2022
Beyond Meat,Los Angeles,200,10/14/2022,0.19,Food,Post-IPO,122,United States,10/14/2022
Beyond Meat,Los Angeles,200,10/14/2022,0.19,Food,Post-IPO,122,United States,11/7/2023
Flux Systems,"London, Non-U.S.",,10/14/2022,1,Finance,Unknown,9,United Kingdom,10/15/2022
Qin1,"Noida, Non-U.S.",,10/14/2022,1,Education,Seed,,India,10/15/2022
Salesforce,SF Bay Area,90,10/13/2022,,Sales,Post-IPO,65,United States,10/14/2022
Playdots,New York City,65,10/13/2022,1,Consumer,Acquired,10,United States,11/5/2022
ExtraHop,Seattle,,10/13/2022,,Security,Series C,61,United States,10/15/2022
Byju's,"Bengaluru, Non-U.S.",2500,10/12/2022,0.05,Education,Private Equity,5500,India,10/12/2022
6sense,SF Bay Area,150,10/12/2022,0.1,Sales,Series E,426,United States,10/14/2022
Sinch,"Stockholm, Non-U.S.",150,10/12/2022,,Other,Post-IPO,1500,Sweden,2/1/2023
FrontRow,"Bengaluru, Non-U.S.",130,10/12/2022,0.75,Education,Series A,17,India,10/13/2022
Noom,New York City,500,10/11/2022,0.1,Healthcare,Series F,657,United States,10/12/2022
MX,Lehi,200,10/11/2022,,Finance,Series C,450,United States,10/12/2022
Brex,SF Bay Area,136,10/11/2022,0.11,Finance,Series D,1500,United States,10/11/2022
Pacaso,SF Bay Area,100,10/11/2022,0.3,Real Estate,Series C,217,United States,10/13/2022
Sketch,"The Hague, Non-U.S.",80,10/11/2022,,Other,Series A,20,Netherlands,10/11/2022
Udacity,SF Bay Area,55,10/11/2022,0.13,Education,Unknown,235,United States,10/11/2022
Linkfire,"Copenhagen, Non-U.S.",35,10/11/2022,0.35,Marketing,Seed,2,Denmark,10/26/2022
Emitwise,"London, Non-U.S.",,10/11/2022,,Energy,Series A,16,United Kingdom,10/13/2022
GSR,"Hong Kong, Non-U.S.",,10/11/2022,,Crypto,Unknown,,Hong Kong,10/12/2022
VanHack,"Vancouver, Non-U.S.",,10/11/2022,,HR,Seed,,Canada,10/14/2022
HelloFresh,SF Bay Area,611,10/10/2022,,Food,Post-IPO,367,United States,10/16/2022
SurveyMonkey,SF Bay Area,180,10/10/2022,0.11,Marketing,Post-IPO,1100,United States,10/13/2022
Pavilion Data,SF Bay Area,96,10/10/2022,0.96,Infrastructure,Series D,103,United States,10/25/2022
Redesign Health,New York City,67,10/10/2022,0.2,Healthcare,Series C,315,United States,10/10/2022
Nyriad,Austin,,10/10/2022,0.33,Infrastructure,Unknown,58,United States,10/25/2022
Collage.com,Detroit,,10/9/2022,1,Retail,Acquired,,United States,4/3/2023
BioMarin,SF Bay Area,120,10/7/2022,0.04,Healthcare,Post-IPO,585,United States,11/19/2022
Rev.com,Austin,85,10/7/2022,,Data,Series D,30,United States,10/12/2022
Crypto.com,"Singapore, Non-U.S.",2000,10/6/2022,0.3,Crypto,Unknown,156,Singapore,10/7/2022
Peloton,New York City,500,10/6/2022,0.12,Fitness,Post-IPO,1900,United States,10/6/2022
Landing,Birmingham,110,10/6/2022,,Real Estate,Series C,347,United States,10/7/2022
Turnitin,SF Bay Area,51,10/6/2022,0.05,Education,Acquired,,United States,10/8/2022
Impossible Foods,SF Bay Area,50,10/6/2022,0.06,Food,Series H,1900,United States,10/7/2022
Atome,"Singapore, Non-U.S.",,10/6/2022,,Finance,Unknown,645,Singapore,11/27/2022
First AML,"Auckland, Non-U.S.",,10/6/2022,,Finance,Series B,29,New Zealand,10/7/2022
Foresight Insurance,SF Bay Area,,10/6/2022,0.4,Finance,Series B,58,United States,12/1/2022
Spotify,"Stockholm, Non-U.S.",,10/6/2022,,Media,Post-IPO,2100,Sweden,10/7/2022
Built In,Chicago,50,10/5/2022,0.25,Recruiting,Series C,29,United States,10/5/2022
TwinStrand,Seattle,,10/5/2022,0.5,Healthcare,Series B,73,United States,10/7/2022
8x8,SF Bay Area,200,10/4/2022,0.09,Support,Post-IPO,253,United States,1/18/2023
Zoomo,"Sydney, Non-U.S.",65,10/4/2022,0.16,Transportation,Series B,105,Australia,10/5/2022
Homie,Salt Lake City,40,10/4/2022,0.13,Real Estate,Series B,35,United States,10/6/2022
Fivetran,SF Bay Area,,10/4/2022,0.05,Data,Series D,,United States,10/5/2022
Xendit,"Jakarta, Non-U.S.",,10/4/2022,0.05,Finance,Series D,534,Indonesia,10/5/2022
ActiveCampaign,Chicago,,10/3/2022,0.15,Marketing,Series C,360,United States,10/7/2022
Tempo,SF Bay Area,,10/3/2022,,Fitness,Series C,298,United States,10/8/2022
WazirX,"Mumbai, Non-U.S.",60,10/2/2022,0.4,Crypto,Acquired,,India,10/2/2022
Spin,SF Bay Area,78,9/30/2022,0.1,Transportation,Acquired,8,United States,10/3/2022
Carsome,"Kuala Lumpur, Non-U.S.",,9/30/2022,0.1,Transportation,Series E,607,Malaysia,9/30/2022
Pastel,SF Bay Area,,9/30/2022,1,Food,Unknown,,United States,10/8/2022
Truepill,SF Bay Area,,9/30/2022,,Healthcare,Series D,255,United States,9/30/2022
Westwing,"Munich, Non-U.S.",125,9/29/2022,,Retail,Post-IPO,237,Germany,10/4/2022
Mux,SF Bay Area,40,9/29/2022,0.2,Infrastructure,Series D,173,United States,10/2/2022
Solarisbank,"Berlin, Non-U.S.",,9/29/2022,0.1,Finance,Unknown,385,Germany,9/30/2022
Zenjob,"Berlin, Non-U.S.",,9/29/2022,,HR,Series D,107,Germany,9/30/2022
DocuSign,SF Bay Area,671,9/28/2022,0.09,Sales,Post-IPO,536,United States,9/28/2022
Front,SF Bay Area,,9/28/2022,,Support,Series D,203,United States,11/12/2022
Volta,SF Bay Area,,9/28/2022,0.1,Transportation,Post-IPO,575,United States,10/3/2022
Divvy Homes,SF Bay Area,40,9/27/2022,0.12,Real Estate,Series B,180,United States,9/28/2022
Graphcore,"Bristol, Non-U.S.",,9/27/2022,,Data,Unknown,692,United Kingdom,11/23/2022
Instacart,SF Bay Area,,9/24/2022,,Food,Unknown,2900,United States,9/26/2022
Konfio,"Mexico City, Non-U.S.",180,9/23/2022,,Finance,Series E,706,Mexico,11/10/2022
Moss,"Berlin, Non-U.S.",70,9/23/2022,0.15,Finance,Series B,150,Germany,9/24/2022
Foxtrot,Chicago,26,9/23/2022,0.035,Food,Series C,166,United States,9/24/2022
Truiloo,"Vancouver, Non-U.S.",24,9/23/2022,0.05,Security,Series D,474,Canada,9/19/2022
Pesto,SF Bay Area,,9/23/2022,1,Other,Seed,6,United States,9/24/2022
NYDIG,New York City,110,9/22/2022,0.33,Crypto,Private Equity,1400,United States,10/14/2022
Klarna,"Stockholm, Non-U.S.",100,9/22/2022,,Finance,Unknown,3700,Sweden,9/22/2022
Made.com,"London, Non-U.S.",,9/22/2022,0.35,Retail,Series D,136,United Kingdom,9/24/2022
Kitty Hawk,SF Bay Area,100,9/21/2022,1,Aerospace,Unknown,1,United States,9/22/2022
Candidate Labs,SF Bay Area,,9/21/2022,,HR,Seed,5,United States,10/4/2022
Compass,New York City,271,9/20/2022,,Real Estate,Post-IPO,1600,United States,9/21/2022
Curative,Los Angeles,109,9/20/2022,,Healthcare,Seed,8,United States,9/21/2022
Ada,"Toronto, Non-U.S.",78,9/20/2022,0.16,Support,Series C,190,Canada,9/21/2022
99,"Sao Paulo, Non-U.S.",75,9/20/2022,0.02,Transportation,Acquired,244,Brazil,9/21/2022
Ouster,SF Bay Area,,9/20/2022,0.1,Transportation,Post-IPO,282,United States,9/24/2022
Zappos,Las Vegas,,9/20/2022,0.04,Retail,Acquired,62,United States,9/24/2022
Ola,"Bengaluru, Non-U.S.",200,9/19/2022,,Transportation,Series J,5000,India,9/19/2022
Vesalius Therapeutics,Boston,29,9/19/2022,0.43,Healthcare,Series B,75,United States,9/21/2022
VideoAmp,Los Angeles,,9/19/2022,0.02,Marketing,Series F,456,United States,9/21/2022
Shopee,"Jakarta, Non-U.S.",,9/18/2022,,Food,Unknown,,Indonesia,9/19/2022
Clear,"Bengaluru, Non-U.S.",190,9/16/2022,0.2,Finance,Series C,140,India,9/17/2022
TrueLayer,"London, Non-U.S.",40,9/16/2022,0.1,Finance,Series E,271,United Kingdom,9/16/2022
LivePerson,New York City,193,9/15/2022,0.11,Support,Post-IPO,42,United States,9/16/2022
Acast,"Stockholm, Non-U.S.",70,9/15/2022,0.15,Media,Post-IPO,126,Sweden,9/15/2022
WorkRamp,SF Bay Area,35,9/15/2022,0.2,HR,Series C,67,United States,9/21/2022
DayTwo,SF Bay Area,,9/15/2022,,Healthcare,Series B,90,United States,9/16/2022
NextRoll,SF Bay Area,,9/15/2022,0.07,Marketing,Unknown,108,United States,9/21/2022
Twilio,SF Bay Area,800,9/14/2022,0.11,Other,Post-IPO,614,United States,9/14/2022
Pitch,"Berlin, Non-U.S.",59,9/14/2022,0.3,Marketing,Series B,137,Germany,9/14/2022
Infarm,"Berlin, Non-U.S.",50,9/14/2022,0.05,Other,Series D,604,Germany,9/15/2022
Netflix,SF Bay Area,30,9/14/2022,,Media,Post-IPO,121900,United States,9/16/2022
Bitrise,"Budapest, Non-U.S.",,9/14/2022,0.14,Infrastructure,Series C,83,Hungary,9/15/2022
Rubius,Boston,160,9/13/2022,0.75,Healthcare,Post-IPO,445,United States,11/17/2022
Checkout.com,"London, Non-U.S.",100,9/13/2022,0.05,Finance,Series D,1800,United Kingdom,9/14/2022
Taboola,New York City,100,9/13/2022,0.06,Marketing,Post-IPO,445,United States,9/13/2022
Patreon,SF Bay Area,80,9/13/2022,0.17,Media,Series F,413,United States,9/13/2022
FullStory,Atlanta,,9/13/2022,0.12,Marketing,Unknown,197,United States,9/9/2022
Propzy,"Ho Chi Minh City, Non-U.S.",,9/13/2022,1,Real Estate,Series A,33,Vietnam,9/15/2022
Quicko,"Sao Paulo, Non-U.S.",60,9/12/2022,,Transportation,Acquired,28,Brazil,9/13/2022
Mode Analytics,SF Bay Area,25,9/12/2022,,Data,Series D,81,United States,9/22/2022
Compete,Tel Aviv,11,9/12/2022,0.28,HR,Series A,17,Israel,9/13/2022
Karbon,SF Bay Area,,9/12/2022,0.23,Other,Series B,91,United States,9/15/2022
Rent the Runway,New York City,,9/12/2022,0.24,Retail,Post-IPO,526,United States,9/13/2022
Sama,SF Bay Area,,9/12/2022,,Data,Series B,84,United States,11/8/2022
SkipTheDishes,"Winnipeg, Non-U.S.",350,9/9/2022,,Food,Acquired,6,Canada,9/11/2022
Brighte,"Sydney, Non-U.S.",58,9/9/2022,,Energy,Series C,145,Australia,10/7/2022
Patreon,SF Bay Area,5,9/9/2022,,Media,Series F,413,United States,9/9/2022
Amber Group,"Hong Kong, Non-U.S.",,9/9/2022,0.1,Crypto,Series B,328,Hong Kong,9/11/2022
Capiter,"Cairo, Non-U.S.",,9/9/2022,,Finance,Series A,33,Egypt,9/13/2022
CommonBond,New York City,,9/9/2022,1,Finance,Series D,125,United States,9/11/2022
DreamBox Learning,Seattle,,9/9/2022,,Education,Acquired,175,United States,9/9/2022
Flowhub,Denver,,9/9/2022,0.15,Retail,Unknown,45,United States,9/10/2022
Lido Learning,"Mumbai, Non-U.S.",,9/9/2022,1,Education,Series C,20,India,9/10/2022
GoStudent,"Vienna, Non-U.S.",200,9/8/2022,,Education,Series D,686,Austria,9/9/2022
Pomelo Fashion,"Bangkok, Non-U.S.",55,9/8/2022,0.08,Retail,Unknown,120,Thailand,9/10/2022
Genome Medical,SF Bay Area,23,9/8/2022,,Healthcare,Series C,120,United States,9/9/2022
BigBear.ai,Baltimore,,9/8/2022,0.07,Data,Post-IPO,200,United States,9/9/2022
Realtor.com,SF Bay Area,,9/8/2022,,Real Estate,Acquired,,United States,9/10/2022
Simple Feast,"Copenhagen, Non-U.S.",150,9/7/2022,1,Food,Unknown,173,Denmark,9/13/2022
Foodpanda,"Singapore, Non-U.S.",60,9/7/2022,,Food,Acquired,749,Singapore,9/5/2022
Uber,"Vilnius, Non-U.S.",60,9/7/2022,,Transportation,Post-IPO,24700,Lithuania,9/9/2022
Rupeek,"Bengaluru, Non-U.S.",50,9/7/2022,,Finance,Unknown,172,India,9/8/2022
Intercom,SF Bay Area,49,9/7/2022,0.05,Support,Series D,240,United States,9/8/2022
Pendo,Raleigh,45,9/7/2022,0.05,Product,Series F,469,United States,9/10/2022
Demandbase,SF Bay Area,27,9/7/2022,0.03,Sales,Series H,143,United States,9/9/2022
Firebolt,"Tel Aviv, Non-U.S.",,9/7/2022,,Data,Series C,264,Israel,9/8/2022
Medly,New York City,,9/7/2022,0.5,Healthcare,Series C,100,United States,9/8/2022
Xsight Labs,"Tel Aviv, Non-U.S.",,9/7/2022,,Other,Series D,100,Israel,9/8/2022
Brave Care,Portland,40,9/6/2022,0.33,Healthcare,Series B,42,United States,9/8/2022
Lawgeex,"Tel Aviv, Non-U.S.",30,9/6/2022,0.33,Legal,Series C,41,Israel,9/6/2022
Juniper Square,SF Bay Area,,9/6/2022,0.14,Real Estate,Series C,108,United States,9/6/2022
Medium,SF Bay Area,,9/6/2022,0.25,Media,Unknown,163,United States,9/8/2022
Kuda,"Lagos, Non-U.S.",23,9/2/2022,0.05,Finance,Series B,91,Nigeria,9/5/2022
Alerzo,"Ibadan, Non-U.S.",,9/2/2022,,Retail,Series B,16,Nigeria,3/7/2023
Sea,"Singapore, Non-U.S.",,9/2/2022,,Consumer,Post-IPO,8600,Singapore,9/2/2022
2TM,"Sao Paulo, Non-U.S.",100,9/1/2022,0.15,Crypto,Unknown,250,Brazil,9/2/2022
Innovaccer,SF Bay Area,90,9/1/2022,0.08,Healthcare,Series E,379,United States,9/1/2022
Shopify,"Ottawa, Non-U.S.",70,9/1/2022,,Retail,Post-IPO,122,Canada,9/1/2022
Urban Sports Club,"Berlin, Non-U.S.",55,9/1/2022,0.15,Fitness,Unknown,95,Germany,9/1/2022
Hedvig,"Stockholm, Non-U.S.",12,9/1/2022,,Finance,Series B,67,Sweden,9/1/2022
Snap,Los Angeles,1280,8/31/2022,0.2,Consumer,Post-IPO,4900,United States,8/30/2022
GoodRx,Los Angeles,140,8/31/2022,0.16,Healthcare,Post-IPO,910,United States,9/1/2022
Smava,"Berlin, Non-U.S.",100,8/31/2022,0.1,Finance,Unknown,188,Germany,9/1/2022
Hippo Insurance,SF Bay Area,70,8/31/2022,0.1,Finance,Post-IPO,1300,United States,8/31/2022
Clari,SF Bay Area,45,8/31/2022,,Sales,Series F,496,United States,9/2/2022
Koo,"Bengaluru, Non-U.S.",40,8/31/2022,,Consumer,Series B,44,India,9/1/2022
TCR2,Boston,30,8/31/2022,0.2,Healthcare,Post-IPO,173,United States,1/20/2023
Apartment List,SF Bay Area,29,8/31/2022,0.1,Real Estate,Series D,169,United States,9/1/2022
Artnight,"Berlin, Non-U.S.",26,8/31/2022,0.36,Retail,Unknown,,Germany,9/1/2022
Snagajob,Richmond,,8/31/2022,,HR,Unknown,221,United States,9/15/2022
The Wing,New York City,,8/31/2022,1,Real Estate,Series C,117,United States,8/31/2022
Viamo,"Accra, Non-U.S.",,8/31/2022,,Other,Unknown,,Ghana,12/21/2022
Electric,New York City,81,8/30/2022,,Other,Series D,212,United States,9/30/2022
Immersive Labs,"Bristol, Non-U.S.",38,8/30/2022,0.1,Security,Series C,123,United Kingdom,9/1/2022
Nate,New York City,30,8/30/2022,,Retail,Series A,47,United States,8/30/2022
Meesho,"Bengaluru, Non-U.S.",300,8/29/2022,,Retail,Series F,1100,India,8/29/2022
54gene,Washington D.C.,95,8/29/2022,0.3,Healthcare,Series B,44,United States,8/30/2022
Fungible,SF Bay Area,,8/29/2022,,Crypto,Series C,310,United States,8/30/2022
Skillz,SF Bay Area,,8/29/2022,,Consumer,Post-IPO,287,United States,8/29/2022
Otonomo,"Tel Aviv, Non-U.S.",,8/28/2022,,Transportation,Post-IPO,231,Israel,10/26/2022
Zymergen,SF Bay Area,80,8/26/2022,,Other,Acquired,974,United States,8/26/2022
Okta,SF Bay Area,24,8/26/2022,,Security,Post-IPO,1200,United States,8/26/2022
Argyle,New York City,20,8/26/2022,0.07,Finance,Series B,78,United States,8/26/2022
Better.com,New York City,,8/26/2022,,Real Estate,Unknown,905,United States,8/30/2022
FreshDirect,Philadelphia,40,8/25/2022,,Food,Acquired,280,United States,8/26/2022
Loja Integrada,"Sao Paulo, Non-U.S.",25,8/25/2022,0.1,Retail,Acquired,,Brazil,8/26/2022
Impact.com,Los Angeles,,8/25/2022,0.1,Marketing,Private Equity,361,United States,8/25/2022
ShipBob,Chicago,,8/25/2022,0.07,Logistics,Series E,330,United States,8/26/2022
Reali,SF Bay Area,140,8/24/2022,1,Real Estate,Series B,117,United States,8/24/2022
Loop,Washington D.C.,15,8/24/2022,0.2,Finance,Series A,24,United States,8/25/2022
Pix,SF Bay Area,,8/24/2022,,Food,Unknown,,United States,8/24/2022
Tier Mobility,"Berlin, Non-U.S.",180,8/23/2022,0.16,Transportation,Series D,646,Germany,8/23/2022
Packable,New York City,138,8/23/2022,0.2,Retail,Unknown,472,United States,8/24/2022
Q4,"Toronto, Non-U.S.",50,8/23/2022,0.08,Other,Series C,91,Canada,8/24/2022
Skedulo,SF Bay Area,31,8/23/2022,0.08,HR,Series C,114,United States,8/29/2022
Plato,SF Bay Area,29,8/23/2022,0.5,HR,Seed,3,United States,8/26/2022
DataRobot,Boston,,8/23/2022,0.26,Data,Series G,1000,United States,8/23/2022
Kogan,"Melbourne, Non-U.S.",,8/23/2022,,Retail,Post-IPO,,Australia,8/25/2022
Skillshare,New York City,,8/23/2022,,Education,Unknown,136,United States,8/31/2022
Mr. Yum,"Melbourne, Non-U.S.",,8/22/2022,0.17,Food,Series A,73,Australia,8/23/2022
ShopX,"Bengaluru, Non-U.S.",,8/22/2022,1,Retail,Unknown,56,India,8/24/2022
NSO,"Tel Aviv, Non-U.S.",100,8/21/2022,0.14,Security,Seed,1,Israel,8/22/2022
Tufin,Boston,55,8/21/2022,0.1,Security,Acquired,21,United States,8/22/2022
Amperity,Seattle,13,8/20/2022,0.03,Marketing,Series D,187,United States,8/22/2022
Wayfair,Boston,870,8/19/2022,0.05,Retail,Post-IPO,1700,United States,8/19/2022
Stripe,SF Bay Area,50,8/19/2022,,Finance,Series H,2300,United States,8/19/2022
Hodlnaut,"Singapore, Non-U.S.",40,8/19/2022,0.8,Crypto,Unknown,,Singapore,8/20/2022
New Relic,SF Bay Area,110,8/18/2022,0.05,Infrastructure,Post-IPO,214,United States,8/18/2022
Wheel,Austin,35,8/18/2022,0.17,Healthcare,Series C,215,United States,9/1/2022
Petal,New York City,,8/18/2022,0.1,Finance,Series D,704,United States,8/22/2022
Thirty Madison,New York City,,8/18/2022,0.1,Healthcare,Series C,209,United States,8/18/2022
Vendasta,"Saskatoon, Non-U.S.",,8/18/2022,0.05,Marketing,Series D,178,Canada,8/20/2022
Malwarebytes,SF Bay Area,125,8/17/2022,0.14,Security,Series B,80,United States,8/17/2022
Fluke,"Sao Paulo, Non-U.S.",83,8/17/2022,0.82,Other,Seed,,Brazil,8/26/2022
Swyftx,"Brisbane, Non-U.S.",74,8/17/2022,0.21,Crypto,Unknown,,Australia,8/18/2022
Tempo Automation,SF Bay Area,54,8/17/2022,,Other,Series C,74,United States,8/17/2022
Genesis,New York City,52,8/17/2022,0.2,Crypto,Series A,,United States,8/17/2022
Warren,"Porto Alegre, Non-U.S.",50,8/17/2022,,Finance,Series C,104,Brazil,8/18/2022
AlayaCare,Montreal,80,8/16/2022,0.14,Healthcare,Series D,293,Canada,8/17/2022
Pliops,"Tel Aviv, Non-U.S.",12,8/16/2022,0.09,Data,Series D,205,Israel,8/18/2022
Woven,Indianapolis,5,8/16/2022,0.15,HR,Series A,11,United States,8/17/2022
Crypto.com,"Singapore, Non-U.S.",,8/16/2022,,Crypto,Unknown,156,Singapore,8/16/2022
Edmodo,SF Bay Area,,8/16/2022,1,Education,Acquired,77,United States,8/16/2022
Snapdocs,SF Bay Area,,8/16/2022,0.1,Real Estate,Series D,253,United States,11/5/2022
Updater,New York City,,8/16/2022,,Other,Unknown,467,United States,8/17/2022
Sema4,Stamford,250,8/15/2022,0.13,Healthcare,Post-IPO,791,United States,8/16/2022
Blend,SF Bay Area,220,8/15/2022,0.12,Finance,Post-IPO,665,United States,8/16/2022
ContraFect,New York City,16,8/15/2022,0.37,Healthcare,Post-IPO,380,United States,8/16/2022
ThredUp,Chicago,,8/15/2022,0.15,Retail,Post-IPO,305,United States,8/16/2022
Anywell,"Tel Aviv, Non-U.S.",11,8/14/2022,,Real Estate,Series A,15,Israel,8/14/2022
Almanac,SF Bay Area,,8/13/2022,,Other,Series A,45,United States,8/17/2022
Peloton,New York City,784,8/12/2022,0.13,Fitness,Post-IPO,1900,United States,8/12/2022
Core Scientific,Austin,,8/12/2022,0.1,Crypto,Post-IPO,169,United States,8/12/2022
Orbit,SF Bay Area,,8/12/2022,,Other,Series A,20,United States,8/17/2022
Truepill,SF Bay Area,175,8/11/2022,0.33,Healthcare,Series D,255,United States,8/12/2022
Calm,SF Bay Area,90,8/11/2022,0.2,Healthcare,Series C,218,United States,8/12/2022
FourKites,Chicago,60,8/11/2022,0.08,Logistics,Series D,201,United States,8/26/2022
Marketforce,"Nairobi, Non-U.S.",54,8/11/2022,0.09,Retail,Series A,42,Kenya,8/11/2022
Betterfly,"Santiago, Non-U.S.",30,8/11/2022,,Healthcare,Series C,204,Chile,8/12/2022
Expert360,"Sydney, Non-U.S.",7,8/11/2022,,Recruiting,Series C,26,Australia,8/15/2022
Guidewire,SF Bay Area,,8/11/2022,0.02,Finance,Post-IPO,24,United States,8/12/2022
Trybe,"Sao Paulo, Non-U.S.",47,8/10/2022,0.1,Education,Series B,40,Brazil,8/24/2022
Permutive,"London, Non-U.S.",30,8/10/2022,0.12,Marketing,Series C,105,United Kingdom,8/10/2022
Homeward,Austin,,8/10/2022,0.2,Real Estate,Series B,160,United States,8/10/2022
Pollen,"London, Non-U.S.",,8/10/2022,1,Marketing,Series C,238,United Kingdom,8/10/2022
Vedanta Biosciences,Boston,,8/10/2022,0.2,Healthcare,Series D,301,United States,8/17/2022
GoHealth,Chicago,800,8/9/2022,0.2,Healthcare,Post-IPO,75,United States,8/11/2022
Hootsuite,"Vancouver, Non-U.S.",400,8/9/2022,0.3,Marketing,Series C,300,Canada,8/9/2022
Nutanix,SF Bay Area,270,8/9/2022,0.04,Infrastructure,Post-IPO,1100,United States,8/9/2022
Quanterix,Boston,130,8/9/2022,0.25,Healthcare,Post-IPO,533,United States,11/17/2022
Wix,"Tel Aviv, Non-U.S.",100,8/9/2022,,Marketing,Post-IPO,58,Israel,8/9/2022
MadeiraMadeira,"Curitiba, Non-U.S.",60,8/9/2022,0.03,Retail,Series E,338,Brazil,8/9/2022
Melio,New York City,60,8/9/2022,,Finance,Series D,504,United States,8/9/2022
Linktree,"Melbourne, Non-U.S.",50,8/9/2022,0.17,Consumer,Unknown,165,Australia,8/9/2022
Shogun,SF Bay Area,48,8/9/2022,0.3,Retail,Series C,114,United States,8/10/2022
Absci,"Vancouver, Non-U.S.",40,8/9/2022,,Healthcare,Post-IPO,237,Canada,8/10/2022
Dooly,"Vancouver, Non-U.S.",12,8/9/2022,,Sales,Series B,102,Canada,8/10/2022
Berkeley Lights,SF Bay Area,,8/9/2022,0.12,Healthcare,Post-IPO,272,United States,8/9/2022
DailyPay,New York City,,8/9/2022,0.15,Finance,Unknown,814,United States,8/10/2022
Haus,SF Bay Area,,8/9/2022,1,Food,Seed,7,United States,8/10/2022
Kaltura,New York City,,8/9/2022,0.1,Media,Post-IPO,166,United States,8/9/2022
Shift,SF Bay Area,,8/9/2022,,Transportation,Post-IPO,504,United States,8/9/2022
Sweetgreen,Los Angeles,,8/9/2022,,Food,Post-IPO,478,United States,8/9/2022
Groupon,Chicago,500,8/8/2022,0.15,Retail,Post-IPO,1400,United States,8/8/2022
Loggi,"Sao Paulo, Non-U.S.",500,8/8/2022,0.15,Logistics,Series F,507,Brazil,8/9/2022
Vroom,New York City,337,8/8/2022,,Transportation,Post-IPO,1300,United States,8/9/2022
Warby Parker,New York City,63,8/8/2022,,Consumer,Post-IPO,535,United States,8/9/2022
Labelbox,SF Bay Area,36,8/8/2022,,Data,Series D,188,United States,8/11/2022
Perion,"Tel Aviv, Non-U.S.",20,8/8/2022,0.05,Marketing,Post-IPO,76,Israel,8/8/2022
Daily Harvest,New York City,,8/8/2022,0.15,Food,Series D,120,United States,8/10/2022
DataRobot,Boston,,8/8/2022,,Data,Series G,1000,United States,8/11/2022
iRobot,Boston,140,8/5/2022,0.1,Consumer,Acquired,30,United States,8/5/2022
Mejuri,"Toronto, Non-U.S.",50,8/5/2022,0.1,Retail,Series B,28,Canada,8/8/2022
Uberflip,"Toronto, Non-U.S.",31,8/5/2022,0.17,Marketing,Series A,42,Canada,8/5/2022
Slync,Dallas,,8/5/2022,,Logistics,Series B,76,United States,8/23/2022
Talkdesk,SF Bay Area,,8/5/2022,,Support,Series D,497,United States,8/5/2022
Doma,SF Bay Area,250,8/4/2022,0.13,Finance,Post-IPO,679,United States,8/5/2022
Article,"Vancouver, Non-U.S.",216,8/4/2022,0.17,Retail,Series B,,Canada,8/4/2022
Jam City,Los Angeles,200,8/4/2022,0.17,Consumer,Unknown,652,United States,8/4/2022
10X Genomics,SF Bay Area,100,8/4/2022,0.08,Healthcare,Post-IPO,242,United States,8/4/2022
LEAD,"Mumbai, Non-U.S.",80,8/4/2022,0.04,Education,Series E,166,India,8/4/2022
Zendesk,SF Bay Area,80,8/4/2022,,Support,Acquired,85,United States,8/5/2022
On Deck,SF Bay Area,73,8/4/2022,0.33,Education,Series A,20,United States,8/4/2022
RenoRun,"Montreal, Non-U.S.",70,8/4/2022,0.12,Construction,Series B,163,Canada,8/17/2022
RingCentral,SF Bay Area,50,8/4/2022,,Support,Post-IPO,44,United States,8/4/2022
Medly,New York City,,8/4/2022,0.16,Healthcare,Series C,100,United States,8/9/2022
Nomad,"Sao Paulo, Non-U.S.",,8/4/2022,0.2,Finance,Series B,290,Brazil,8/10/2022
StubHub,SF Bay Area,,8/4/2022,,Consumer,Acquired,59,United States,8/4/2022
Weedmaps,Los Angeles,,8/4/2022,0.1,Other,Acquired,,United States,8/16/2022
Zenius,"Jakarta, Non-U.S.",,8/4/2022,0.3,Education,Series B,20,Indonesia,8/4/2022
Healthcare.com,Miami,149,8/3/2022,,Healthcare,Series C,244,United States,8/4/2022
Unbounce,"Vancouver, Non-U.S.",47,8/3/2022,0.2,Marketing,Series A,39,Canada,8/3/2022
Beyond Meat,Los Angeles,40,8/3/2022,0.04,Food,Post-IPO,122,United States,8/4/2022
The Org,"New Delhi, New York City",13,8/3/2022,,HR,Series B,39,United States,8/4/2022
CarDekho,"Gurugram, Non-U.S.",,8/3/2022,,Transportation,Series E,497,India,8/4/2022
Puppet,Portland,,8/3/2022,0.15,Infrastructure,Acquired,189,United States,8/8/2022
SoundCloud,"Berlin, Non-U.S.",,8/3/2022,0.2,Consumer,Unknown,542,Germany,8/3/2022
Talkwalker,"Luxembourg, Non-U.S.",,8/3/2022,0.15,Marketing,Private Equity,9,Luxembourg,8/4/2022
Robinhood,SF Bay Area,713,8/2/2022,0.23,Finance,Post-IPO,5600,United States,8/2/2022
Latch,New York City,115,8/2/2022,0.37,Security,Post-IPO,342,United States,8/4/2022
Vedantu,"Bengaluru, Non-U.S.",100,8/2/2022,,Education,Series E,292,India,8/3/2022
Seegrid,Pittsburgh,90,8/2/2022,,Logistics,Unknown,107,United States,8/4/2022
Nylas,SF Bay Area,80,8/2/2022,0.25,Product,Series C,175,United States,8/2/2022
Outreach,Seattle,60,8/2/2022,0.05,Sales,Series G,489,United States,8/2/2022
Sendy,"Nairobi, Non-U.S.",54,8/2/2022,0.2,Logistics,Series B,26,Kenya,10/5/2022
The Predictive Index,Boston,40,8/2/2022,,HR,Acquired,71,United States,8/8/2022
Sendy,"Nairobi, Non-U.S.",30,8/2/2022,0.1,Logistics,Series B,26,Kenya,8/2/2022
Stedi,Boulder,23,8/2/2022,0.3,Product,Series B,75,United States,8/4/2022
Glossier,New York City,19,8/2/2022,0.08,Retail,Series E,266,United States,8/3/2022
Butterfly Network,New Haven,,8/2/2022,0.1,Healthcare,Post-IPO,530,United States,8/4/2022
FuboTV,New York City,,8/2/2022,,Media,Post-IPO,151,United States,8/4/2022
Hash,"Sao Paulo, Non-U.S.",58,8/1/2022,0.5,Finance,Series C,58,Brazil,8/3/2022
Classkick,Chicago,,8/1/2022,,Education,Seed,1,United States,8/10/2022
DeHaat,"Gurugram, Non-U.S.",,8/1/2022,,Food,Series D,194,India,8/2/2022
OnlyFans,"London, Non-U.S.",,8/1/2022,,Media,Unknown,,United Kingdom,8/4/2022
Oracle,SF Bay Area,,8/1/2022,,Other,Post-IPO,,United States,11/17/2022
Perceptive Automata,Boston,,8/1/2022,1,Transportation,Series A,20,United States,8/4/2022
Whereby,"Oslo, Non-U.S.",,8/1/2022,,Other,Series A,10,Norway,8/2/2022
Metigy,"Sydney, Non-U.S.",75,7/31/2022,1,Marketing,Series B,18,Australia,8/2/2022
Vee,"Tel Aviv, Non-U.S.",16,7/31/2022,0.32,HR,Seed,15,Israel,8/2/2022
Gatherly,Atlanta,,7/31/2022,0.5,Marketing,,,United States,8/2/2022
Ola,"Bengaluru, Non-U.S.",1000,7/29/2022,,Transportation,Series J,5000,India,7/29/2022
Clearco,"Toronto, Non-U.S.",125,7/29/2022,0.25,Finance,Series C,681,Canada,7/29/2022
Imperfect Foods,SF Bay Area,50,7/29/2022,,Food,Series D,229,United States,7/30/2022
Shelf Engine,Seattle,43,7/29/2022,,Food,Series B,58,United States,7/30/2022
Quantcast,SF Bay Area,40,7/29/2022,0.06,Marketing,Series C,65,United States,8/2/2022
Sherpa,"Toronto, Non-U.S.",22,7/29/2022,,Travel,Unknown,11,Canada,7/30/2022
CoinFLEX,"Victoria, Non-U.S.",,7/29/2022,,Crypto,Unknown,11,Seychelles,7/29/2022
MissFresh,"Beijing, Non-U.S.",,7/29/2022,,Food,Post-IPO,1700,China,7/29/2022
Yabonza,"Sydney, Non-U.S.",,7/29/2022,1,Real Estate,Unknown,6,Australia,8/24/2022
Ribbon,New York City,136,7/28/2022,,Real Estate,Series C,405,United States,7/29/2022
Career Karma,SF Bay Area,60,7/28/2022,0.33,Education,Series B,51,United States,7/29/2022
Metromile,SF Bay Area,60,7/28/2022,0.2,Finance,Acquired,510,United States,7/29/2022
Laybuy,"Auckland, Non-U.S.",45,7/28/2022,,Finance,Post-IPO,130,New Zealand,7/29/2022
Allbirds,SF Bay Area,23,7/28/2022,,Retail,Post-IPO,202,United States,7/30/2022
TextNow,"Waterloo, Non-U.S.",22,7/28/2022,,Consumer,Seed,1,Canada,8/4/2022
2U,Washington D.C.,,7/28/2022,0.2,Education,Post-IPO,426,United States,7/30/2022
Bikayi,"Bengaluru, Non-U.S.",,7/28/2022,,Retail,Series A,12,India,7/29/2022
Brainbase,Los Angeles,,7/28/2022,,Sales,Series A,12,United States,11/17/2022
Change.org,SF Bay Area,,7/28/2022,0.19,Other,Series D,72,United States,7/29/2022
Tapas Media,SF Bay Area,,7/28/2022,,Media,Acquired,17,United States,8/2/2022
Turntide,SF Bay Area,,7/28/2022,0.2,Energy,Unknown,491,United States,7/29/2022
Rivian,Detroit,840,7/27/2022,0.06,Transportation,Post-IPO,10700,United States,7/28/2022
Vox Media,Washington D.C.,39,7/27/2022,0.02,Media,Series F,307,United States,7/29/2022
Coinsquare,"Toronto, Non-U.S.",30,7/27/2022,0.24,Crypto,Unknown,98,Canada,7/30/2022
Skai,"Tel Aviv, Non-U.S.",30,7/27/2022,0.04,Marketing,Series E,60,Israel,7/28/2022
Shopify,"Ottawa, Non-U.S.",1000,7/26/2022,0.1,Retail,Post-IPO,122,Canada,7/26/2022
McMakler,"Berlin, Non-U.S.",90,7/26/2022,,Real Estate,Unknown,214,Germany,7/26/2022
Fiverr,"Tel Aviv, Non-U.S.",60,7/26/2022,0.08,Other,Post-IPO,111,Israel,7/26/2022
InDebted,"Sydney, Non-U.S.",40,7/26/2022,0.17,Finance,Series B,41,Australia,7/26/2022
Outbrain,New York City,38,7/26/2022,0.03,Marketing,Post-IPO,394,United States,7/26/2022
Dover,SF Bay Area,23,7/26/2022,0.3,Recruiting,Series A,22,United States,7/26/2022
Immutable,"Sydney, Non-U.S.",20,7/26/2022,0.06,Crypto,Series C,279,Australia,7/28/2022
Zymergen,SF Bay Area,80,7/25/2022,,Other,Acquired,974,United States,8/26/2022
Pear Therapeutics ,Boston,25,7/25/2022,0.09,Healthcare,Post-IPO,409,United States,7/26/2022
Included Health,SF Bay Area,,7/25/2022,0.06,Healthcare,Series E,272,United States,7/26/2022
Soluto,"Tel Aviv, Non-U.S.",120,7/24/2022,1,Support,Acquired,18,Israel,7/25/2022
Eucalyptus,"Sydney, Non-U.S.",50,7/22/2022,0.2,Healthcare,Series C,69,Australia,7/28/2022
Workstream,SF Bay Area,45,7/22/2022,,HR,Series B,58,United States,8/3/2022
Quanto,"Sao Paulo, Non-U.S.",28,7/22/2022,0.22,Finance,Series A,15,Brazil,7/25/2022
Clarify Health,SF Bay Area,15,7/22/2022,0.05,Healthcare,Series D,328,United States,7/22/2022
Arete,Miami,,7/22/2022,,Security,Unknown,,United States,7/22/2022
Boosted Commerce,Los Angeles,,7/22/2022,0.05,Retail,Series B,137,United States,7/26/2022
Owlet,Lehi,,7/22/2022,,Healthcare,Post-IPO,178,United States,8/3/2022
People.ai,SF Bay Area,,7/22/2022,,Sales,Series D,200,United States,7/26/2022
Wizeline,SF Bay Area,,7/22/2022,,Product,Acquired,62,United States,7/22/2022
Blockchain.com,"London, Non-U.S.",150,7/21/2022,0.25,Crypto,Series D,490,United Kingdom,7/21/2022
Callisto Media,SF Bay Area,140,7/21/2022,0.35,Media,Series D,,United States,7/21/2022
AppGate,Miami,130,7/21/2022,0.22,Security,Post-IPO,,United States,7/28/2022
WHOOP,Boston,95,7/21/2022,0.15,Fitness,Series F,404,United States,7/22/2022
Rad Power Bikes,Seattle,63,7/21/2022,0.1,Transportation,Series D,329,United States,7/21/2022
Lunchbox,New York City,60,7/21/2022,0.33,Food,Series B,72,United States,7/22/2022
RealSelf,Seattle,11,7/21/2022,0.05,Healthcare,Series B,42,United States,7/21/2022
98point6,Seattle,,7/21/2022,0.1,Healthcare,Series E,247,United States,7/22/2022
Catalyst,New York City,,7/21/2022,,Support,Series B,45,United States,8/4/2022
InVision,New York City,,7/21/2022,0.5,Product,Series F,356,United States,7/21/2022
Mural,SF Bay Area,,7/21/2022,,Product,Series C,192,United States,7/22/2022
Smarsh,Portland,,7/21/2022,,Other,Private Equity,,United States,7/30/2022
Just Eat Takeaway,"Amsterdam, Non-U.S.",390,7/20/2022,,Food,Post-IPO,2800,Netherlands,7/20/2022
Flyhomes,Seattle,200,7/20/2022,0.2,Real Estate,Series C,310,United States,7/20/2022
Varo,SF Bay Area,75,7/20/2022,,Finance,Series E,992,United States,7/20/2022
BlueStacks,SF Bay Area,60,7/20/2022,,Other,Series C,48,United States,7/20/2022
Lyft,SF Bay Area,60,7/20/2022,0.02,Transportation,Post-IPO,4900,United States,7/20/2022
Introhive,"Ferdericton, Non-U.S.",57,7/20/2022,0.16,Sales,Series C,125,Canada,7/22/2022
Zencity,"Tel Aviv, Non-U.S.",30,7/20/2022,0.2,Other,Unknown,51,Israel,7/20/2022
Splice,New York City,23,7/20/2022,,Media,Series D,159,United States,8/5/2022
Forma.ai,"Toronto, Non-U.S.",15,7/20/2022,0.09,Sales,Series B,58,Canada,7/26/2022
Arc,SF Bay Area,13,7/20/2022,,HR,Seed,1,United States,7/21/2022
Invitae,SF Bay Area,1000,7/19/2022,,Healthcare,Post-IPO,2000,United States,7/19/2022
Olive,Columbus,450,7/19/2022,0.31,Healthcare,Series H,856,United States,7/19/2022
M1,Chicago,38,7/19/2022,,Finance,Series E,323,United States,7/30/2022
SellerX,"Berlin, Non-U.S.",28,7/19/2022,,Retail,Unknown,766,Germany,7/21/2022
Stint,"London, Non-U.S.",28,7/19/2022,0.2,HR,Unknown,,United Kingdom,7/25/2022
Capsule,New York City,,7/19/2022,0.13,Healthcare,Series D,570,United States,7/20/2022
PACT Pharma,SF Bay Area,94,7/18/2022,,Healthcare,Series C,200,United States,7/20/2022
Gemini,New York City,68,7/18/2022,0.07,Crypto,Unknown,423,United States,7/18/2022
Lusha,New York City,30,7/18/2022,0.1,Marketing,Series B,245,United States,7/18/2022
Elemy,SF Bay Area,,7/18/2022,,Healthcare,Series B,323,United States,7/20/2022
Freshly,New York City,,7/18/2022,0.25,Food,Acquired,107,United States,7/28/2022
Hydrow,Boston,,7/18/2022,0.35,Fitness,Series D,269,United States,7/20/2022
TikTok,Los Angeles,,7/18/2022,,Consumer,Acquired,,United States,7/19/2022
Vimeo,New York City,,7/18/2022,0.06,Consumer,Post-IPO,450,United States,7/18/2022
Bright Money,"Bengaluru, Non-U.S.",100,7/15/2022,0.5,Finance,Series A,31,India,7/22/2022
Project44,Chicago,63,7/15/2022,0.05,Logistics,Unknown,817,United States,7/15/2022
Heroes,"London, Non-U.S.",24,7/15/2022,0.2,Retail,Unknown,265,United Kingdom,7/15/2022
Aspire,SF Bay Area,23,7/15/2022,,Marketing,Series A,27,United States,7/15/2022
StyleSeat,SF Bay Area,,7/15/2022,0.17,Consumer,Series C,40,United States,8/9/2022
Zego,"London, Non-U.S.",85,7/14/2022,0.17,Finance,Series C,202,United Kingdom,7/14/2022
The Mom Project,Chicago,54,7/14/2022,0.15,HR,Series C,115,United States,7/15/2022
Unstoppable Domains,SF Bay Area,42,7/14/2022,0.25,Crypto,Series B,7,United States,7/26/2022
Kiavi,SF Bay Area,39,7/14/2022,0.07,Real Estate,Series E,240,United States,7/22/2022
Alto Pharmacy,SF Bay Area,,7/14/2022,,Healthcare,Series E,560,United States,7/18/2022
Cosuno,"Berlin, Non-U.S.",,7/14/2022,,Construction,Series B,45,Germany,7/16/2022
OpenSea,New York City,,7/14/2022,0.2,Crypto,Series C,427,United States,7/14/2022
Wave,"Dakar, Non-U.S.",300,7/13/2022,0.15,Finance,Series A,292,Senegal,7/13/2022
Tonal,SF Bay Area,262,7/13/2022,0.35,Fitness,Series E,450,United States,7/13/2022
Fabric,New York City,120,7/13/2022,0.4,Logistics,Series C,336,United States,7/13/2022
Bryter,"Berlin, Non-U.S.",100,7/13/2022,0.3,Product,Series B,89,Germany,7/14/2022
ChowNow,Los Angeles,100,7/13/2022,0.2,Food,Series C,64,United States,7/13/2022
Involves,"Florianópolis, Non-U.S.",70,7/13/2022,0.18,Retail,Unknown,23,Brazil,7/20/2022
100 Thieves,Los Angeles,12,7/13/2022,,Consumer,Series C,120,United States,7/18/2022
Nuro,SF Bay Area,7,7/13/2022,,Transportation,Series D,2100,United States,7/16/2022
Arrival,"London, Non-U.S.",,7/13/2022,0.3,Transportation,Post-IPO,629,United Kingdom,7/14/2022
CircleUp,SF Bay Area,,7/13/2022,,Finance,Series C,53,United States,7/26/2022
Papa,Miami,,7/13/2022,0.15,Other,Series D,241,United States,7/13/2022
Gopuff,Philadelphia,1500,7/12/2022,0.1,Food,Series H,3400,United States,7/12/2022
Fraazo,"Mumbai, Non-U.S.",150,7/12/2022,,Food,Series B,63,India,7/13/2022
Babylon,"London, Non-U.S.",100,7/12/2022,,Healthcare,Post-IPO,1100,United Kingdom,7/25/2022
Hubilo,SF Bay Area,45,7/12/2022,0.12,Marketing,Series B,153,United States,7/13/2022
Airlift,"Lahore, Non-U.S.",,7/12/2022,1,Logistics,Series B,109,Pakistan,7/13/2022
Microsoft,Seattle,,7/12/2022,,Other,Post-IPO,1,United States,11/15/2022
Spring,SF Bay Area,,7/12/2022,,Retail,Unknown,61,United States,7/13/2022
Hopin,"London, Non-U.S.",242,7/11/2022,0.29,Other,Series D,1000,United Kingdom,7/11/2022
Alice,"Sao Paulo, Non-U.S.",63,7/11/2022,,Healthcare,Series C,174,Brazil,7/13/2022
SundaySky,New York City,24,7/11/2022,0.13,Marketing,Series D,74,United States,7/11/2022
Apeel Sciences,Santa Barbara,,7/11/2022,,Food,Series E,640,United States,7/14/2022
Forward,SF Bay Area,,7/11/2022,0.05,Healthcare,Series D,225,United States,7/12/2022
Ignite,SF Bay Area,,7/11/2022,0.5,Crypto,Series A,9,United States,7/13/2022
Nextbite,Denver,,7/9/2022,,Food,Series C,150,United States,7/11/2022
PuduTech,"Shenzen, Non-U.S.",1500,7/8/2022,,Other,Series C,184,China,8/4/2022
Butler Hospitality,New York City,1000,7/8/2022,1,Food,Series B,50,United States,7/8/2022
Calibrate,New York City,156,7/8/2022,0.24,Healthcare,Series B,127,United States,7/18/2022
NextRoll,SF Bay Area,,7/8/2022,0.03,Marketing,Unknown,108,United States,7/8/2022
Argo AI,Pittsburgh,150,7/7/2022,0.05,Transportation,Unknown,3600,United States,7/8/2022
Next Insurance,SF Bay Area,150,7/7/2022,0.17,Finance,Series E,881,United States,7/7/2022
Adwerx,Durham,40,7/7/2022,,Marketing,Unknown,20,United States,7/8/2022
Emotive,Los Angeles,30,7/7/2022,0.18,Marketing,Series B,78,United States,7/8/2022
Cedar,New York City,,7/7/2022,0.24,Healthcare,Series D,351,United States,7/7/2022
Twitter,SF Bay Area,,7/7/2022,,Consumer,Post-IPO,5700,United States,7/7/2022
Remote,SF Bay Area,100,7/6/2022,0.09,HR,Series C,496,United States,7/6/2022
Shopify,"Ottawa, Non-U.S.",50,7/6/2022,,Retail,Post-IPO,122,Canada,7/6/2022
Anodot,"Tel Aviv, Non-U.S.",35,7/6/2022,0.27,Data,Series C,64,Israel,7/6/2022
SQream,New York City,30,7/6/2022,0.18,Data,Series B,77,United States,7/6/2022
Anodot,"Tel Aviv, Non-U.S.",15,7/6/2022,0.2,Data,Series C,64,Israel,5/8/2023
Motif Foodworks,Boston,,7/6/2022,,Food,Series B,344,United States,7/15/2022
Loft,"Sao Paulo, Non-U.S.",384,7/5/2022,0.12,Real Estate,Unknown,788,Brazil,7/5/2022
Bizzabo,New York City,120,7/5/2022,0.3,Marketing,Series E,194,United States,7/6/2022
eToro,"Tel Aviv, Non-U.S.",100,7/5/2022,0.06,Finance,Unknown,322,Israel,7/5/2022
Verbit,New York City,80,7/5/2022,0.1,Data,Series E,569,United States,7/5/2022
Outschool,SF Bay Area,31,7/5/2022,0.18,Education,Series D,240,United States,7/5/2022
Bullish,"Hong Kong, Non-U.S.",30,7/5/2022,0.08,Crypto,Unknown,300,Hong Kong,7/15/2022
Transmit Security,Boston,27,7/5/2022,0.07,Security,Series A,583,United States,7/6/2022
Thimble,New York City,20,7/5/2022,0.33,Finance,Series A,28,United States,7/6/2022
Syte,"Tel Aviv, Non-U.S.",13,7/5/2022,0.08,Retail,Series C,71,Israel,7/5/2022
Lightricks,"Jerusalem, Non-U.S.",80,7/4/2022,0.12,Consumer,Series D,335,Israel,7/4/2022
Chessable,"London, Non-U.S.",29,7/4/2022,,Consumer,Acquired,,United Kingdom,7/13/2022
Sendle,"Sydney, Non-U.S.",27,7/4/2022,0.12,Logistics,Series C,69,Australia,7/4/2022
Lendis,"Berlin, Non-U.S.",18,7/4/2022,0.15,Other,Series A,90,Germany,7/7/2022
Airtasker,"Sydney, Non-U.S.",,7/4/2022,,Consumer,Series C,26,Australia,7/4/2022
Gorillas,"Berlin, Non-U.S.",540,7/3/2022,,Food,Series C,1300,Germany,7/6/2022
Celsius,New York City,150,7/3/2022,0.25,Crypto,Series B,864,United States,7/4/2022
LetsGetChecked,New York City,,7/2/2022,,Healthcare,Series D,263,United States,7/4/2022
Perx Health,"Sydney, Non-U.S.",,7/2/2022,,Healthcare,Seed,2,Australia,7/4/2022
Zepto,"Brisbane, Non-U.S.",,7/2/2022,0.1,Finance,Series A,25,Australia,7/4/2022
WanderJaunt,SF Bay Area,85,7/1/2022,1,Travel,Series B,26,United States,7/2/2022
Canoo,Los Angeles,58,7/1/2022,0.06,Transportation,Post-IPO,300,United States,7/1/2022
Bamboo Health,Louisville,52,7/1/2022,,Healthcare,Unknown,,United States,7/21/2022
Teleport,SF Bay Area,15,7/1/2022,0.06,Infrastructure,Series C,169,United States,7/2/2022
Remesh,New York City,,7/1/2022,,Support,Series A,38,United States,7/6/2022
Enjoy,SF Bay Area,400,6/30/2022,0.18,Retail,Post-IPO,310,United States,6/30/2022
Crejo.Fun,"Bengaluru, Non-U.S.",170,6/30/2022,1,Education,Seed,3,India,7/1/2022
Stash Financial,New York City,40,6/30/2022,0.08,Finance,Unknown,480,United States,10/26/2022
Nate,New York City,30,6/30/2022,0.2,Retail,Series A,47,United States,6/30/2022
Snyk,Boston,30,6/30/2022,,Security,Series F,849,United States,7/1/2022
Stream,Boulder,20,6/30/2022,0.12,Product,Series B,58,United States,7/1/2022
Finleap Connect,"Hamburg, Non-U.S.",14,6/30/2022,0.1,Finance,Series A,22,Germany,7/1/2022
Abra,SF Bay Area,12,6/30/2022,0.05,Crypto,Series C,106,United States,7/1/2022
Gavelytics,Los Angeles,,6/30/2022,1,Legal,Seed,5,United States,7/6/2022
Secfi,SF Bay Area,,6/30/2022,,Finance,Series A,7,United States,8/4/2022
Sundae,SF Bay Area,,6/30/2022,0.15,Real Estate,Series C,135,United States,6/30/2022
Toppr,"Mumbai, Non-U.S.",350,6/29/2022,,Education,Acquired,112,India,6/30/2022
Unity,SF Bay Area,200,6/29/2022,0.04,Other,Post-IPO,1300,United States,6/30/2022
Niantic,SF Bay Area,85,6/29/2022,0.08,Consumer,Series D,770,United States,6/29/2022
AvantStay,Los Angeles,80,6/29/2022,,Travel,Unknown,811,United States,6/30/2022
Qumulo,Seattle,80,6/29/2022,0.19,Data,Series E,347,United States,6/30/2022
Clutch,"Toronto, Non-U.S.",76,6/29/2022,0.22,Transportation,Series B,153,Canada,6/30/2022
Parallel Wireless,Nashua,60,6/29/2022,,Infrastructure,Unknown,8,United States,6/30/2022
Oye Rickshaw,"New Delhi, Non-U.S.",40,6/29/2022,0.2,Transportation,Unknown,13,India,7/1/2022
Rows,"Berlin, Non-U.S.",18,6/29/2022,0.3,Other,Series B,25,Germany,8/5/2022
Baton,SF Bay Area,16,6/29/2022,0.25,Transportation,Series A,13,United States,6/30/2022
Substack,SF Bay Area,13,6/29/2022,0.14,Media,Series B,82,United States,6/29/2022
CommentSold,Huntsville,,6/29/2022,,Retail,Unknown,,United States,7/6/2022
Degreed,SF Bay Area,,6/29/2022,0.15,Education,Series D,411,United States,6/29/2022
HomeLight,SF Bay Area,,6/29/2022,0.19,Real Estate,Series D,743,United States,6/30/2022
Modsy,SF Bay Area,,6/29/2022,,Retail,Series C,72,United States,7/1/2022
Volt Bank,"Sydney, Non-U.S.",,6/29/2022,1,Finance,Series E,90,Australia,6/30/2022
Huobi,"Beijing, Non-U.S.",300,6/28/2022,0.3,Crypto,Unknown,2,China,6/29/2022
WhiteHat Jr,"Mumbai, Non-U.S.",300,6/28/2022,,Education,Acquired,11,India,6/29/2022
StockX,Detroit,120,6/28/2022,0.08,Retail,Series E,690,United States,6/29/2022
Sidecar Health,Los Angeles,110,6/28/2022,0.4,Healthcare,Series C,163,United States,7/18/2022
StockX,Detroit,80,6/28/2022,,Retail,Series E,690,United States,11/3/2022
Vezeeta,"Dubai, Non-U.S.",50,6/28/2022,0.1,Healthcare,Series D,71,United Arab Emirates,6/29/2022
Bright Machines,"Tel Aviv, Non-U.S.",30,6/28/2022,0.08,Data,Unknown,250,Israel,6/29/2022
HealthMatch,"Sydney, Non-U.S.",18,6/28/2022,0.5,Healthcare,Series B,20,Australia,6/29/2022
Booktopia,"Sydney, Non-U.S.",,6/28/2022,,Retail,Series A,23,Australia,6/29/2022
Nova Benefits,"Bengaluru, Non-U.S.",,6/28/2022,0.3,Healthcare,Series B,41,India,6/30/2022
Una Brands,"Singapore, Non-U.S.",,6/28/2022,0.1,Retail,Series A,55,Singapore,6/29/2022
AppLovin,SF Bay Area,300,6/27/2022,0.12,Marketing,Post-IPO,1600,United States,6/28/2022
UiPath,New York City,210,6/27/2022,0.05,Data,Post-IPO,2000,United States,6/27/2022
Udaan,"Bengaluru, Non-U.S.",180,6/27/2022,0.04,Retail,Unknown,1500,India,6/28/2022
Cue,San Diego,170,6/27/2022,,Healthcare,Post-IPO,999,United States,6/27/2022
Banxa,"Melbourne, Non-U.S.",70,6/27/2022,0.3,Crypto,Post-IPO,13,Australia,6/28/2022
SafeGraph,SF Bay Area,27,6/27/2022,0.25,Data,Series B,61,United States,6/28/2022
Amount,Chicago,,6/27/2022,0.18,Finance,Unknown,283,United States,6/27/2022
Postscript,SF Bay Area,43,6/26/2022,,Marketing,Series C,106,United States,6/25/2022
Bitpanda,"Vienna, Non-U.S.",270,6/24/2022,0.27,Crypto,Series C,546,Austria,6/24/2022
Sunday,Atlanta,90,6/24/2022,0.23,Finance,Series A,124,United States,6/28/2022
Bestow,Dallas,41,6/24/2022,0.14,Finance,Series C,137,United States,6/27/2022
Ethos Life,SF Bay Area,40,6/24/2022,0.12,Finance,Series D,406,United States,6/26/2022
Feather,New York City,,6/24/2022,,Retail,Unknown,76,United States,6/25/2022
Give Legacy,Boston,,6/24/2022,,Healthcare,Series B,45,United States,7/20/2022
Netflix,SF Bay Area,300,6/23/2022,0.03,Media,Post-IPO,121900,United States,6/23/2022
Aura,Boston,70,6/23/2022,0.09,Security,Series F,500,United States,6/25/2022
Pipl,Spokane,22,6/23/2022,0.13,Security,Unknown,19,United States,6/23/2022
Vouch,SF Bay Area,15,6/23/2022,0.07,Finance,Series C,159,United States,6/23/2022
Voyage SMS,Los Angeles,8,6/23/2022,0.13,Marketing,Unknown,10,United States,6/30/2022
Esper,Seattle,,6/23/2022,0.12,Other,Series A,10,United States,6/23/2022
Kune,"Nairobi, Non-U.S.",,6/23/2022,1,Food,Seed,1,Kenya,6/23/2022
Mark43,New York City,,6/23/2022,,Other,Series E,229,United States,6/23/2022
Orchard,New York City,,6/23/2022,0.1,Real Estate,Series D,472,United States,6/23/2022
Ro,New York City,,6/23/2022,0.18,Healthcare,Unknown,1000,United States,6/23/2022
StreamElements,"Tel Aviv, Non-U.S.",,6/23/2022,0.2,Media,Series B,111,Israel,6/24/2022
MasterClass,SF Bay Area,120,6/22/2022,0.2,Education,Series E,461,United States,6/23/2022
IronNet,Washington D.C.,90,6/22/2022,0.35,Security,Post-IPO,410,United States,9/17/2022
Bungalow,SF Bay Area,70,6/22/2022,,Real Estate,Series C,171,United States,6/23/2022
IronNet,Washington D.C.,55,6/22/2022,0.17,Security,Post-IPO,410,United States,6/25/2022
Sprinklr,New York City,50,6/22/2022,,Support,Post-IPO,429,United States,6/26/2022
Superpedestrian,Boston,35,6/22/2022,0.07,Transportation,Series C,261,United States,6/23/2022
Voi,"Stockholm, Non-U.S.",35,6/22/2022,0.1,Transportation,Series D,515,Sweden,6/23/2022
Balto,St. Louis,30,6/22/2022,,Sales,Series B,51,United States,6/23/2022
Ritual,"Toronto, Non-U.S.",23,6/22/2022,0.16,Food,Series C,134,Canada,6/23/2022
Mindgeek,"Luxembourg, Non-U.S.",,6/22/2022,,Media,Unknown,,Luxembourg,6/26/2022
Voly,"Sydney, Non-U.S.",,6/22/2022,0.5,Food,Seed,13,Australia,6/23/2022
Ebanx,"Curitiba, Non-U.S.",340,6/21/2022,0.2,Finance,Series B,460,Brazil,6/22/2022
TaskUs,Los Angeles,52,6/21/2022,0,Support,Post-IPO,279,United States,6/22/2022
Community,Los Angeles,40,6/21/2022,0.3,Marketing,Unknown,40,United States,6/22/2022
Sourcegraph,SF Bay Area,24,6/21/2022,0.08,Product,Series D,248,United States,6/23/2022
Frubana,"Bogota, Non-U.S.",,6/21/2022,0.03,Food,Series C,202,Colombia,6/22/2022
SuperLearn,"Bengaluru, Non-U.S.",,6/21/2022,1,Education,Seed,,India,6/22/2022
Tray.io,SF Bay Area,,6/21/2022,0.1,Data,Series C,109,United States,6/22/2022
Bybit,"Singapore, Non-U.S.",600,6/20/2022,0.3,Crypto,Unknown,,Singapore,6/22/2022
SummerBio,SF Bay Area,101,6/20/2022,1,Healthcare,Unknown,7,United States,6/22/2022
Trax,"Singapore, Non-U.S.",100,6/20/2022,0.12,Retail,Series E,1000,Singapore,6/21/2022
Aqgromalin,"Chennai, Non-U.S.",80,6/20/2022,0.3,Food,Unknown,12,India,6/21/2022
Bonsai,"Toronto, Non-U.S.",30,6/20/2022,0.55,Retail,Series A,27,Canada,6/21/2022
Brighte,"Sydney, Non-U.S.",30,6/20/2022,0.15,Energy,Series C,145,Australia,6/21/2022
Buzzer,New York City,,6/20/2022,0.2,Media,Unknown,32,United States,6/22/2022
Bybit,"Singapore, Non-U.S.",,6/20/2022,,Crypto,Unknown,,Singapore,12/4/2022
CityMall,"Gurugram, Non-U.S.",191,6/19/2022,0.3,Retail,Series C,112,India,6/19/2022
BitOasis,"Dubai, Non-U.S.",9,6/19/2022,0.05,Crypto,Series B,30,United Arab Emirates,6/21/2022
Unacademy,"Bengaluru, Non-U.S.",150,6/18/2022,0.03,Education,Series H,838,India,6/19/2022
Bytedance,"Shanghai, Non-U.S.",150,6/17/2022,,Consumer,Unknown,9400,China,6/17/2022
Socure,Reno,69,6/17/2022,0.13,Finance,Series E,646,United States,6/18/2022
Finite State,Columbus,16,6/17/2022,0.2,Security,Series B,49,United States,6/18/2022
JOKR,New York City,50,6/16/2022,0.05,Food,Series B,430,United States,6/19/2022
Zumper,SF Bay Area,45,6/16/2022,0.15,Real Estate,Series D,178,United States,6/16/2022
PharmEasy,"Mumbai, Non-U.S.",40,6/16/2022,,Healthcare,Unknown,1600,India,6/17/2022
Circulo Health,Columbus,,6/16/2022,0.5,Healthcare,Series A,50,United States,6/17/2022
Swappie,"Helsinki, Non-U.S.",250,6/15/2022,0.17,Retail,Series C,169,Finland,6/15/2022
Wealthsimple,"Toronto, Non-U.S.",159,6/15/2022,0.13,Finance,Unknown,900,Canada,6/15/2022
Weee!,SF Bay Area,150,6/15/2022,0.1,Food,Series E,863,United States,6/19/2022
Notarize,Boston,110,6/15/2022,0.25,Legal,Series D,213,United States,6/16/2022
Elementor,"Tel Aviv, Non-U.S.",60,6/15/2022,0.15,Media,Unknown,65,Israel,6/15/2022
Tonkean,SF Bay Area,23,6/15/2022,0.23,Other,Series B,83,United States,6/15/2022
Airtame,"Copenhagen, Non-U.S.",15,6/15/2022,,Consumer,Unknown,7,Denmark,6/16/2022
OpenWeb,"Tel Aviv, Non-U.S.",14,6/15/2022,0.05,Media,Series E,223,Israel,6/15/2022
Swyft,"Toronto, Non-U.S.",10,6/15/2022,0.3,Logistics,Series A,20,Canada,6/15/2022
Crehana,"Lima, Non-U.S.",,6/15/2022,,Education,Series B,93,Peru,6/22/2022
JetClosing,Seattle,,6/15/2022,1,Real Estate,Series B,44,United States,8/2/2022
Coinbase,SF Bay Area,1100,6/14/2022,0.18,Crypto,Post-IPO,549,United States,6/14/2022
Redfin,Seattle,470,6/14/2022,0.08,Real Estate,Post-IPO,319,United States,6/14/2022
Compass,New York City,450,6/14/2022,0.1,Real Estate,Post-IPO,1600,United States,6/14/2022
Sami,"Sao Paulo, Non-U.S.",75,6/14/2022,0.15,Healthcare,Unknown,36,Brazil,6/14/2022
Breathe,"New Delhi, Non-U.S.",50,6/14/2022,0.33,Healthcare,Series A,6,India,6/16/2022
Hunty,"Bogota, Non-U.S.",30,6/14/2022,,HR,Seed,6,Colombia,6/15/2022
TIFIN,Boulder,24,6/14/2022,0.1,Crypto,Series D,204,United States,6/15/2022
Addi,"Bogota, Non-U.S.",,6/14/2022,,Finance,Series C,376,Colombia,6/15/2022
Shopee,"Singapore, Non-U.S.",,6/14/2022,,Food,Unknown,,Singapore,6/14/2022
BlockFi,New York City,250,6/13/2022,0.2,Crypto,Series E,1000,United States,6/13/2022
Wave Sports and Entertainment,Los Angeles,56,6/13/2022,0.33,Media,Series B,65,United States,6/16/2022
Studio,SF Bay Area,33,6/13/2022,0.4,Education,Series B,50,United States,6/14/2022
Automox,Boulder,,6/13/2022,,Infrastructure,Series C,152,United States,6/14/2022
Desktop Metal,Boston,,6/13/2022,0.12,Other,Post-IPO,811,United States,6/13/2022
Crypto.com,"Singapore, Non-U.S.",260,6/10/2022,0.05,Crypto,Unknown,156,Singapore,6/11/2022
FarEye,"New Delhi, Non-U.S.",250,6/10/2022,0.3,Logistics,Series E,150,India,6/10/2022
Berlin Brands Group,"Berlin, Non-U.S.",100,6/10/2022,0.1,Retail,Unknown,1000,Germany,6/21/2022
Sanar,"Sao Paulo, Non-U.S.",60,6/10/2022,0.2,Healthcare,Unknown,11,Brazil,6/11/2022
Freetrade,"London, Non-U.S.",45,6/10/2022,0.15,Finance,Unknown,133,United Kingdom,6/10/2022
Albert,Los Angeles,20,6/10/2022,0.08,Finance,Series C,175,United States,6/11/2022
Keepe,Seattle,,6/10/2022,,Real Estate,Unknown,6,United States,6/11/2022
Liongard,Houston,,6/10/2022,,Infrastructure,Series B,22,United States,6/11/2022
Ziroom,"Beijing, Non-U.S.",,6/10/2022,0.2,Real Estate,Unknown,2100,China,6/11/2022
OneTrust,Atlanta,950,6/9/2022,0.25,Security,Series C,926,United States,6/10/2022
Stitch Fix,SF Bay Area,330,6/9/2022,0.15,Retail,Post-IPO,79,United States,6/9/2022
Daniel Wellington,"Stockholm, Non-U.S.",200,6/9/2022,0.15,Retail,Unknown,,Sweden,7/25/2022
Convoy,Seattle,90,6/9/2022,0.07,Logistics,Series E,1100,United States,6/10/2022
Hologram,Chicago,80,6/9/2022,0.4,Infrastructure,Series B,82,United States,6/9/2022
Boozt,"Malmo, Non-U.S.",70,6/9/2022,0.05,Retail,Post-IPO,56,Sweden,7/25/2022
The Grommet,Boston,40,6/9/2022,1,Retail,Acquired,5,United States,6/10/2022
Stashaway,"Singapore, Non-U.S.",31,6/9/2022,0.14,Finance,Series D,61,Singapore,6/9/2022
Preply,Boston,26,6/9/2022,0.05,Education,Series C,100,United States,6/10/2022
Jellysmack,New York City,,6/9/2022,0.08,Media,Series C,22,United States,6/10/2022
Starship,SF Bay Area,,6/9/2022,0.11,Transportation,Series B,197,United States,6/14/2022
Trade Republic,"Berlin, Non-U.S.",,6/9/2022,,Finance,Series C,1200,Germany,6/9/2022
Sonder,SF Bay Area,250,6/8/2022,0.21,Travel,Post-IPO,839,United States,6/9/2022
Kavak,"Sao Paulo, Non-U.S.",150,6/8/2022,,Transportation,Series E,1600,Brazil,6/9/2022
Truepill,SF Bay Area,150,6/8/2022,0.15,Healthcare,Series D,255,United States,6/10/2022
iPrice Group,Kuala Lumpur,50,6/8/2022,0.2,Retail,Unknown,26,Malaysia,6/30/2022
Memmo,"Stockholm, Non-U.S.",,6/8/2022,0.4,Consumer,Unknown,24,Sweden,6/11/2022
Cazoo,"London, Non-U.S.",750,6/7/2022,0.15,Transportation,Post-IPO,2000,United Kingdom,6/7/2022
Cazoo,"London, Non-U.S.",750,6/7/2022,0.15,Transportation,Post-IPO,2000,United Kingdom,9/9/2022
Rupeek,"Bengaluru, Non-U.S.",180,6/7/2022,0.15,Finance,Unknown,172,India,6/7/2022
Lummo,"Jakarta, Non-U.S.",150,6/7/2022,,Marketing,Series C,149,Indonesia,6/10/2022
Bird,Los Angeles,138,6/7/2022,0.23,Transportation,Post-IPO,783,United States,6/7/2022
ID.me,Washington D.C.,130,6/7/2022,,Security,Unknown,275,United States,6/8/2022
KiwiCo,SF Bay Area,40,6/7/2022,,Retail,Unknown,11,United States,6/17/2022
Bond,SF Bay Area,,6/7/2022,,Finance,Series A,42,United States,6/10/2022
CyberCube,SF Bay Area,,6/7/2022,,Finance,Series B,35,United States,6/19/2022
Propzy,"Ho Chi Minh City, Non-U.S.",,6/7/2022,0.5,Real Estate,Series A,33,Vietnam,9/15/2022
Clearco,"Toronto, Non-U.S.",60,6/6/2022,,Finance,Series C,681,Canada,8/30/2022
Dutchie,Bend,50,6/6/2022,0.07,Other,Series D,603,United States,6/7/2022
Clearco,"Dublin, Non-U.S.",,6/6/2022,,Finance,Series C,681,Ireland,8/5/2022
Deep Instinct,New York City,,6/6/2022,0.1,Security,Series D,259,United States,6/9/2022
Sendoso,SF Bay Area,,6/6/2022,0.14,Marketing,Series C,152,United States,6/6/2022
Eruditus,"Mumbai, Non-U.S.",40,6/4/2022,,Education,Series E,1200,India,6/6/2022
Afterverse,"Brasilia, Non-U.S.",60,6/3/2022,0.2,Consumer,Unknown,,Brazil,1/21/2023
Superhuman,SF Bay Area,23,6/3/2022,0.22,Consumer,Series C,108,United States,6/3/2022
Food52,New York City,21,6/3/2022,0.15,Food,Acquired,176,United States,6/7/2022
5B Solar,"Sydney, Non-U.S.",,6/3/2022,0.25,Energy,Series A,12,Australia,6/3/2022
Clubhouse,SF Bay Area,,6/3/2022,,Consumer,Series C,110,United States,6/4/2022
Tesla,Austin,,6/3/2022,0.1,Transportation,Post-IPO,20200,United States,11/10/2022
Carbon Health,SF Bay Area,250,6/2/2022,0.08,Healthcare,Series D,522,United States,6/2/2022
Favo,"Sao Paulo, Non-U.S.",170,6/2/2022,,Food,Series A,31,Brazil,6/2/2022
PolicyGenius,New York City,170,6/2/2022,0.25,Finance,Series E,286,United States,6/2/2022
Yojak,"Gurugram, Non-U.S.",140,6/2/2022,0.5,Construction,Seed,3,India,6/5/2022
Envato,"Melbourne, Non-U.S.",100,6/2/2022,,Marketing,Unknown,,Australia,6/2/2022
Gemini,New York City,100,6/2/2022,0.1,Crypto,Unknown,423,United States,6/2/2022
Stord,Atlanta,59,6/2/2022,0.08,Logistics,Series D,325,United States,6/3/2022
Gather,SF Bay Area,30,6/2/2022,0.33,Consumer,Series B,76,United States,6/16/2022
Shef,SF Bay Area,29,6/2/2022,,Food,Series A,28,United States,6/3/2022
IRL,SF Bay Area,25,6/2/2022,0.25,Consumer,Series C,197,United States,6/2/2022
Esme Learning,Boston,,6/2/2022,,Education,Unknown,37,United States,6/2/2022
Kaodim,"Selangor, Non-U.S.",,6/2/2022,1,Consumer,Series B,17,Malaysia,6/11/2022
Rain,"Manama, Non-U.S.",,6/2/2022,,Finance,Series B,202,Bahrain,6/4/2022
TomTom,"Amsterdam, Non-U.S.",500,6/1/2022,0.1,Transportation,Post-IPO,,Netherlands,1/24/2023
Cybereason,Boston,100,6/1/2022,0.06,Security,Series F,750,United States,6/1/2022
Udayy,"Gurugram, Non-U.S.",100,6/1/2022,1,Education,Seed,2,India,6/1/2022
2TM,"Sao Paulo, Non-U.S.",90,6/1/2022,0.12,Crypto,Unknown,250,Brazil,6/2/2022
Curve,"London, Non-U.S.",65,6/1/2022,0.1,Finance,Series C,182,United Kingdom,6/2/2022
Loom,SF Bay Area,34,6/1/2022,0.14,Product,Series C,203,United States,6/1/2022
Skillshare,New York City,31,6/1/2022,,Education,Unknown,136,United States,6/9/2022
Impala,"London, Non-U.S.",30,6/1/2022,0.35,Travel,Series B,32,United Kingdom,6/10/2022
Eaze,SF Bay Area,25,6/1/2022,,Consumer,Series D,202,United States,6/2/2022
Side,SF Bay Area,,6/1/2022,0.1,Real Estate,Unknown,313,United States,6/1/2022
Truck It In,"Karachi, Non-U.S.",,6/1/2022,0.3,Logistics,Seed,17,Pakistan,6/1/2022
Playtika,"Tel Aviv, Non-U.S.",250,5/31/2022,0.06,Consumer,Post-IPO,,Israel,5/31/2022
Replicated,Los Angeles,50,5/31/2022,,Infrastructure,Series C,85,United States,6/1/2022
Tomo,Stamford,44,5/31/2022,0.33,Finance,Series A,110,United States,6/1/2022
Getta,"Tel Aviv, Non-U.S.",30,5/31/2022,,Transportation,Series A,49,Israel,6/1/2022
BookClub,Salt Lake City,12,5/31/2022,0.25,Education,Series A,26,United States,6/6/2022
Cerebral,SF Bay Area,,5/31/2022,,Healthcare,Series C,462,United States,6/3/2022
SWVL,"Dubai, Non-U.S.",400,5/30/2022,0.32,Transportation,Post-IPO,132,United Arab Emirates,5/31/2022
Mobile Premier League,"Bengaluru, Non-U.S.",100,5/30/2022,0.1,Consumer,Series E,375,India,5/31/2022
SumUp,"Sao Paulo, Non-U.S.",100,5/30/2022,0.03,Finance,Unknown,50,Brazil,5/31/2022
Tempus Ex,SF Bay Area,,5/30/2022,,Data,Unknown,36,United States,6/16/2022
FrontRow,"Bengaluru, Non-U.S.",145,5/27/2022,0.3,Education,Series A,17,India,5/31/2022
Daloopa,"New Delhi, Non-U.S.",40,5/27/2022,,Data,Series A,23,India,6/2/2022
Uncapped,"London, Non-U.S.",29,5/27/2022,0.26,Finance,Unknown,118,United Kingdom,5/28/2022
Akerna,Denver,,5/27/2022,,Logistics,Unknown,46,United States,6/11/2022
Terminus,Atlanta,,5/27/2022,,Marketing,Series C,120,United States,5/28/2022
Terminus,Atlanta,,5/27/2022,,Marketing,Unknown,192,United States,2/19/2023
VTEX,"Sao Paulo, Non-U.S.",200,5/26/2022,0.13,Retail,Post-IPO,365,Brazil,5/27/2022
Bitso,"Mexico City, Non-U.S.",80,5/26/2022,0.11,Crypto,Series C,378,Mexico,5/27/2022
Foodpanda,"Bucharest, Non-U.S.",80,5/26/2022,,Food,Acquired,749,Romania,5/28/2022
Dazn,"London, Non-U.S.",50,5/26/2022,0.02,Consumer,Unknown,,United Kingdom,6/11/2022
Lacework,SF Bay Area,300,5/25/2022,0.2,Security,Series D,1900,United States,5/25/2022
Bolt,SF Bay Area,240,5/25/2022,0.27,Finance,Series E,1300,United States,5/25/2022
PeerStreet,Los Angeles,75,5/25/2022,,Finance,Series C,121,United States,5/28/2022
Kontist,"Berlin, Non-U.S.",50,5/25/2022,0.25,Finance,Series B,53,Germany,5/25/2022
Nuri,"Berlin, Non-U.S.",45,5/25/2022,0.2,Finance,Series B,42,Germany,5/25/2022
Coterie Insurance,Cincinnati,30,5/25/2022,0.2,Finance,Series B,70,United States,5/27/2022
Airlift,"Lahore, Non-U.S.",,5/25/2022,0.31,Logistics,Series B,109,Pakistan,5/25/2022
Getir,"Istanbul, Non-U.S.",,5/25/2022,0.14,Food,Series E,1800,Turkey,5/25/2022
Zapp,"London, Non-U.S.",,5/25/2022,0.1,Food,,300,United Kingdom,5/27/2022
Gorillas,"Berlin, Non-U.S.",300,5/24/2022,0.5,Food,Series C,1300,Germany,5/24/2022
Zenius,"Jakarta, Non-U.S.",200,5/24/2022,,Education,Series B,20,Indonesia,5/25/2022
The Zebra,Austin,40,5/24/2022,,Finance,Series D,256,United States,5/25/2022
Klarna,"Stockholm, Non-U.S.",700,5/23/2022,0.1,Finance,Unknown,3700,Sweden,5/23/2022
PayPal,SF Bay Area,83,5/23/2022,,Finance,Post-IPO,216,United States,5/26/2022
Buenbit,"Buenos Aires, Non-U.S.",80,5/23/2022,0.45,Crypto,Series A,11,Argentina,5/25/2022
BeyondMinds,"Tel Aviv, Non-U.S.",65,5/23/2022,1,Data,Series A,16,Israel,5/23/2022
ClickUp,San Diego,60,5/23/2022,0.07,Other,Series C,537,United States,5/25/2022
Airtime,New York City,30,5/23/2022,0.2,Consumer,Series B,33,United States,8/17/2022
Olist,"Curitiba, Non-U.S.",,5/23/2022,,Retail,Series E,322,Brazil,5/25/2022
MFine,"Bengaluru, Non-U.S.",600,5/21/2022,0.75,Healthcare,Series C,97,India,5/22/2022
Latch,New York City,130,5/20/2022,0.28,Security,Post-IPO,342,United States,5/21/2022
Outside,Boulder,87,5/20/2022,0.15,Media,Series B,174,United States,5/22/2022
Skillz,SF Bay Area,70,5/20/2022,0.1,Consumer,Post-IPO,287,United States,5/21/2022
Cars24,"Gurugram, Non-U.S.",600,5/19/2022,0.06,Transportation,Series G,1300,India,5/19/2022
Vedantu,"Bengaluru, Non-U.S.",424,5/18/2022,0.07,Education,Series E,292,India,5/18/2022
Netflix,SF Bay Area,150,5/17/2022,0.01,Media,Post-IPO,121900,United States,5/17/2022
Kry,"Stockholm, Non-U.S.",100,5/17/2022,0.1,Healthcare,Series D,568,Sweden,5/17/2022
Picsart,Miami,90,5/17/2022,0.08,Consumer,Series C,195,United States,5/17/2022
Zak,"Sao Paulo, Non-U.S.",100,5/16/2022,0.4,Food,Series A,29,Brazil,5/17/2022
Zulily,Seattle,,5/16/2022,,Retail,Acquired,194,United States,5/17/2022
AliExpress Russia,"Moscow, Non-U.S.",400,5/14/2022,0.4,Retail,Acquired,60,Russia,5/14/2022
Thirty Madison,New York City,24,5/14/2022,,Healthcare,Acquired,209,United States,5/16/2022
CommonBond,New York City,22,5/13/2022,,Finance,Series D,130,United States,5/25/2022
Subspace,Los Angeles,,5/13/2022,1,Infrastructure,Series B,,United States,5/17/2022
Zwift,Los Angeles,150,5/12/2022,,Fitness,Series C,619,United States,5/12/2022
Section4,New York City,32,5/12/2022,,Education,Series A,37,United States,5/12/2022
Tripwire,Portland,,5/12/2022,,Security,Acquired,29,United States,5/12/2022
DataRobot,Boston,70,5/11/2022,0.07,Data,Series G,1000,United States,5/11/2022
Carvana,Phoenix,2500,5/10/2022,0.12,Transportation,Post-IPO,1600,United States,5/10/2022
Doma,SF Bay Area,310,5/10/2022,0.15,Finance,Post-IPO,679,United States,5/12/2022
Pollen,"London, Non-U.S.",200,5/10/2022,0.33,Travel,Series C,238,United Kingdom,5/20/2022
Latch,New York City,30,5/10/2022,0.06,Security,Post-IPO,342,United States,5/12/2022
Meero,"Paris, Non-U.S.",350,5/9/2022,0.5,Other,Series C,293,France,3/4/2023
Vroom,New York City,270,5/9/2022,0.14,Transportation,Post-IPO,1300,United States,5/10/2022
Reef,Miami,750,5/6/2022,0.05,Transportation,Unknown,1500,United States,5/6/2022
divvyDOSE,Davenport,62,5/6/2022,,Healthcare,Acquired,,United States,5/14/2022
Vedantu,"Bengaluru, Non-U.S.",200,5/5/2022,0.03,Education,Series E,292,India,5/7/2022
Progrexion,Salt Lake City,100,5/5/2022,,Finance,Acquired,202,United States,4/19/2023
Mural,SF Bay Area,90,5/5/2022,0.1,Product,Series C,192,United States,5/6/2022
On Deck,SF Bay Area,72,5/5/2022,0.25,Education,Series A,20,United States,5/5/2022
SEND,"Sydney, Non-U.S.",300,5/4/2022,1,Food,Seed,3,Australia,5/9/2022
Colossus,Boston,97,5/4/2022,,Energy,Series A,41,United States,5/12/2022
Cameo,Chicago,87,5/4/2022,0.25,Consumer,Unknown,165,United States,5/4/2022
Mainstreet,SF Bay Area,45,5/4/2022,0.3,Finance,Series A,64,United States,5/5/2022
Ideoclick,Seattle,40,5/4/2022,,Retail,Series A,7,United States,5/9/2022
Vise,New York City,25,5/4/2022,,Finance,Series C,128,United States,5/4/2022
Bizpay,"Sydney, Non-U.S.",,5/4/2022,0.3,Finance,Unknown,45,Australia,5/12/2022
Thrasio,Boston,,5/2/2022,,Retail,Unknown,3400,United States,5/2/2022
Avo,"Tel Aviv, Non-U.S.",500,5/1/2022,0.67,Food,Series B,45,Israel,5/2/2022
Noom,New York City,495,4/29/2022,,Healthcare,Series F,657,United States,5/2/2022
Domestika,SF Bay Area,150,4/28/2022,0.19,Education,Series D,130,United States,7/25/2022
Netflix,SF Bay Area,25,4/28/2022,,Media,Post-IPO,121900,United States,5/12/2022
Wahoo Fitness,Atlanta,50,4/27/2022,,Fitness,Unknown,,United States,6/19/2022
Robinhood,SF Bay Area,340,4/26/2022,0.09,Finance,Post-IPO,5600,United States,4/26/2022
Bonsai,"Toronto, Non-U.S.",29,4/26/2022,0.34,Retail,Series A,27,Canada,6/21/2022
Sigfox,"Toulouse, Non-U.S.",64,4/25/2022,,Other,Acquired,277,France,2/23/2023
Clyde,New York City,22,4/25/2022,,Marketing,Series B,58,United States,5/11/2022
Xiaohongshu,"Shanghai, Non-U.S.",180,4/21/2022,0.09,Consumer,Series E,917,China,4/23/2022
Facily,"Sao Paulo, Non-U.S.",260,4/20/2022,0.3,Retail,Series D,502,Brazil,4/27/2022
Lemonade,New York City,52,4/20/2022,,Finance,Post-IPO,481,United States,5/28/2022
Blend,SF Bay Area,200,4/19/2022,0.1,Finance,Post-IPO,665,United States,4/20/2022
QuintoAndar,"Sao Paulo, Non-U.S.",160,4/19/2022,0.04,Real Estate,Series E,755,Brazil,4/24/2022
Loft,"Sao Paulo, Non-U.S.",159,4/19/2022,,Real Estate,Unknown,788,Brazil,4/24/2022
Better.com,New York City,,4/19/2022,,Real Estate,Unknown,905,United States,4/19/2022
Automox,Boulder,,4/18/2022,0.11,Infrastructure,Series C,152,United States,5/9/2022
Humble,SF Bay Area,10,4/15/2022,,Media,Acquired,4,United States,6/14/2022
Halcyon Health,New York City,,4/15/2022,1,Healthcare,Unknown,2,United States,4/15/2022
Ahead,SF Bay Area,44,4/14/2022,1,Healthcare,Unknown,9,United States,4/15/2022
Truepill,SF Bay Area,,4/14/2022,,Healthcare,Series D,255,United States,5/11/2022
Rad Power Bikes,Seattle,100,4/12/2022,0.14,Transportation,Series D,329,United States,5/5/2022
Meesho,"Bengaluru, Non-U.S.",150,4/11/2022,,Retail,Series F,1100,India,4/15/2022
Food52,New York City,20,4/8/2022,0.1,Food,Acquired,176,United States,5/7/2022
Unacademy,"Bengaluru, Non-U.S.",1000,4/7/2022,0.17,Education,Series H,838,India,4/7/2022
Goodfood,"Calgary, Non-U.S.",70,4/7/2022,,Food,Post-IPO,16,Canada,8/11/2022
Workrise,Austin,450,4/5/2022,,Energy,Series E,752,United States,3/25/2022
Fast,SF Bay Area,,4/5/2022,1,Finance,Series B,124,United States,4/5/2022
BitMEX,Non-U.S.,75,4/4/2022,0.25,Crypto,Seed,,Seychelles,4/5/2022
Legible,"Vancouver, Non-U.S.",23,4/4/2022,0.38,Media,Post-IPO,3,Canada,4/15/2022
Lightico,"Tel Aviv, Non-U.S.",20,3/31/2022,,Finance,Series B,42,Israel,2/7/2023
Sea,"Bengaluru, Non-U.S.",350,3/30/2022,,Retail,Post-IPO,8600,India,3/30/2022
Rasa,"Berlin, Non-U.S.",59,3/30/2022,0.4,Data,Series B,40,Germany,3/30/2022
Gopuff,Philadelphia,450,3/29/2022,0.03,Food,Series H,3400,United States,3/30/2022
Thinkific,"Vancouver, Non-U.S.",100,3/29/2022,0.2,Education,Post-IPO,22,Canada,3/30/2022
Furlenco,"Bengaluru, Non-U.S.",180,3/26/2022,,Retail,Series D,228,India,3/28/2022
Grove Collaborative,SF Bay Area,,3/19/2022,0.17,Retail,Series E,474,United States,3/30/2022
Storytel,"Stockholm, Non-U.S.",100,3/17/2022,0.1,Media,Post-IPO,275,Sweden,5/17/2022
Curology,SF Bay Area,150,3/16/2022,,Healthcare,Series D,19,United States,3/18/2022
Trell,"Bengaluru, Non-U.S.",300,3/15/2022,0.5,Retail,Series B,62,India,5/7/2022
Knock,New York City,115,3/15/2022,0.46,Real Estate,Unknown,654,United States,3/17/2022
Talis Biomedical,SF Bay Area,,3/15/2022,0.25,Healthcare,Post-IPO,8,United States,6/17/2022
Sezzle,Minneapolis,,3/10/2022,0.2,Finance,Post-IPO,301,United States,3/11/2022
Better.com,New York City,3000,3/8/2022,0.33,Real Estate,Unknown,905,United States,3/9/2022
Adaptive Biotechnologies,Seattle,100,3/8/2022,0.12,Healthcare,Post-IPO,406,United States,5/29/2022
Hyperscience,New York City,100,3/3/2022,0.25,Data,Series E,289,United States,3/4/2022
WeDoctor,Non-U.S.,500,3/2/2022,,Healthcare,Series F,1400,China,3/5/2022
Wish,SF Bay Area,190,3/1/2022,0.15,Retail,Post-IPO,1600,United States,5/14/2022
iFit,Logan,,2/25/2022,,Fitness,Private Equity,200,United States,11/22/2022
OKCredit,"New Delhi, Non-U.S.",30,2/24/2022,,Finance,Series B,85,India,2/26/2022
Lido,"Mumbai, Non-U.S.",150,2/21/2022,,Education,Series A,24,India,2/22/2022
Virgin Hyperloop,Los Angeles,111,2/21/2022,0.5,Transportation,Unknown,368,United States,2/22/2022
Trustly,"Stockholm, Non-U.S.",120,2/17/2022,,Finance,Acquired,28,Sweden,5/17/2022
Liv Up,"Sao Paulo, Non-U.S.",100,2/16/2022,0.15,Food,Series D,118,Brazil,4/27/2022
Homie,Salt Lake City,119,2/14/2022,0.29,Real Estate,Series B,35,United States,2/11/2022
Hopin,"London, Non-U.S.",138,2/10/2022,0.12,Other,Series D,1000,United Kingdom,2/11/2022
Daily Harvest,New York City,60,2/10/2022,0.2,Food,Series D,120,United States,2/10/2023
Peloton,New York City,2800,2/8/2022,0.2,Fitness,Post-IPO,1900,United States,2/8/2022
Defined.ai,Seattle,,2/7/2022,,Data,Series B,78,United States,7/7/2022
Rhino,New York City,57,2/3/2022,0.2,Real Estate,Unknown,133,United States,2/4/2022
Gopuff,Philadelphia,100,1/26/2022,,Food,Series H,3400,United States,2/4/2022
Glossier,New York City,80,1/26/2022,0.33,Consumer,Series E,266,United States,1/26/2022
Root Insurance,Columbus,330,1/20/2022,,Finance,Post-IPO,527,United States,1/23/2022
Protonn,"Bengaluru, Non-U.S.",,1/20/2022,1,Other,Seed,9,India,12/4/2023
Spin,SF Bay Area,,1/8/2022,0.25,Transportation,Acquired,8,United States,1/9/2022
Delivery Hero,"Berlin, Non-U.S.",300,12/22/2021,,Food,Post-IPO,8300,Germany,12/30/2021
iFit,Logan,,12/8/2021,,Fitness,Private Equity,200,United States,11/22/2022
Better.com,New York City,900,12/1/2021,0.09,Real Estate,Unknown,905,United States,12/1/2021
BitTitan,Seattle,70,11/18/2021,0.27,Data,Acquired,46,United States,11/20/2021
Zillow,Seattle,2000,11/2/2021,0.25,Real Estate,Post-IPO,97,United States,11/2/2021
InVision,New York City,22,10/5/2021,,Product,Unknown,356,United States,5/7/2022
Ozy Media,SF Bay Area,,10/1/2021,1,Media,Series C,70,United States,10/1/2021
Zymergen,SF Bay Area,120,9/23/2021,,Other,Post-IPO,974,United States,9/25/2021
Imperfect Foods,SF Bay Area,,9/22/2021,,Food,Series D,229,United States,6/14/2022
Genius,New York City,,9/15/2021,,Consumer,Acquired,78,United States,9/16/2021
Treehouse,Portland,41,9/14/2021,0.9,Education,Series B,12,United States,10/27/2021
Casper,New York City,,9/14/2021,,Retail,Post-IPO,339,United States,9/15/2021
Tanium,Seattle,30,8/30/2021,,Security,Unknown,1000,United States,6/7/2022
Flockjay,SF Bay Area,37,8/24/2021,0.5,Education,Series A,14,United States,8/24/2021
Bytedance,"Shanghai, Non-U.S.",1800,8/5/2021,,Consumer,Unknown,9400,China,8/5/2021
Pagarbook,"Bengaluru, Non-U.S.",80,7/26/2021,,HR,Series A,17,India,7/29/2021
Katerra,SF Bay Area,2434,6/1/2021,1,Construction,Unknown,1600,United States,6/1/2021
SumUp,"London, Non-U.S.",,5/5/2021,,Finance,Unknown,53,United Kingdom,5/6/2021
Lambda School,SF Bay Area,65,4/29/2021,,Education,Series C,122,United States,4/30/2021
Madefire,SF Bay Area,,4/29/2021,1,Media,Series B,16,United States,4/30/2021
Patreon,SF Bay Area,36,4/26/2021,,Media,Series D,165,United States,4/29/2021
New Relic,SF Bay Area,160,4/6/2021,0.07,Infrastructure,Post-IPO,214.5,United States,4/7/2021
Medium,SF Bay Area,,3/24/2021,,Media,Series C,132,United States,3/27/2021
HuffPo,New York City,47,3/9/2021,,Media,Acquired,37,United States,3/9/2021
Subspace,Los Angeles,,3/3/2021,,Infrastructure,Series B,,United States,3/4/2021
Clumio,SF Bay Area,,3/1/2021,,Data,Series C,186,United States,3/4/2021
DJI,SF Bay Area,,2/24/2021,,Consumer,Unknown,105,United States,2/25/2021
Ninjacart,"Bengaluru, Non-U.S.",200,2/23/2021,,Food,Unknown,194,India,2/23/2021
Bounce,"Bengaluru, Non-U.S.",200,2/22/2021,0.4,Transportation,Series D,214.2,India,2/22/2021
ThredUp,Chicago,243,2/9/2021,,Retail,Series F,305,United States,2/9/2021
Indigo,Boston,80,2/9/2021,,Other,Series F,1200,United States,2/11/2021
Limelight,New York City,13,2/4/2021,1,Recruiting,Unknown,,United States,2/5/2021
Quandoo,"Berlin, Non-U.S.",87,2/3/2021,0.2,Food,Acquired,39,Germany,2/18/2021
Hubba,"Toronto, Non-U.S.",45,2/1/2021,1,Retail,Series B,61,Canada,2/3/2021
Bytedance,"Mumbai, Non-U.S.",1800,1/27/2021,,Consumer,Unknown,7400,India,1/28/2021
Privitar,"London, Non-U.S.",20,1/27/2021,,Data,Series C,150,United Kingdom,1/28/2021
Shutterfly,SF Bay Area,800,1/25/2021,,Retail,Acquired,50,United States,1/26/2023
Postmates,SF Bay Area,180,1/23/2021,0.15,Food,Acquired,763,United States,1/25/2021
Instacart,SF Bay Area,1877,1/21/2021,,Food,Unknown,2400,United States,1/21/2021
Pocketmath,Singapore,21,1/20/2021,1,Marketing,Unknown,20,Singapore,1/21/2021
Dropbox,SF Bay Area,315,1/13/2021,0.15,Other,Post-IPO,1700,United States,1/13/2021
Aura Financial,SF Bay Area,,1/11/2021,1,Finance,Unknown,584,United States,1/28/2021
Simple,Portland,,1/7/2021,1,Finance,Acquired,15,United States,1/8/2021
WhiteHat Jr,"Mumbai, Non-U.S.",1800,1/6/2021,,Education,Acquired,11,India,1/11/2021
Pulse Secure,SF Bay Area,78,12/23/2020,,Security,Acquired,,United States,12/28/2020
Breather,"Montreal, Non-U.S.",120,12/16/2020,0.8,Real Estate,Series D,131,Canada,12/17/2020
Actifio,Boston,54,12/16/2020,,Data,Acquired,352,United States,12/17/2020
OYO,"Gurugram, Non-U.S.",600,12/8/2020,,Travel,Series F,3200,India,12/9/2020
Zinier,SF Bay Area,,11/25/2020,,HR,Series C,120,United States,12/1/2020
Aya,"Toronto, Non-U.S.",5,11/19/2020,0.25,Finance,Seed,3,Canada,11/19/2020
Domio,New York City,,11/18/2020,0.5,Real Estate,Series B,116,United States,11/19/2020
Bridge Connector,Nashville,154,11/17/2020,1,Healthcare,Series B,45,United States,11/19/2020
Tidepool,SF Bay Area,18,11/17/2020,0.4,Healthcare,Unknown,,United States,1/9/2021
Igenous,Seattle,,11/17/2020,,Data,Series C,67,United States,11/19/2020
Scoop,SF Bay Area,,11/17/2020,,Transportation,Series C,95,United States,12/2/2020
Worksmith,Austin,30,11/9/2020,0.5,Retail,Unknown,3.8,United States,11/12/2020
Rubica,Seattle,,11/5/2020,1,Security,Series A,14,United States,12/23/2020
Bossa Nova,SF Bay Area,,11/2/2020,0.5,Retail,Unknown,101.6,United States,11/5/2020
LivePerson,New York City,30,11/1/2020,,Support,Post-IPO,42,United States,1/21/2023
Remedy,Austin,82,10/29/2020,,Healthcare,Series A,12.5,United States,11/3/2020
Knotel,New York City,20,10/29/2020,0.08,Real Estate,Series C,560,United States,11/3/2020
Cheetah,SF Bay Area,,10/25/2020,,Food,Series B,67,United States,11/4/2020
CodeCombat,SF Bay Area,8,10/23/2020,,Education,Series A,8,United States,10/23/2020
Quibi,Los Angeles,,10/21/2020,1,Media,Private Equity,1800,United States,10/22/2020
Zomato,"Jakarta, Non-U.S.",,10/20/2020,,Food,Series J,914,Indonesia,10/22/2020
GetYourGuide,"Berlin, Non-U.S.",90,10/14/2020,0.17,Travel,Series E,656,Germany,10/16/2020
OLX India,"New Delhi, Non-U.S.",250,10/10/2020,,Marketing,Acquired,28,India,10/12/2020
Chef,Seattle,,10/8/2020,,Infrastructure,Acquired,105,United States,10/16/2020
Alto Pharmacy,SF Bay Area,47,9/29/2020,0.06,Healthcare,Series D,356,United States,10/7/2020
TheWrap,Los Angeles,,9/29/2020,,Media,Series B,3.5,United States,9/30/2020
HumanForest,"London, Non-U.S.",,9/25/2020,,Transportation,Private Equity,1.54,United Kingdom,9/28/2020
WeWork ,"Shenzen, Non-U.S.",,9/23/2020,,Real Estate,Series H,19500,China,9/28/2020
Air,New York City,,9/16/2020,0.16,Marketing,Series A,18,United States,9/21/2020
NS8,Las Vegas,240,9/11/2020,0.95,Data,Series A,157.9,United States,9/11/2020
Bleacher Report,"London, Non-U.S.",20,9/11/2020,,Media,Acquired,40.5,United Kingdom,9/12/2020
HubHaus,SF Bay Area,,9/11/2020,1,Real Estate,Series A,13.4,United States,9/12/2020
Waze,SF Bay Area,30,9/9/2020,0.054,Transportation,Acquired,67,United States,9/10/2020
Ouster,SF Bay Area,,9/8/2020,0.1,Transportation,Series B,132,United States,9/9/2020
Swing Education,SF Bay Area,,9/5/2020,,Education,Series B,22.8,United States,9/8/2020
Akerna,Denver,,9/2/2020,,Logistics,Post-IPO,,United States,9/4/2020
Awok,"Dubai, Non-U.S.",,9/2/2020,1,Retail,Series A,30,United Arab Emirates,9/2/2020
Big Fish Games,Seattle,250,9/1/2020,,Media,Acquired,95.2,United States,9/2/2020
GoBear,"Singapore, Non-U.S.",22,9/1/2020,0.11,Finance,Unknown,97,Singapore,9/2/2020
MakeMyTrip,"New Delhi, Non-U.S.",350,8/31/2020,0.1,Travel,Post-IPO,548,India,9/2/2020
Salesforce,SF Bay Area,1000,8/26/2020,0.0185,Sales,Post-IPO,65.4,United States,8/26/2020
kununu,Boston,,8/26/2020,,Recruiting,Acquired,,United States,9/2/2020
Superloop,"Brisbane, Non-U.S.",30,8/24/2020,,Infrastructure,Post-IPO,36,Australia,6/26/2022
Spaces,Los Angeles,,8/24/2020,,Media,Acquired,9.5,United States,8/26/2020
StreamSets,SF Bay Area,,8/20/2020,,Data,Series C,76.2,United States,8/24/2020
Docly,"London, Non-U.S.",8,8/19/2020,0.8,Healthcare,Seed,15.5,United Kingdom,8/20/2020
Mapify,"Berlin, Non-U.S.",,8/19/2020,,Travel,Seed,1.3,Germany,8/25/2020
Lumina Networks,SF Bay Area,,8/18/2020,1,Infrastructure,Series A,10,United States,8/20/2020
DJI,"Shenzen, Non-U.S.",,8/17/2020,,Consumer,Unknown,105,China,8/18/2020
Shopify,"Ottawa, Non-U.S.",30,8/14/2020,,Retail,Post-IPO,122.3,Canada,8/14/2020
InVision,New York City,,8/14/2020,,Product,Series F,350.2,United States,8/19/2020
HopSkipDrive,Los Angeles,,8/12/2020,,Transportation,Unknown,45,United States,8/13/2020
Mozilla,SF Bay Area,250,8/11/2020,0.25,Consumer,Unknown,2.3,United States,8/11/2020
Eatsy,"Singapore, Non-U.S.",20,8/8/2020,1,Food,Seed,0.9755,Singapore,8/10/2020
Glossier,New York City,150,8/7/2020,0.38,Retail,Series D,186.4,United States,8/19/2020
The Appraisal Lane,"Montevideo, Non-U.S.",,8/7/2020,,Transportation,Seed,1.8,Uruguay,8/11/2020
Thriver,"Toronto, Non-U.S.",75,8/6/2020,0.5,Food,Series B,53,Canada,8/7/2020
Vesta,Atlanta,56,8/5/2020,,Sales,Unknown,20,United States,8/6/2020
Booking.com,"Amsterdam, Non-U.S.",4375,7/30/2020,0.25,Travel,Acquired,,Netherlands,8/4/2020
Buy.com / Rakuten,SF Bay Area,87,7/30/2020,1,Retail,Acquired,42.4,United States,7/31/2020
tZero,New York City,,7/30/2020,,Finance,Acquired,472,United States,7/30/2020
Pared,SF Bay Area,,7/29/2020,,Food,Unknown,13,United States,7/31/2020
Procore,Los Angeles,180,7/28/2020,0.09,Construction,Unknown,649,United States,7/28/2020
Swiggy,"Bengaluru, Non-U.S.",350,7/27/2020,0.05,Food,Series I,1600,India,7/28/2020
Zeitgold,"Berlin, Non-U.S.",75,7/27/2020,0.72,Finance,Series B,60.18,Germany,8/3/2020
Perkbox,"London, Non-U.S.",,7/27/2020,,HR,Unknown,29.7,United Kingdom,7/27/2020
Checkr,SF Bay Area,64,7/23/2020,0.12,HR,Series D,309,United States,7/24/2020
Sorabel,"Jakarta, Non-U.S.",,7/23/2020,1,Retail,Series B,27,Indonesia,7/24/2020
LinkedIn,SF Bay Area,960,7/21/2020,0.06,Recruiting,Acquired,154,United States,7/21/2020
Lighter Capital,Seattle,22,7/20/2020,0.49,Finance,Series B,15,United States,7/20/2020
Curefit,"Bengaluru, Non-U.S.",120,7/17/2020,,Fitness,Series D,404.6,India,7/17/2020
Snaptravel,"Toronto, Non-U.S.",,7/16/2020,,Travel,Series A,22.4,Canada,7/17/2020
Optimizely,SF Bay Area,60,7/15/2020,0.15,Marketing,Series D,251.2,United States,7/16/2020
Skyscanner,"Edinburgh, Non-U.S.",300,7/14/2020,0.2,Travel,Acquired,197.2,United Kingdom,7/14/2020
Vox Media,Washington D.C.,,7/14/2020,,Media,Series F,307.6,United States,7/15/2020
Yelp,SF Bay Area,63,7/13/2020,,Consumer,Post-IPO,56,United States,7/13/2020
Bizongo,"Mumbai, Non-U.S.",140,7/10/2020,,Logistics,Series C,70,India,7/13/2020
Zilingo,"Singapore, Non-U.S.",100,7/9/2020,0.12,Retail,Series D,307,Singapore,7/9/2020
PaySense,"Mumbai, Non-U.S.",40,7/9/2020,,Finance,Acquired,25.6,India,7/10/2020
Funding Circle,SF Bay Area,85,7/8/2020,,Finance,Post-IPO,746,United States,7/9/2020
OnDeck,New York City,,7/8/2020,,Finance,Post-IPO,1200,United States,7/13/2020
The Wing,New York City,56,7/1/2020,,Real Estate,Series C,117,United States,7/9/2020
Sharethrough,SF Bay Area,18,7/1/2020,,Marketing,Series D,38,United States,7/2/2020
Kongregate,SF Bay Area,12,7/1/2020,,Media,Series C,19,United States,7/3/2020
Havenly,Denver,5,7/1/2020,,Consumer,Series C,57.8,United States,7/2/2020
G2,Chicago,17,6/30/2020,0.05,Marketing,Series C,100.8,United States,7/1/2020
Hired,SF Bay Area,,6/30/2020,,Recruiting,Series D,132,United States,7/9/2020
Katerra,SF Bay Area,400,6/29/2020,0.07,Construction,Series E,1300,United States,6/30/2020
Bounce,"Bengaluru, Non-U.S.",130,6/29/2020,0.22,Transportation,Series D,214.2,India,6/30/2020
Argo AI,"Munich, Non-U.S.",100,6/29/2020,,Transportation,Unknown,3600,Germany,6/29/2020
Bossa Nova,SF Bay Area,61,6/29/2020,,Retail,Unknown,101.6,United States,6/30/2020
New Relic,Portland,20,6/29/2020,,Infrastructure,Post-IPO,214.5,United States,6/30/2020
Engine eCommerce,Fayetteville,,6/28/2020,1,Retail,Unknown,4,United States,7/9/2020
Byton,SF Bay Area,,6/27/2020,,Transportation,Series C,1200,United States,6/29/2020
Sprinklr,New York City,,6/25/2020,,Support,Series F,228,United States,6/26/2020
GoDaddy,Austin,451,6/24/2020,0.06,Marketing,Post-IPO,,United States,6/25/2020
Sonos,New York City,174,6/24/2020,0.12,Consumer,Post-IPO,455.2,United States,6/25/2020
OYO,Dallas,,6/24/2020,,Travel,Series F,3200,United States,7/9/2020
Gojek,"Jakarta, Non-U.S.",430,6/23/2020,0.09,Transportation,Series F,4800,Indonesia,6/23/2020
ScaleFactor,Austin,90,6/23/2020,0.9,Finance,Series C,103,United States,6/23/2020
Dark,SF Bay Area,6,6/23/2020,1,Product,Seed,3,United States,6/29/2020
Intuit,SF Bay Area,715,6/22/2020,0.07,Finance,Post-IPO,18,United States,6/22/2020
WeWork,"London, Non-U.S.",200,6/19/2020,,Real Estate,Series H,19500,United Kingdom,6/27/2020
Atlas Obscura ,New York City,15,6/18/2020,,Media,Series B,32,United States,6/23/2020
Navi,"Bengaluru, Non-U.S.",40,6/17/2020,0.25,Finance,Private Equity,582,India,6/20/2020
PaisaBazaar,"Gurugram, Non-U.S.",1500,6/16/2020,0.5,Finance,Series G,496,India,6/16/2020
Grab,"Singapore, Non-U.S.",360,6/16/2020,0.05,Transportation,Series I,9900,Singapore,6/16/2020
Splunk,SF Bay Area,70,6/16/2020,0.01,Data,Post-IPO,40,United States,6/18/2020
Redox,Madison,44,6/16/2020,0.25,Healthcare,Series C,50,United States,6/23/2020
Conga,Denver,,6/15/2020,0.11,Data,Acquired,117,United States,6/23/2020
Stockwell AI,SF Bay Area,,6/15/2020,1,Retail,Series B,10,United States,6/16/2020
Uber,"Amsterdam, Non-U.S.",225,6/12/2020,0.25,Transportation,Post-IPO,24700,Netherlands,6/27/2020
SynapseFI,SF Bay Area,63,6/12/2020,0.48,Finance,Series B,50,United States,6/13/2020
ScaleFocus,"Sofia, Non-U.S.",120,6/11/2020,0.1,Infrastructure,Unknown,,Bulgaria,6/11/2020
Branch,New York City,3,6/11/2020,0.27,Retail,Seed,2,United States,6/11/2020
Her Campus Media,Boston,10,6/10/2020,0.18,Media,Unknown,,United States,6/10/2020
Integrate.ai,"Toronto, Non-U.S.",26,6/9/2020,,Support,Unknown,39.6,Canada,6/30/2020
The Athletic,SF Bay Area,46,6/5/2020,0.08,Media,Series D,139,United States,6/5/2020
Ethos Life,SF Bay Area,18,6/5/2020,0.14,Finance,Series C,106,United States,6/6/2020
Lastline,SF Bay Area,50,6/4/2020,0.4,Security,Series C,52,United States,6/4/2020
Builder,Los Angeles,39,6/4/2020,0.14,Product,Series A,29,United States,6/4/2020
Outdoorsy,SF Bay Area,,6/4/2020,,Transportation,Series C,75,United States,6/4/2020
Monzo,"London, Non-U.S.",120,6/3/2020,0.08,Finance,Series F,324,United Kingdom,6/3/2020
Kitty Hawk,SF Bay Area,70,6/3/2020,,Aerospace,Unknown,1,United States,6/3/2020
SpotHero,Chicago,40,6/3/2020,0.21,Transportation,Series D,117,United States,6/3/2020
Credit Sesame,SF Bay Area,22,6/3/2020,0.14,Finance,Series F,120,United States,6/4/2020
Circ,"Berlin, Non-U.S.",100,6/2/2020,,Transportation,Acquired,55,Germany,6/3/2020
Rivian,Detroit,40,6/2/2020,0.02,Transportation,Private Equity,3100,United States,6/3/2020
Fundbox,SF Bay Area,14,6/2/2020,0.15,Finance,Series C,453,United States,6/2/2020
Descartes Labs,Santa Fe,12,6/2/2020,0.16,Data,Series B,58,United States,6/3/2020
MakerBot,New York City,12,6/2/2020,,Consumer,Acquired,10,United States,6/2/2020
Stitch Fix,SF Bay Area,1400,6/1/2020,0.18,Retail,Post-IPO,79,United States,6/2/2020
MakeMyTrip,"Gurugram, Non-U.S.",350,6/1/2020,0.1,Travel,Post-IPO,548,India,6/3/2020
CrowdStreet,Portland,24,6/1/2020,0.22,Real Estate,Series C,24,United States,6/2/2020
Brex,SF Bay Area,62,5/29/2020,0.15,Finance,Series C,732,United States,5/29/2020
Loftium,Seattle,32,5/29/2020,0.6,Real Estate,Series A,17,United States,5/29/2020
BookMyShow,"Mumbai, Non-U.S.",270,5/28/2020,0.18,Consumer,Unknown,224,India,5/28/2020
TrueCar,Los Angeles,219,5/28/2020,0.3,Transportation,Post-IPO,340,United States,5/29/2020
StubHub,SF Bay Area,200,5/28/2020,,Consumer,Acquired,19,United States,6/18/2020
Culture Amp,"Melbourne, Non-U.S.",36,5/28/2020,0.08,HR,Series E,157,Australia,5/28/2020
The Sill,New York City,20,5/28/2020,0.25,Retail,Series A,7,United States,5/29/2020
Instructure,Salt Lake City,150,5/27/2020,0.12,Education,Acquired,89,United States,5/27/2020
Ebanx,"Curitiba, Non-U.S.",62,5/27/2020,0.08,Finance,Unknown,30,Brazil,6/1/2020
Uber,Bengaluru,600,5/26/2020,0.23,Transportation,Post-IPO,24700,India,5/26/2020
Bluprint,Denver,137,5/26/2020,1,Education,Acquired,108,United States,5/27/2020
Acorns,Portland,50,5/26/2020,,Finance,Unknown,207,United States,5/30/2020
CarDekho,"Gurugram, Non-U.S.",200,5/25/2020,,Transportation,Series D,247,India,5/26/2020
Teamwork,"Cork, Non-U.S.",21,5/22/2020,,Other,Unknown,,Ireland,5/24/2020
Cvent,Washington D.C.,400,5/21/2020,0.1,Marketing,Acquired,146,United States,5/22/2020
PickYourTrail,"Chennai, Non-U.S.",70,5/21/2020,0.35,Travel,Series A,3,India,9/14/2020
Glitch,New York City,18,5/21/2020,0.36,Product,Series A,30,United States,5/22/2020
Kapten / Free Now,"Paris, Non-U.S.",,5/21/2020,,Transportation,Acquired,100,France,5/28/2020
Ola,"Bengaluru, Non-U.S.",1400,5/20/2020,0.35,Transportation,Series J,3800,India,5/20/2020
Samsara,SF Bay Area,300,5/20/2020,0.18,Logistics,Series F,530,United States,5/20/2020
Stay Alfred,Spokane,221,5/20/2020,1,Travel,Series B,62,United States,5/21/2020
SoFi,SF Bay Area,112,5/20/2020,0.07,Finance,Private Equity,2500,United States,5/20/2020
ShareChat,"Bengaluru, Non-U.S.",101,5/20/2020,0.25,Marketing,Series D,222,India,5/20/2020
Intercom,SF Bay Area,39,5/20/2020,0.06,Support,Series D,240,United States,5/20/2020
Livspace,"Bengaluru, Non-U.S.",450,5/19/2020,0.15,Retail,Series D,157,India,5/19/2020
Pollen,"London, Non-U.S.",69,5/19/2020,0.31,Travel,Series B,88,United Kingdom,5/19/2020
Dotscience,"London, Non-U.S.",10,5/19/2020,1,Product,Unknown,,United Kingdom,5/20/2020
Divvy,Salt Lake City,,5/19/2020,,Finance,Series C,252,United States,5/19/2020
Uber,SF Bay Area,3000,5/18/2020,0.13,Transportation,Post-IPO,24700,United States,5/18/2020
Agoda,"Singapore, Non-U.S.",1500,5/18/2020,0.25,Travel,Acquired,,Singapore,5/19/2020
Swiggy,"Bengaluru, Non-U.S.",1100,5/18/2020,0.14,Food,Series I,1600,India,5/18/2020
WeWork,"New Delhi, Non-U.S.",100,5/18/2020,0.2,Real Estate,Series H,19500,India,5/19/2020
Rubrik,SF Bay Area,57,5/18/2020,,Infrastructure,Series E,553,United States,6/25/2020
Intapp,SF Bay Area,45,5/18/2020,0.05,Legal,Private Equity,,United States,5/19/2020
Checkmarx,"Tel Aviv, Non-U.S.",,5/18/2020,,Security,Acquired,92,Israel,5/23/2020
Datera,SF Bay Area,,5/18/2020,0.1,Infrastructure,Series C,63,United States,5/18/2020
Magicbricks,"Noida, Non-U.S.",250,5/17/2020,,Real Estate,Unknown,300,India,5/19/2020
Zomato,"Gurugram, Non-U.S.",520,5/15/2020,0.13,Food,Series J,914,India,5/15/2020
Lendingkart,"Ahmedabad, Non-U.S.",500,5/15/2020,0.5,Finance,Unknown,200,India,5/15/2020
Lattice,SF Bay Area,16,5/15/2020,0.1,HR,Series C,49,United States,5/29/2020
Masse,New York City,,5/15/2020,1,Retail,Seed,3,United States,5/20/2020
Cruise,SF Bay Area,150,5/14/2020,0.08,Transportation,Acquired,5300,United States,5/14/2020
Quartz,New York City,80,5/14/2020,0.4,Media,Acquired,,United States,5/14/2020
Integral Ad Science,New York City,70,5/14/2020,0.1,Marketing,Acquired,116,United States,5/14/2020
Ridecell,SF Bay Area,35,5/14/2020,0.15,Transportation,Series B,73,United States,5/19/2020
Veem,SF Bay Area,30,5/14/2020,,Finance,Unknown,69,United States,5/15/2020
Sift,SF Bay Area,,5/14/2020,,Security,Series D,106,United States,5/29/2020
TicketSwap,"Amsterdam, Non-U.S.",,5/14/2020,0.3,Consumer,Unknown,8,Netherlands,7/13/2023
Workfront,Salt Lake City,,5/14/2020,,Marketing,Series C,375,United States,5/14/2020
Deliv,SF Bay Area,669,5/13/2020,1,Retail,Series C,80,United States,5/7/2020
Mercos,"Joinville, Non-U.S.",51,5/13/2020,0.4,Sales,Unknown,2,Brazil,5/13/2020
Kickstarter,New York City,25,5/13/2020,0.18,Finance,Unknown,10,United States,5/13/2020
Intersect,"Toronto, Non-U.S.",19,5/13/2020,0.11,Product,Acquired,,Canada,5/13/2020
Mode Analytics,SF Bay Area,17,5/13/2020,,Data,Series C,46,United States,5/13/2020
BetterCloud,New York City,,5/13/2020,,Security,Series E,111,United States,5/14/2020
WeFit,"Hanoi, Non-U.S.",,5/13/2020,1,Fitness,Seed,1,Vietnam,5/14/2020
Zymergen ,SF Bay Area,,5/13/2020,0.1,Other,Series C,574,United States,5/29/2020
Stone,"Sao Paulo, Non-U.S.",1300,5/12/2020,0.2,Finance,Post-IPO,,Brazil,5/13/2020
Zeus Living,SF Bay Area,73,5/12/2020,0.5,Real Estate,Series B,79,United States,5/12/2020
Mixpanel,SF Bay Area,65,5/12/2020,0.19,Data,Series B,77,United States,5/13/2020
Hireology,Chicago,36,5/12/2020,0.17,Recruiting,Series D,52,United States,5/13/2020
Top Hat,"Toronto, Non-U.S.",16,5/12/2020,0.03,Education,Series D,104,Canada,5/12/2020
Datto,Norwalk,,5/12/2020,,Infrastructure,Acquired,100,United States,5/13/2020
Petal,New York City,,5/12/2020,,Finance,Series B,47,United States,5/15/2020
Revolut,"London, Non-U.S.",60,5/11/2020,0.03,Finance,Series D,837,United Kingdom,5/20/2020
Cadre,New York City,28,5/11/2020,0.25,Real Estate,Series C,133,United States,5/11/2020
N26,New York City,9,5/8/2020,0.01,Finance,Series D,782,United States,5/12/2020
Jump,New York City,500,5/7/2020,1,Transportation,Acquired,11,United States,5/8/2020
Glassdoor,SF Bay Area,300,5/7/2020,0.3,Recruiting,Acquired,204,United States,5/7/2020
Numbrs,"Zurich, Non-U.S.",62,5/7/2020,0.5,Finance,Series B,78,Switzerland,5/8/2020
Flywire,Boston,60,5/7/2020,0.12,Finance,Series E,263,United States,5/7/2020
SalesLoft,Atlanta,55,5/7/2020,,Sales,Series D,145,United States,5/8/2020
Tally,SF Bay Area,28,5/7/2020,0.23,Finance,Series C,92,United States,5/11/2020
Airy Rooms,"Jakarta, Non-U.S.",,5/7/2020,1,Travel,Unknown,,Indonesia,6/4/2020
Uber,SF Bay Area,3700,5/6/2020,0.14,Transportation,Post-IPO,24700,United States,5/6/2020
Validity,Boston,130,5/6/2020,0.33,Data,Private Equity,,United States,5/7/2020
Flatiron School,New York City,100,5/6/2020,,Education,Acquired,15,United States,5/7/2020
Rubicon Project,Los Angeles,50,5/6/2020,0.08,Marketing,Post-IPO,60,United States,5/7/2020
Segment,SF Bay Area,50,5/6/2020,0.1,Data,Series D,283,United States,5/7/2020
OPay,"Lagos, Non-U.S.",,5/6/2020,0.7,Finance,Series B,170,Nigeria,5/15/2020
ThoughtSpot,SF Bay Area,,5/6/2020,,Data,Series E,743,United States,5/8/2020
Airbnb,SF Bay Area,1900,5/5/2020,0.25,Travel,Private Equity,5400,United States,5/5/2020
Juul,SF Bay Area,900,5/5/2020,0.3,Consumer,Unknown,1500,United States,5/6/2020
Andela,New York City,135,5/5/2020,0.1,Recruiting,Series D,181,United States,5/6/2020
Stack Overflow,New York City,40,5/5/2020,0.15,Recruiting,Series D,68,United States,5/7/2020
Pipedrive,"Tallinn, Non-U.S.",31,5/5/2020,,Sales,Series C,90,Estonia,5/7/2020
Workable,Boston,25,5/5/2020,0.1,Recruiting,Series C,84,United States,5/6/2020
Cloudera,SF Bay Area,,5/5/2020,,Infrastructure,Post-IPO,1000,United States,5/7/2020
Handshake,SF Bay Area,,5/5/2020,,Recruiting,Series C,74,United States,5/10/2020
League,"Toronto, Non-U.S.",,5/5/2020,,Healthcare,Unknown,76,Canada,5/7/2020
Curefit,"Bengaluru, Non-U.S.",800,5/4/2020,0.16,Fitness,Series D,404,India,5/4/2020
Careem,"Dubai, Non-U.S.",536,5/4/2020,0.31,Transportation,Acquired,771,United Arab Emirates,5/4/2020
Oriente,"Hong Kong, Non-U.S.",400,5/4/2020,0.2,Finance,Series B,175,Hong Kong,5/5/2020
Veriff,"Tallinn, Non-U.S.",63,5/4/2020,0.21,Security,Series A,7,Estonia,5/5/2020
Element AI,"Montreal, Non-U.S.",62,5/4/2020,0.15,Other,Series B,257,Canada,5/6/2020
Deputy,"Sydney, Non-U.S.",60,5/4/2020,0.3,HR,Series B,106,Australia,5/18/2020
Loopio,"Toronto, Non-U.S.",11,5/4/2020,0.08,Sales,Series A,11,Canada,5/7/2020
Castlight Health,SF Bay Area,,5/4/2020,0.13,Healthcare,Post-IPO,184,United States,5/10/2020
Trivago,"Dusseldorf, Non-U.S.",,5/4/2020,,Travel,Acquired,55,Germany,5/7/2020
Trax,"Tel Aviv, Non-U.S.",120,5/3/2020,0.1,Retail,Series D,386,Israel,5/17/2020
LiveTiles,New York City,50,5/3/2020,,Other,Post-IPO,46,United States,5/9/2020
OYO,"London, Non-U.S.",150,5/1/2020,,Travel,Series F,2400,United Kingdom,5/4/2020
Namely,New York City,110,5/1/2020,0.4,HR,Series E,217,United States,5/2/2020
Culture Trip,"London, Non-U.S.",95,5/1/2020,0.32,Media,Series B,102,United Kingdom,5/1/2020
Sandbox VR,SF Bay Area,80,5/1/2020,0.8,Consumer,Series A,82,United States,5/1/2020
Virtudent,Boston,70,5/1/2020,,Healthcare,Series A,10,United States,5/1/2020
Monese,"Lisbon, Non-U.S.",35,5/1/2020,,Finance,Unknown,80,Portugal,6/1/2020
TheSkimm,New York City,26,5/1/2020,0.2,Media,Series C,28,United States,5/2/2020
Automatic,SF Bay Area,,5/1/2020,1,Transportation,Acquired,24,United States,5/1/2020
Flynote,"Bengaluru, Non-U.S.",,5/1/2020,,Travel,Seed,1,India,5/7/2020
Bullhorn,Boston,100,4/30/2020,,Sales,Acquired,32,United States,5/2/2020
Care.com,Boston,81,4/30/2020,,Consumer,Acquired,156,United States,5/1/2020
AirMap,Los Angeles,,4/30/2020,,Aerospace,Unknown,75,United States,5/2/2020
Cohesity,SF Bay Area,,4/30/2020,,Data,Series E,660,United States,5/1/2020
Fandom,SF Bay Area,,4/30/2020,0.14,Media,Series E,145,United States,5/1/2020
PicoBrew,Seattle,,4/30/2020,1,Food,Series A,15,United States,5/1/2020
Lyft,SF Bay Area,982,4/29/2020,0.17,Transportation,Post-IPO,4900,United States,4/29/2020
WeWork,SF Bay Area,300,4/29/2020,,Real Estate,Series H,2250,United States,4/28/2020
Kayak / OpenTable,Stamford,160,4/29/2020,0.08,Travel,Acquired,229,United States,4/30/2020
Kitopi,New York City,124,4/29/2020,,Food,Series B,89,United States,4/29/2020
Lime,SF Bay Area,80,4/29/2020,0.13,Transportation,Series D,765,United States,4/29/2020
Transfix,New York City,24,4/29/2020,0.1,Logistics,Series D,128,United States,4/29/2020
Yoco,"Cape Town, Non-U.S.",,4/29/2020,,Finance,Series B,23,South Africa,5/15/2020
TripAdvisor,Boston,900,4/28/2020,0.25,Travel,Post-IPO,3,United States,4/28/2020
Renmoney,"Lagos, Non-U.S.",391,4/28/2020,0.5,Finance,Unknown,,Nigeria,5/15/2020
Deliveroo,"London, Non-U.S.",367,4/28/2020,0.15,Food,Series G,1500,United Kingdom,4/28/2020
App Annie,SF Bay Area,80,4/28/2020,0.18,Data,Unknown,156,United States,4/28/2020
OpenX,Los Angeles,35,4/28/2020,0.15,Marketing,Unknown,70,United States,4/29/2020
PayJoy,SF Bay Area,27,4/28/2020,0.25,Finance,Series B,71,United States,5/27/2020
Shipsi,Los Angeles,20,4/28/2020,0.5,Retail,Seed,2,United States,4/28/2020
Desktop Metal,Boston,,4/28/2020,,Other,Series E,436,United States,4/29/2020
Migo,SF Bay Area,,4/28/2020,0.25,Finance,Series B,37,United States,5/29/2020
Automation Anywhere,SF Bay Area,260,4/27/2020,0.1,Other,Series B,840,United States,4/27/2020
JetClosing,Seattle,20,4/27/2020,0.2,Real Estate,Series A,24,United States,4/28/2020
Qwick,Phoenix,,4/27/2020,0.7,Recruiting,Seed,4,United States,4/28/2020
OYO,"Sao Paulo, Non-U.S.",500,4/25/2020,,Travel,Series F,2400,Brazil,5/11/2020
Stoqo,"Jakarta, Non-U.S.",250,4/25/2020,1,Food,Series A,,Indonesia,4/26/2020
Submittable,Missoula,30,4/25/2020,0.2,Other,Series B,17,United States,5/14/2020
Divergent 3D,Los Angeles,57,4/24/2020,0.36,Transportation,Series B,88,United States,4/24/2020
Ada Support,"Toronto, Non-U.S.",36,4/24/2020,0.23,Support,Series B,60,Canada,4/24/2020
UPshow,Chicago,19,4/24/2020,0.3,Marketing,Series A,7,United States,4/25/2020
Lighter Capital,Seattle,18,4/24/2020,0.22,Finance,Series B,15,United States,4/27/2020
Horizn Studios,"Berlin, Non-U.S.",15,4/24/2020,0.25,Travel,Series B,30,Germany,4/27/2020
Welkin Health,SF Bay Area,10,4/24/2020,0.33,Healthcare,Series B,29,United States,9/16/2020
Jiobit,Chicago,6,4/24/2020,0.21,Consumer,Unknown,12,United States,4/25/2020
TutorMundi,"Sao Paulo, Non-U.S.",4,4/24/2020,1,Education,Series A,2,Brazil,5/3/2020
Cheddar,New York City,,4/24/2020,,Media,Acquired,54,United States,4/30/2020
GoCardless,"London, Non-U.S.",,4/24/2020,,Finance,Series E,122,United Kingdom,4/28/2020
StockX,Detroit,100,4/23/2020,0.12,Retail,Series C,160,United States,4/24/2020
Zenefits,SF Bay Area,87,4/23/2020,0.15,HR,Series C,583,United States,4/24/2020
Sisense,New York City,80,4/23/2020,0.09,Data,Series F,274,United States,4/23/2020
Oscar Health,New York City,70,4/23/2020,0.05,Healthcare,Unknown,1300,United States,4/24/2020
Simon Data,New York City,6,4/23/2020,,Marketing,Series C,68,United States,5/15/2020
Convoy,Seattle,,4/23/2020,0.01,Logistics,Series D,665,United States,4/30/2020
PowerReviews,Chicago,,4/23/2020,,Retail,Acquired,78,United States,4/27/2020
Singular,SF Bay Area,,4/23/2020,,Marketing,Series B,50,United States,4/23/2020
Magic Leap,Miami,1000,4/22/2020,0.5,Consumer,Series E,2600,United States,4/22/2020
When I Work,Minneapolis,55,4/22/2020,0.35,HR,Series B,24,United States,4/23/2020
Ike,SF Bay Area,10,4/22/2020,0.14,Transportation,Series A,52,United States,4/22/2020
Airy Rooms,"Jakarta, Non-U.S.",,4/22/2020,0.7,Travel,Unknown,,Indonesia,5/10/2020
Clearbit,SF Bay Area,,4/22/2020,,Data,Series A,17,United States,4/25/2020
ExtraHop,Seattle,,4/22/2020,,Security,Series C,61,United States,4/23/2020
Nearmap,"Sydney, Non-U.S.",,4/22/2020,0.1,Construction,Post-IPO,15,Australia,5/10/2020
Swiggy,"Bengaluru, Non-U.S.",800,4/21/2020,,Food,Series I,1600,India,4/22/2020
Paytm,"New Delhi, Non-U.S.",500,4/21/2020,,Finance,Unknown,2200,India,4/22/2020
Lending Club,SF Bay Area,460,4/21/2020,0.3,Finance,Post-IPO,392,United States,4/21/2020
Houzz,SF Bay Area,155,4/21/2020,0.1,Consumer,Series E,613,United States,4/21/2020
Casper,New York City,78,4/21/2020,0.21,Retail,Post-IPO,339,United States,4/21/2020
RealSelf,Seattle,40,4/21/2020,0.13,Healthcare,Series B,42,United States,4/22/2020
Freshbooks,"Toronto, Non-U.S.",38,4/21/2020,0.09,Finance,Series B,75,Canada,4/22/2020
Patreon,SF Bay Area,30,4/21/2020,0.13,Media,Series D,165,United States,4/21/2020
Lambda School,SF Bay Area,19,4/21/2020,,Education,Series B,48,United States,4/22/2020
Politico / Protocol,Washington D.C.,13,4/21/2020,,Media,Unknown,,United States,4/22/2020
Bringg,"Tel Aviv, Non-U.S.",10,4/21/2020,0.1,Logistics,Series D,84,Israel,4/23/2020
Klook,"Hong Kong, Non-U.S.",300,4/20/2020,0.15,Travel,Series D,521,Hong Kong,5/6/2020
ConsenSys,New York City,91,4/20/2020,0.14,Crypto,Unknown,10,United States,4/21/2020
GumGum,Los Angeles,90,4/20/2020,0.25,Marketing,Series D,58,United States,4/24/2020
Kueski,"Guadalajara, Non-U.S.",90,4/20/2020,0.3,Finance,Series B,38,Mexico,4/21/2020
Movidesk,"Blumenau, Non-U.S.",33,4/20/2020,0.25,Support,Seed,1,Brazil,4/27/2020
Zum,SF Bay Area,28,4/20/2020,,Transportation,Series C,71,United States,4/23/2020
Komodo Health,SF Bay Area,23,4/20/2020,0.09,Healthcare,Series C,50,United States,4/21/2020
Forward,SF Bay Area,10,4/20/2020,0.03,Healthcare,Series C,100,United States,4/21/2020
Hipcamp,SF Bay Area,,4/20/2020,0.6,Travel,Series B,40.5,United States,8/27/2020
Motif Investing,SF Bay Area,,4/18/2020,1,Finance,Series E,126,United States,5/3/2020
BlackBuck,"Bengaluru, Non-U.S.",200,4/17/2020,,Logistics,Series D,293,India,4/19/2020
ContaAzul,"Joinville, Non-U.S.",140,4/17/2020,0.35,Education,Series D,37,Brazil,4/27/2020
Greenhouse,New York City,120,4/17/2020,0.28,Recruiting,Series D,110,United States,4/17/2020
QuintoAndar,"Sao Paulo, Non-U.S.",88,4/17/2020,0.08,Real Estate,Series D,335,Brazil,4/18/2020
Loft,"Sao Paulo, Non-U.S.",47,4/17/2020,0.1,Real Estate,Series C,263,Brazil,4/18/2020
Zilingo,"Singapore, Non-U.S.",44,4/17/2020,0.05,Retail,Series D,307,Singapore,4/19/2020
Labster,"Copenhagen, Non-U.S.",40,4/17/2020,,Education,Series B,34,Denmark,4/27/2020
Sweetgreen,Los Angeles,35,4/17/2020,0.1,Food,Series I,478,United States,4/17/2020
People.ai,SF Bay Area,30,4/17/2020,0.18,Marketing,Series C,100,United States,4/17/2020
Tor,Boston,13,4/17/2020,0.37,Security,Unknown,1,United States,4/18/2020
BitGo,SF Bay Area,,4/17/2020,0.12,Crypto,Series B,69,United States,4/30/2020
Dispatch,Boston,,4/17/2020,0.38,Other,Series A,18,United States,4/19/2020
Food52,New York City,,4/17/2020,,Food,Acquired,96,United States,4/27/2020
Influitive,"Toronto, Non-U.S.",,4/17/2020,,Marketing,Unknown,59,Canada,4/27/2020
CarGurus,Boston,130,4/16/2020,0.13,Transportation,Post-IPO,1,United States,4/16/2020
Funding Societies,"Singapore, Non-U.S.",65,4/16/2020,0.18,Finance,Series B,42,Singapore,4/19/2020
CleverTap,"Mumbai, Non-U.S.",60,4/16/2020,0.2,Marketing,Series C,76,India,4/21/2020
CrowdRiff,"Toronto, Non-U.S.",,4/16/2020,,Marketing,Series A,11,Canada,4/27/2020
FullStory,Atlanta,,4/16/2020,,Marketing,Series C,59,United States,4/27/2020
Grailed,New York City,,4/16/2020,,Retail,Series A,16,United States,4/23/2020
LumenAd,Missoula,,4/16/2020,,Marketing,Unknown,,United States,5/3/2020
Purse,SF Bay Area,,4/16/2020,1,Crypto,Seed,1,United States,4/16/2020
SquadVoice,Columbus,,4/16/2020,,Real Estate,Series A,2,United States,5/3/2020
Opendoor,SF Bay Area,600,4/15/2020,0.35,Real Estate,Series E,1500,United States,4/15/2020
GoPro,SF Bay Area,200,4/15/2020,0.2,Consumer,Post-IPO,288,United States,4/15/2020
Shop101,"Mumbai, Non-U.S.",200,4/15/2020,0.4,Retail,Series C,19,India,4/21/2020
Zume,SF Bay Area,200,4/15/2020,0.67,Food,Unknown,423,United States,4/15/2020
Carta,SF Bay Area,161,4/15/2020,0.16,Finance,Series E,447,United States,4/15/2020
Akulaku,"Jakarta, Non-U.S.",100,4/15/2020,,Finance,Series D,160,Indonesia,4/20/2020
Parsable,SF Bay Area,40,4/15/2020,0.25,HR,Series C,72,United States,4/28/2020
Kodiak Robotics,SF Bay Area,15,4/15/2020,0.2,Transportation,Series A,40,United States,4/16/2020
Tulip Retail,"Toronto, Non-U.S.",14,4/15/2020,,Retail,Series B,51,Canada,4/16/2020
Trove Recommerce,SF Bay Area,13,4/15/2020,,Retail,Series C,34,United States,4/22/2020
Dude Solutions,Raleigh,,4/15/2020,0.2,Other,Acquired,100,United States,4/16/2020
SweetEscape,"Jakarta, Non-U.S.",,4/15/2020,0.3,Consumer,Series A,7,Indonesia,4/20/2020
View,SF Bay Area,,4/15/2020,,Energy,Series H,1800,United States,4/16/2020
The RealReal,SF Bay Area,235,4/14/2020,0.1,Retail,Post-IPO,358,United States,4/15/2020
TouchBistro,"Toronto, Non-U.S.",131,4/14/2020,0.23,Food,Series E,224,Canada,4/14/2020
Envoy,SF Bay Area,58,4/14/2020,0.3,HR,Series B,59,United States,4/15/2020
VSCO,SF Bay Area,45,4/14/2020,0.35,Consumer,Series B,90,United States,4/14/2020
Skillz,SF Bay Area,21,4/14/2020,,Consumer,Series D,132,United States,4/24/2020
DataStax,SF Bay Area,15,4/14/2020,,Data,Series E,190,United States,4/15/2020
Xerpa,"Sao Paulo, Non-U.S.",10,4/14/2020,,HR,Unknown,5,Brazil,4/14/2020
Aura Financial,SF Bay Area,,4/14/2020,,Finance,Unknown,584,United States,5/10/2020
RedDoorz,"Singapore, Non-U.S.",,4/14/2020,,Travel,Series C,134,Singapore,4/28/2020
Groupon,Chicago,2800,4/13/2020,0.44,Retail,Post-IPO,1400,United States,4/13/2020
Zoox,SF Bay Area,100,4/13/2020,0.1,Transportation,Series B,955,United States,4/14/2020
Neon,"Sao Paulo, Non-U.S.",70,4/13/2020,0.1,Finance,Series B,120,Brazil,4/14/2020
EasyPost,SF Bay Area,50,4/13/2020,0.25,Logistics,Series A,12,United States,4/14/2020
Clearbanc,"Toronto, Non-U.S.",17,4/13/2020,0.08,Finance,Series B,119,Canada,4/13/2020
Meow Wolf,Santa Fe,201,4/10/2020,,Media,Unknown,185,United States,4/12/2020
Frontdesk,Milwaukee,35,4/10/2020,0.16,Travel,Unknown,3,United States,4/11/2020
BeeTech,"Sao Paulo, Non-U.S.",30,4/10/2020,,Finance,Series B,14,Brazil,4/29/2020
Built In,Chicago,28,4/10/2020,,Recruiting,Series C,29,United States,5/14/2020
NuoDB,Boston,20,4/10/2020,0.29,Data,Unknown,85,United States,4/11/2020
Rhumbix,SF Bay Area,16,4/10/2020,0.27,Construction,Series B,35,United States,4/13/2020
Atsu,Seattle,6,4/10/2020,1,Infrastructure,Unknown,1,United States,4/17/2020
Geekwire,Seattle,5,4/10/2020,0.31,Media,Unknown,,United States,4/12/2020
FloQast,Los Angeles,,4/10/2020,,Finance,Series C,119,United States,4/27/2020
Yelp,SF Bay Area,1000,4/9/2020,0.17,Consumer,Post-IPO,56,United States,4/9/2020
Monzo,Las Vegas,165,4/9/2020,,Finance,Series F,324,United States,4/9/2020
OneTrust,Atlanta,150,4/9/2020,0.1,Legal,Series B,410,United States,4/10/2020
Omie,"Sao Paulo, Non-U.S.",136,4/9/2020,0.31,Finance,Series B,26,Brazil,4/9/2020
Domo,Salt Lake City,90,4/9/2020,0.1,Data,Post-IPO,689,United States,4/11/2020
Matterport,SF Bay Area,90,4/9/2020,0.34,Data,Series D,114,United States,4/14/2020
Clinc,Ann Arbor,40,4/9/2020,0.32,Support,Series B,59,United States,4/2/2020
Mejuri,"Toronto, Non-U.S.",36,4/9/2020,0.15,Retail,Series B,28,Canada,4/10/2020
Code42,Minneapolis,25,4/9/2020,0.05,Data,Series B,137.5,United States,9/8/2020
Lighthouse Labs,"Toronto, Non-U.S.",14,4/9/2020,0.07,Education,Unknown,,Canada,4/10/2020
LoopMe,"London, Non-U.S.",8,4/9/2020,0.04,Marketing,Unknown,32,United Kingdom,4/10/2020
CipherTrace,SF Bay Area,,4/9/2020,,Crypto,Unknown,18,United States,4/30/2020
Elliptic,"London, Non-U.S.",,4/9/2020,0.3,Crypto,Series B,40,United Kingdom,4/30/2020
Zest AI,Los Angeles,,4/9/2020,,Finance,Unknown,217,United States,4/12/2020
Eventbrite,SF Bay Area,500,4/8/2020,0.45,Consumer,Post-IPO,332,United States,4/8/2020
Meesho,"Bengaluru, Non-U.S.",200,4/8/2020,0.28,Retail,Series D,215,India,4/10/2020
Scoop,SF Bay Area,92,4/8/2020,0.33,Transportation,Series C,95,United States,4/9/2020
Unison,SF Bay Area,89,4/8/2020,0.45,Finance,Series B,40,United States,4/4/2020
Lever,SF Bay Area,86,4/8/2020,0.4,Recruiting,Series C,72,United States,4/9/2020
Unbabel,"Lisbon, Non-U.S.",80,4/8/2020,0.35,Support,Series C,91,Portugal,4/9/2020
Button,New York City,48,4/8/2020,0.35,Marketing,Series C,64,United States,4/10/2020
Eden / Managed By Q,New York City,40,4/8/2020,0.4,Real Estate,Series B,40,United States,4/8/2020
Quantcast,SF Bay Area,30,4/8/2020,0.05,Marketing,Series C,65,United States,4/8/2020
BVAccel,San Diego,25,4/8/2020,0.25,Marketing,Unknown,,United States,4/12/2020
VideoAmp,Los Angeles,21,4/8/2020,0.1,Marketing,Series C,106,United States,4/10/2020
Kenoby,"Sao Paulo, Non-U.S.",18,4/8/2020,0.16,Recruiting,Unknown,23,Brazil,4/12/2020
Connected,"Toronto, Non-U.S.",17,4/8/2020,0.1,Product,Unknown,,Canada,4/11/2020
GetNinjas,"Sao Paulo, Non-U.S.",11,4/8/2020,0.1,Consumer,Series B,16,Brazil,4/12/2020
Spyce,Boston,4,4/8/2020,0.12,Food,Series A,26,United States,4/8/2020
Creditas,"Sao Paulo, Non-U.S.",,4/8/2020,0.06,Finance,Series D,314,Brazil,4/12/2020
Lytics,Portland,,4/8/2020,,Marketing,Series C,58,United States,6/2/2020
RedDoorz,"Singapore, Non-U.S.",,4/8/2020,0.1,Travel,Series C,134,Singapore,5/10/2020
Slice Labs,New York City,,4/8/2020,,Finance,Series A,35,United States,4/12/2020
TechAdvance,"Lagos, Non-U.S.",,4/8/2020,,Finance,Unknown,1,Nigeria,5/15/2020
Zola,New York City,,4/8/2020,0.2,Retail,Series D,140,United States,4/8/2020
Toast,Boston,1300,4/7/2020,0.5,Food,Series F,902,United States,4/7/2020
ezCater,Boston,400,4/7/2020,0.44,Food,Series D,319,United States,4/7/2020
Sage Therapeutics,Boston,340,4/7/2020,0.53,Healthcare,Post-IPO,438,United States,4/8/2020
Redfin,Seattle,236,4/7/2020,0.07,Real Estate,Post-IPO,319,United States,4/7/2020
Branch Metrics,SF Bay Area,100,4/7/2020,0.2,Marketing,Series E,367,United States,4/9/2020
Newfront Insurance,SF Bay Area,94,4/7/2020,,Finance,Unknown,,United States,4/8/2020
Ibotta,Denver,87,4/7/2020,0.15,Retail,Series D,85,United States,4/12/2020
Virta Health,SF Bay Area,65,4/7/2020,,Healthcare,Series C,175,United States,4/7/2020
Away,New York City,60,4/7/2020,0.1,Retail,Series D,181,United States,4/7/2020
MediaMath,New York City,53,4/7/2020,0.08,Marketing,Private Equity,607,United States,4/8/2020
Group Nine Media,New York City,50,4/7/2020,0.07,Media,Unknown,190,United States,4/7/2020
Payfactors,Boston,46,4/7/2020,,HR,Unknown,,United States,4/9/2020
Nav,Salt Lake City,30,4/7/2020,,Finance,Series C,99,United States,4/19/2020
AskNicely,Portland,,4/7/2020,,Support,Series A,15,United States,4/9/2020
RainFocus,Salt Lake City,,4/7/2020,,Marketing,Private Equity,41,United States,4/9/2020
Metromile,SF Bay Area,100,4/6/2020,0.33,Finance,Series E,293,United States,4/7/2020
Rock Content,"Belo Horizonte, Non-U.S.",100,4/6/2020,0.2,Marketing,Series A,0.7,Brazil,4/6/2020
BounceX,New York City,77,4/6/2020,0.2,Marketing,Series B,75,United States,4/6/2020
C6 Bank,"Sao Paulo, Non-U.S.",60,4/6/2020,0.06,Finance,Unknown,,Brazil,4/6/2020
Wordstream,Boston,26,4/6/2020,0.1,Marketing,Acquired,28,United States,4/9/2020
Cogito,Boston,24,4/6/2020,0.14,Support,Series C,92,United States,4/6/2020
BusBud,"Montreal, Non-U.S.",23,4/6/2020,0.32,Transportation,Series B,21,Canada,4/28/2020
Borrowell,"Toronto, Non-U.S.",15,4/6/2020,0.2,Finance,Series B,72,Canada,4/6/2020
PerkSpot,Chicago,10,4/6/2020,0.1,HR,Private Equity,50,United States,4/10/2020
Bitfarms,"Quebec, Non-U.S.",,4/6/2020,,Crypto,Post-IPO,25,Canada,4/8/2020
Hopper,Boston,,4/6/2020,,Travel,Series D,183,United States,4/6/2020
Mapbox,Washington D.C.,,4/6/2020,,Data,Series C,227,United States,5/10/2020
Astra,SF Bay Area,40,4/5/2020,0.25,Aerospace,Unknown,100,United States,4/5/2020
Iflix,"Kuala Lumpur, Non-U.S.",50,4/4/2020,0.12,Consumer,Unknown,348,Malaysia,6/11/2020
Gympass,"Sao Paulo, Non-U.S.",467,4/3/2020,0.33,Fitness,Series D,300,Brazil,4/5/2020
Sojern,SF Bay Area,300,4/3/2020,0.5,Marketing,Series D,162,United States,4/3/2020
MaxMilhas,"Belo Horizonte, Non-U.S.",167,4/3/2020,0.42,Travel,Unknown,,Brazil,4/6/2020
Minted,SF Bay Area,147,4/3/2020,0.37,Retail,Series E,297,United States,4/5/2020
Velodyne Lidar,SF Bay Area,140,4/3/2020,,Transportation,Unknown,225,United States,4/5/2020
Zoox,SF Bay Area,120,4/3/2020,,Transportation,Series B,955,United States,4/7/2020
Traveloka,"Jakarta, Non-U.S.",100,4/3/2020,0.1,Travel,Unknown,,Indonesia,4/7/2020
Arrive Logistics,Austin,75,4/3/2020,0.07,Logistics,Series B,35,United States,4/5/2020
Salsify,Boston,60,4/3/2020,0.13,Retail,Series D,97,United States,4/4/2020
Jetty,New York City,35,4/3/2020,0.4,Finance,Series B,40,United States,4/6/2020
D2iQ,SF Bay Area,34,4/3/2020,0.13,Infrastructure,Series D,247,United States,4/22/2020
Bustle Digital Group,New York City,24,4/3/2020,0.08,Media,Series E,80,United States,4/3/2020
Bustle Digital Group,New York City,19,4/3/2020,,Media,Series E,80,United States,9/21/2022
Opencare,"Toronto, Non-U.S.",18,4/3/2020,0.25,Healthcare,Series A,24,Canada,4/4/2020
Anagram,Los Angeles,17,4/3/2020,,Healthcare,Series A,14,United States,4/5/2020
G/O Media Group,New York City,14,4/3/2020,0.05,Media,Unknown,,United States,4/8/2020
DSCO,Salt Lake City,12,4/3/2020,,Retail,Series A,4,United States,4/7/2020
Tripbam,Dallas,10,4/3/2020,0.25,Travel,Unknown,,United States,4/4/2020
Avantage Entertainment,Minneapolis,5,4/3/2020,0.2,Media,Unknown,,United States,4/4/2020
Alegion,Austin,,4/3/2020,,Data,Series A,16,United States,4/9/2020
AllyO,SF Bay Area,,4/3/2020,,HR,Series B,64,United States,4/14/2020
Mews,"Prague, Non-U.S.",,4/3/2020,,Travel,Series B,41,Czech Republic,4/7/2020
PeopleGrove,SF Bay Area,,4/3/2020,,HR,Series A,7,United States,4/7/2020
The Muse,New York City,,4/3/2020,,Recruiting,Series B,28,United States,4/7/2020
The Wing,New York City,,4/3/2020,0.5,Real Estate,Series C,117,United States,4/4/2020
MindBody,San Luis Obispo,700,4/2/2020,0.35,Fitness,Post-IPO,114,United States,4/2/2020
Katerra,SF Bay Area,240,4/2/2020,0.03,Construction,Series D,1200,United States,4/4/2020
Ritual,"Toronto, Non-U.S.",196,4/2/2020,0.54,Food,Series C,112,Canada,4/2/2020
ClassPass,New York City,154,4/2/2020,0.22,Fitness,Series E,549,United States,4/2/2020
eGym,"Munich, Non-U.S.",100,4/2/2020,0.25,Fitness,Series D,109,Germany,4/20/2020
Voi,"Stockholm, Non-U.S.",100,4/2/2020,,Transportation,Series B,167,Sweden,4/2/2020
Industrious,New York City,90,4/2/2020,0.2,Real Estate,Series D,222,United States,4/3/2020
1stdibs,New York City,70,4/2/2020,0.17,Retail,Series D,253,United States,4/8/2020
ThirdLove,SF Bay Area,65,4/2/2020,0.3,Retail,Series B,68,United States,4/2/2020
Latch,New York City,60,4/2/2020,,Security,Series B,152,United States,4/4/2020
The Predictive Index,Boston,59,4/2/2020,0.25,HR,Acquired,65,United States,4/3/2020
Shuttl,"New Delhi, Non-U.S.",40,4/2/2020,,Transportation,Series C,122,India,4/10/2020
Jobcase,Boston,39,4/2/2020,0.2,Recruiting,Private Equity,118,United States,4/2/2020
Copper,SF Bay Area,35,4/2/2020,,Marketing,Series C,102,United States,4/7/2020
Dynamic Signal,SF Bay Area,35,4/2/2020,0.19,HR,Series E,114,United States,4/10/2020
FiscalNote,Washington D.C.,30,4/2/2020,,Media,Series D,50,United States,4/15/2020
Sauce Labs,SF Bay Area,30,4/2/2020,0.15,Infrastructure,Unknown,151,United States,4/14/2020
Humu,SF Bay Area,26,4/2/2020,,HR,Series B,40,United States,4/3/2020
TripleLift,New York City,23,4/2/2020,0.07,Marketing,Series B,16,United States,4/10/2020
Coding Dojo,Seattle,7,4/2/2020,0.07,Education,Unknown,2,United States,4/12/2020
Instamojo,"Bengaluru, Non-U.S.",6,4/2/2020,0.06,Finance,Unknown,8,India,4/12/2020
Synergysuite,Salt Lake City,5,4/2/2020,0.07,Food,Series A,6,United States,4/3/2020
Atlanta Tech Village,Atlanta,,4/2/2020,0.5,Real Estate,Unknown,,United States,4/4/2020
Capillary,"Bengaluru, Non-U.S.",,4/2/2020,,Retail,Private Equity,102,India,4/12/2020
Modsy,SF Bay Area,,4/2/2020,,Retail,Series C,70,United States,4/2/2020
The Modist,"Dubai, Non-U.S.",,4/2/2020,1,Retail,Unknown,,United Arab Emirates,4/5/2020
Wonder,New York City,,4/2/2020,,Other,Unknown,,United States,4/23/2020
Booksy,SF Bay Area,200,4/1/2020,,Consumer,Series B,48,United States,4/7/2020
Flymya,"Yangon, Non-U.S.",200,4/1/2020,0.33,Travel,Unknown,,Myanmar,5/6/2020
PatientPop,Los Angeles,100,4/1/2020,0.2,Healthcare,Series B,75,United States,4/1/2020
Showpad,Chicago,52,4/1/2020,0.12,Marketing,Series D,159,United States,4/1/2020
Highsnobiety,"Berlin, Non-U.S.",51,4/1/2020,0.25,Media,Series A,8.5,Germany,4/8/2020
Earnin,SF Bay Area,50,4/1/2020,0.2,Finance,Series C,190,United States,4/3/2020
Wonolo,SF Bay Area,46,4/1/2020,0.13,Recruiting,Series C,52,United States,3/28/2020
Acko,"Mumbai, Non-U.S.",45,4/1/2020,0.09,Finance,Unknown,143,India,4/8/2020
Moovel,Portland,28,4/1/2020,0.37,Transportation,Unknown,,United States,4/2/2020
Aqua Security,"Tel Aviv, Non-U.S.",24,4/1/2020,0.09,Security,Series C,100,Israel,4/4/2020
Crayon,Boston,20,4/1/2020,0.2,Marketing,Series A,16,United States,4/7/2020
Pana,Denver,18,4/1/2020,,Travel,Series A,11,United States,4/2/2020
Sensibill,"Toronto, Non-U.S.",17,4/1/2020,0.2,Finance,Series B,50,Canada,5/22/2020
Usermind,Seattle,15,4/1/2020,0.25,Marketing,Series C,46,United States,4/2/2020
Incredible Health,SF Bay Area,9,4/1/2020,0.4,Healthcare,Series A,15,United States,4/7/2020
Currency,Los Angeles,,4/1/2020,,Finance,Unknown,,United States,4/5/2020
GOAT Group,Los Angeles,,4/1/2020,,Retail,Series D,197,United States,4/7/2020
Le Tote,SF Bay Area,,4/1/2020,0.5,Retail,Series C,62,United States,4/6/2020
Levelset,New Orleans,,4/1/2020,,Construction,Series C,46,United States,4/9/2020
Pebblepost,New York City,,4/1/2020,0.6,Marketing,Series C,81,United States,4/6/2020
WhyHotel,Washington D.C.,,4/1/2020,0.5,Travel,Series B,33,United States,4/4/2020
KeepTruckin,SF Bay Area,349,3/31/2020,0.18,Logistics,Series D,227,United States,4/1/2020
AdRoll,Salt Lake City,210,3/31/2020,0.3,Marketing,Series C,89,United States,4/1/2020
Rover,Seattle,194,3/31/2020,0.41,Consumer,Series G,310,United States,3/31/2020
Turo,SF Bay Area,108,3/31/2020,0.3,Transportation,Series E,467,United States,4/1/2020
uShip,Austin,65,3/31/2020,0.37,Logistics,Series D,69,United States,4/1/2020
SkySlope,Sacramento,50,3/31/2020,0.25,Real Estate,Acquired,,United States,5/14/2020
Siteimprove,Minneapolis,40,3/31/2020,,Marketing,Unknown,55,United States,4/4/2020
AngelList,SF Bay Area,20,3/31/2020,,Recruiting,Series B,26,United States,4/6/2020
Zenoti,Seattle,17,3/31/2020,0.04,Fitness,Series C,91,United States,3/31/2020
DialSource,Sacramento,5,3/31/2020,0.14,Marketing,Series B,26,United States,4/7/2020
Adara,SF Bay Area,,3/31/2020,,Travel,Series C,67,United States,4/6/2020
Claravine,Salt Lake City,,3/31/2020,,Marketing,Seed,4,United States,4/7/2020
Domio,New York City,,3/31/2020,0.3,Travel,Series B,116,United States,4/7/2020
Kazoo,Austin,,3/31/2020,0.35,HR,Series A,8,United States,4/1/2020
Snap Finance,Salt Lake City,,3/31/2020,,Finance,Unknown,,United States,4/1/2020
Zerto,Boston,,3/31/2020,,Infrastructure,Series E,130,United States,4/1/2020
Thumbtack,SF Bay Area,250,3/30/2020,0.3,Consumer,Series F,423,United States,3/30/2020
RigUp,Austin,120,3/30/2020,0.25,Energy,Series D,423,United States,3/31/2020
FabHotels,"New Delhi, Non-U.S.",80,3/30/2020,0.2,Travel,Series B,48,India,4/10/2020
Hibob,"Tel Aviv, Non-U.S.",70,3/30/2020,0.3,HR,Series A,45,Israel,3/31/2020
PeerStreet,Los Angeles,51,3/30/2020,0.3,Finance,Series C,110,United States,3/31/2020
Maven,Seattle,31,3/30/2020,0.09,Media,Post-IPO,77,United States,4/8/2020
Blume Global,SF Bay Area,30,3/30/2020,0.1,Logistics,Unknown,,United States,4/1/2020
Catalant,Boston,30,3/30/2020,,Other,Series E,110,United States,3/31/2020
Starship Technologies,"Tallinn, Non-U.S.",30,3/30/2020,,Transportation,Series A,82,Estonia,4/8/2020
Loftsmart,New York City,25,3/30/2020,0.75,Real Estate,Series A,18,United States,4/6/2020
Caliva,SF Bay Area,20,3/30/2020,,Retail,Series A,75,United States,5/29/2020
Iris Nova,New York City,9,3/30/2020,0.5,Food,Seed,15,United States,4/1/2020
Cuyana,SF Bay Area,,3/30/2020,,Retail,Series C,31,United States,4/10/2020
ZipRecruiter,Los Angeles,400,3/29/2020,0.39,Recruiting,Series B,219,United States,3/29/2020
Amplero,Seattle,17,3/29/2020,1,Marketing,Series B,25,United States,4/1/2020
Polarr,SF Bay Area,10,3/29/2020,,Consumer,Series A,13,United States,4/8/2020
TravelTriangle,"Gurugram, Non-U.S.",250,3/28/2020,0.5,Travel,Series D,47,India,4/1/2020
WeWork,New York City,250,3/28/2020,,Real Estate,Series H,2250,United States,3/29/2020
Rent the Runway,New York City,,3/28/2020,,Retail,Series F,541,United States,3/29/2020
OneWeb,"London, Non-U.S.",451,3/27/2020,0.85,Aerospace,Unknown,3000,United Kingdom,3/28/2020
Bird,Los Angeles,406,3/27/2020,0.3,Transportation,Series D,623,United States,3/28/2020
HOOQ,"Singapore, Non-U.S.",250,3/27/2020,1,Consumer,Unknown,95,Singapore,4/18/2020
Everlane,SF Bay Area,227,3/27/2020,,Retail,Unknown,18,United States,3/29/2020
DataRobot,Boston,200,3/27/2020,,Data,Series E,430,United States,3/28/2020
Restaurant365,Los Angeles,175,3/27/2020,,Food,Series C,127,United States,3/28/2020
Blueground,New York City,130,3/27/2020,0.25,Real Estate,Series B,77,United States,3/30/2020
Knotel,New York City,127,3/27/2020,0.3,Real Estate,Series C,560,United States,3/28/2020
Getaround,SF Bay Area,100,3/27/2020,0.25,Transportation,Series D,403,United States,3/29/2020
Zipcar,Boston,100,3/27/2020,0.2,Transportation,Acquired,107,United States,3/28/2020
Mogo,"Vancouver, Non-U.S.",78,3/27/2020,0.3,Finance,Post-IPO,201,Canada,4/3/2020
DISCO,Austin,75,3/27/2020,,Legal,Series E,133,United States,3/28/2020
Raken,San Diego,60,3/27/2020,,Construction,Series A,12,United States,4/5/2020
Bench,"Vancouver, Non-U.S.",47,3/27/2020,0.1,Finance,Series B,49,Canada,6/23/2020
Loft,"Sao Paulo, Non-U.S.",47,3/27/2020,,Real Estate,Series C,263,Brazil,4/8/2020
Oh My Green,SF Bay Area,40,3/27/2020,,Food,Seed,20,United States,3/29/2020
Bevi,Boston,30,3/27/2020,0.2,Food,Series C,60,United States,3/28/2020
Textio,Seattle,30,3/27/2020,0.2,Recruiting,Unknown,41,United States,3/28/2020
Opal,Portland,20,3/27/2020,,Marketing,Series B,25,United States,3/28/2020
ThirdLove,New York City,10,3/27/2020,,Retail,Series B,68,United States,4/2/2020
Bcredi,"Curitiba, Non-U.S.",,3/27/2020,,Finance,Series A,,Brazil,4/25/2020
Make School,SF Bay Area,,3/27/2020,,Education,Unknown,,United States,4/16/2020
Pivot3,Austin,,3/27/2020,,Infrastructure,Series H,273,United States,3/28/2020
B8ta,SF Bay Area,250,3/26/2020,0.5,Retail,Series C,88,United States,3/29/2020
Fareportal,"Gurugram, Non-U.S.",200,3/26/2020,,Travel,Unknown,,India,3/30/2020
Puppet,Portland,50,3/26/2020,0.1,Infrastructure,Series F,149,United States,3/28/2020
Ecobee,"Toronto, Non-U.S.",47,3/26/2020,0.1,Energy,Series C,149,Canada,3/28/2020
Passport,Charlotte,44,3/26/2020,,Transportation,Series D,123,United States,3/28/2020
Peerspace,SF Bay Area,41,3/26/2020,0.75,Real Estate,Series B,34,United States,3/31/2020
GoSpotCheck,Denver,23,3/26/2020,0.2,Retail,Series B,47,United States,3/28/2020
Consider.co,SF Bay Area,13,3/26/2020,1,Other,Seed,5,United States,3/28/2020
Nativo,Los Angeles,,3/26/2020,0.4,Marketing,Series B,35,United States,4/3/2020
TripActions,SF Bay Area,300,3/25/2020,0.25,Travel,Series D,981,United States,3/28/2020
Lyric,SF Bay Area,100,3/25/2020,,Real Estate,Series B,179.1,United States,7/4/2020
Rangle,"Toronto, Non-U.S.",78,3/25/2020,0.3,Product,Unknown,,Canada,3/28/2020
O'Reilly Media,SF Bay Area,75,3/25/2020,0.15,Media,Unknown,,United States,3/30/2020
WanderJaunt,SF Bay Area,56,3/25/2020,0.23,Travel,Series B,26,United States,4/1/2020
OutboundEngine,Austin,52,3/25/2020,0.28,Marketing,Series C,48,United States,3/28/2020
Wonderschool,SF Bay Area,50,3/25/2020,0.75,Education,Series A,24,United States,3/28/2020
Overtime,New York City,30,3/25/2020,0.23,Media,Series B,35,United States,4/2/2020
Jama,Portland,12,3/25/2020,0.05,Product,Unknown,233,United States,3/28/2020
Element Analytics,SF Bay Area,10,3/25/2020,,Data,Series A,22,United States,4/18/2020
Clever Real Estate,St. Louis,,3/25/2020,,Real Estate,Series A,5,United States,4/8/2020
Clutter,Los Angeles,,3/25/2020,0.3,Consumer,Series D,296,United States,3/30/2020
Divvy Homes,SF Bay Area,,3/25/2020,0.08,Real Estate,Series B,180,United States,3/30/2020
Universal Standard,New York City,,3/25/2020,,Retail,Series A,8,United States,4/1/2020
Sonder,SF Bay Area,400,3/24/2020,0.33,Travel,Series D,359,United States,3/28/2020
Takl,Nashville,130,3/24/2020,,Consumer,Unknown,,United States,4/2/2020
Foodsby,Minneapolis,87,3/24/2020,0.67,Food,Series B,20,United States,3/28/2020
Zeus Living,SF Bay Area,80,3/24/2020,0.3,Real Estate,Series B,79,United States,3/28/2020
TravelBank,SF Bay Area,20,3/24/2020,,Travel,Series B,35,United States,4/1/2020
Flowr,"Toronto, Non-U.S.",,3/24/2020,0.25,Retail,Unknown,,Canada,3/28/2020
Peerfit,Tampa Bay,,3/24/2020,0.4,HR,Unknown,47,United States,3/30/2020
SpotHero,Chicago,,3/24/2020,,Transportation,Series D,117,United States,3/28/2020
Compass,New York City,375,3/23/2020,0.15,Real Estate,Series G,1600,United States,3/28/2020
Convene,New York City,150,3/23/2020,0.18,Real Estate,Series D,280,United States,3/28/2020
Leafly,Seattle,91,3/23/2020,0.5,Retail,Acquired,2,United States,3/28/2020
The Guild,Austin,38,3/23/2020,0.22,Travel,Series B,36,United States,3/28/2020
Drip,Salt Lake City,20,3/23/2020,,Marketing,Acquired,,United States,4/1/2020
GrayMeta,Los Angeles,20,3/23/2020,0.4,Data,Unknown,7,United States,4/1/2020
Triplebyte,SF Bay Area,15,3/23/2020,0.17,Recruiting,Series B,48,United States,3/28/2020
Ladder Life,SF Bay Area,13,3/23/2020,0.25,Finance,Series C,94,United States,4/7/2020
Cabin,SF Bay Area,,3/23/2020,0.2,Travel,Seed,3,United States,3/28/2020
Eight Sleep,New York City,,3/23/2020,0.2,Retail,Series C,70,United States,3/28/2020
Zwift,Los Angeles,,3/23/2020,,Fitness,Series B,164,United States,4/2/2020
Flywheel Sports,New York City,784,3/20/2020,0.98,Fitness,Acquired,120,United States,4/9/2020
Peek,Salt Lake City,45,3/20/2020,,Travel,Series B,39,United States,4/3/2020
CTO.ai,"Vancouver, Non-U.S.",30,3/20/2020,0.5,Infrastructure,Seed,7,Canada,4/2/2020
Yonder,Austin,18,3/20/2020,,Media,Series A,16,United States,3/28/2020
Service,Los Angeles,,3/20/2020,1,Travel,Seed,5,United States,4/1/2020
Vacasa,Portland,,3/20/2020,,Travel,Series C,526,United States,3/28/2020
Bounce,"Bengaluru, Non-U.S.",120,3/19/2020,,Transportation,Series D,214,India,3/28/2020
Ejento,SF Bay Area,84,3/19/2020,1,Recruiting,Unknown,,United States,3/28/2020
Remote Year,Chicago,50,3/19/2020,0.5,Travel,Series B,17,United States,3/28/2020
Lola,Boston,34,3/19/2020,,Travel,Series C,81,United States,3/28/2020
Anyvision,"Tel Aviv, Non-U.S.",,3/19/2020,,Security,Series A,74,Israel,3/30/2020
Popin,New York City,,3/19/2020,1,Fitness,Unknown,13,United States,4/6/2020
Tuft & Needle,Phoenix,,3/19/2020,,Retail,Acquired,,United States,4/5/2020
Flytedesk,Boulder,4,3/18/2020,0.2,Marketing,Seed,4,United States,4/1/2020
Inspirato,Denver,130,3/16/2020,0.22,Travel,Series C,79,United States,3/31/2020
Help.com,Austin,16,3/16/2020,1,Support,Seed,6,United States,4/16/2020
Service,Los Angeles,,3/16/2020,1,Travel,Seed,5.1,United States,8/31/2020
HopSkipDrive,Los Angeles,8,3/13/2020,0.1,Transportation,Unknown,45,United States,4/3/2020
Panda Squad,SF Bay Area,6,3/13/2020,0.75,Consumer,Seed,1,United States,4/17/2020
Tamara Mellon,Los Angeles,20,3/12/2020,0.4,Retail,Series C,90,United States,3/31/2020
EasyPost,Salt Lake City,75,3/11/2020,,Logistics,Series A,12,United States,3/31/2020
